;Bestell-ID;Bestellung;Status;Tisch;Artikel;Artikelfarbe;Kategorie;Preis;Ust-Satz;Ust-Schlüssel;Kommentar;Bestellzeitpunkt;Benutzer;Bezahlt;Bezahlter Betrag;Zahlungsmethode;Zahlungsreferenz;Zubereitungsdauer in Sekunden
0;97;29;ORDER: CANCELED - Bestellung STORNO;B5;Bier 0,5;#fbc02d;Alk;4,5;0;NULL;;2026-05-09 18:03:09;Kellner 11;FALSCH;0;;;
1;100;30;ORDER: CREATED - Bestellung erfasst;A1;Schnitzelsemmerl;#f57f17;Essen;4,5;0;NULL;;2026-05-09 18:12:30;Abholstation;WAHR;4,5;cash;;183
2;101;30;ORDER: CREATED - Bestellung erfasst;A1;Almdudler 0,33;#fbc02d;Anti;3;0;NULL;;2026-05-09 18:12:30;Abholstation;WAHR;3;cash;;
3;99;30;ORDER: CREATED - Bestellung erfasst;A1;Grillwürstel mit Pommes;#8bc34a;Essen;8;0;NULL;;2026-05-09 18:12:30;Abholstation;WAHR;8;cash;;156
4;102;30;ORDER: CREATED - Bestellung erfasst;A1;Limo Orange 0,33;#ffc107;Anti;3;0;NULL;;2026-05-09 18:12:30;Abholstation;WAHR;3;cash;;
5;98;30;ORDER: CREATED - Bestellung erfasst;A1;Schnitzel mit Pommes;#827717;Essen;11,5;0;NULL;;2026-05-09 18:12:30;Abholstation;WAHR;11,5;cash;;228
6;104;31;ORDER: CREATED - Bestellung erfasst;U10;Gemüselaibchen mit Salat;#ffeb3b;Essen;9;0;NULL;;2026-05-09 18:13:18;Kellner 5;WAHR;9;cash;;46
7;103;31;ORDER: CREATED - Bestellung erfasst;U10;Grillwürstel mit Pommes;#8bc34a;Essen;8;0;NULL;;2026-05-09 18:13:18;Kellner 5;WAHR;8;cash;;254
8;105;32;ORDER: CREATED - Bestellung erfasst;U7;Bier 0,5;#fbc02d;Alk;4,5;0;NULL;;2026-05-09 18:16:58;Kellner 5;WAHR;4,5;cash;;
9;107;33;ORDER: CREATED - Bestellung erfasst;D10;Pommes;#ffc000;Essen;3,5;0;NULL;;2026-05-09 18:17:34;Kellner 6;WAHR;3,5;cash;;45
10;108;33;ORDER: CREATED - Bestellung erfasst;D10;Limo Orange 0,33;#ffc107;Anti;3;0;NULL;;2026-05-09 18:17:34;Kellner 6;WAHR;3;cash;;
11;106;33;ORDER: CREATED - Bestellung erfasst;D10;Pommes;#ffc000;Essen;3,5;0;NULL;;2026-05-09 18:17:34;Kellner 6;WAHR;3,5;cash;;45
12;110;34;ORDER: CREATED - Bestellung erfasst;C5;Sommer spritzer 0,5;#fff176;Alk;4,5;0;NULL;;2026-05-09 18:18:24;Kellner 12;WAHR;4,5;cash;;
13;109;34;ORDER: CREATED - Bestellung erfasst;C5;Sommer spritzer 0,5;#fff176;Alk;4,5;0;NULL;;2026-05-09 18:18:24;Kellner 12;WAHR;4,5;cash;;
14;112;35;ORDER: CREATED - Bestellung erfasst;U9;Limo Orange 0,33;#ffc107;Anti;3;0;NULL;;2026-05-09 18:20:20;Kellner 10;WAHR;3;cash;;
15;113;35;ORDER: CREATED - Bestellung erfasst;U9;Limo Zitrone 0,33;#ffeb3b;Anti;3;0;NULL;;2026-05-09 18:20:20;Kellner 10;WAHR;3;cash;;
16;114;35;ORDER: CREATED - Bestellung erfasst;U9;Almdudler 0,33;#fbc02d;Anti;3;0;NULL;;2026-05-09 18:20:20;Kellner 10;WAHR;3;cash;;
17;111;35;ORDER: CREATED - Bestellung erfasst;U9;Grillwürstel mit Pommes;#8bc34a;Essen;8;0;NULL;;2026-05-09 18:20:20;Kellner 10;WAHR;8;cash;;38
18;115;36;ORDER: CREATED - Bestellung erfasst;B9;Limo Orange 0,33;#ffc107;Anti;3;0;NULL;;2026-05-09 18:22:41;Kellner 9;WAHR;3;cash;;
19;116;37;ORDER: CREATED - Bestellung erfasst;U11;Bier 0,5;#fbc02d;Alk;4,5;0;NULL;;2026-05-09 18:23:11;Kellner 5;WAHR;4,5;cash;;
20;118;38;ORDER: CREATED - Bestellung erfasst;B9;Bier 0,5;#fbc02d;Alk;4,5;0;NULL;;2026-05-09 18:23:32;Kellner 9;WAHR;4,5;cash;;
21;119;38;ORDER: CREATED - Bestellung erfasst;B9;Bier 0,5;#fbc02d;Alk;4,5;0;NULL;;2026-05-09 18:23:32;Kellner 9;WAHR;4,5;cash;;
22;117;38;ORDER: CREATED - Bestellung erfasst;B9;Bier 0,5;#fbc02d;Alk;4,5;0;NULL;;2026-05-09 18:23:32;Kellner 9;WAHR;4,5;cash;;
23;121;39;ORDER: CREATED - Bestellung erfasst;U3;Limo Zitrone 0,33;#ffeb3b;Anti;3;0;NULL;;2026-05-09 18:26:37;Kellner 7;WAHR;3;cash;;
24;120;39;ORDER: CREATED - Bestellung erfasst;U3;Cola 0,33;#004d40;Anti;3;0;NULL;;2026-05-09 18:26:37;Kellner 7;WAHR;3;cash;;
25;122;40;ORDER: CREATED - Bestellung erfasst;U3;Schnitzel mit Pommes;#827717;Essen;11,5;0;NULL;;2026-05-09 18:27:36;Kellner 7;WAHR;11,5;cash;;28
26;123;40;ORDER: CREATED - Bestellung erfasst;U3;Grillwürstel mit Pommes;#8bc34a;Essen;8;0;NULL;;2026-05-09 18:27:36;Kellner 7;WAHR;8;cash;;28
27;125;41;ORDER: CREATED - Bestellung erfasst;B9;Bier 0,5;#fbc02d;Alk;4,5;0;NULL;;2026-05-09 18:46:08;Kellner 4;WAHR;4,5;cash;;
28;124;41;ORDER: CREATED - Bestellung erfasst;B9;Bier 0,5;#fbc02d;Alk;4,5;0;NULL;;2026-05-09 18:46:08;Kellner 4;WAHR;4,5;cash;;
29;127;42;ORDER: CREATED - Bestellung erfasst;U5;Almdudler 0,33;#fbc02d;Anti;3;0;NULL;;2026-05-09 18:48:11;Kellner 7;WAHR;3;cash;;
30;128;42;ORDER: CREATED - Bestellung erfasst;U5;Pommes;#ffc000;Essen;3,5;0;NULL;;2026-05-09 18:48:11;Kellner 7;WAHR;3,5;cash;;65
31;129;42;ORDER: CREATED - Bestellung erfasst;U5;Gemüselaibchen mit Salat;#ffeb3b;Essen;9;0;NULL;;2026-05-09 18:48:11;Kellner 7;WAHR;9;cash;;33
32;126;42;ORDER: CREATED - Bestellung erfasst;U5;Schnitzel mit Pommes;#827717;Essen;11,5;0;NULL;;2026-05-09 18:48:11;Kellner 7;WAHR;11,5;cash;;65
33;131;43;ORDER: CREATED - Bestellung erfasst;U1;Bier 0,5;#fbc02d;Alk;4,5;0;NULL;;2026-05-09 18:49:26;Kellner 12;WAHR;4,5;cash;;
34;132;43;ORDER: CREATED - Bestellung erfasst;U1;Backhendl Salat;#4fc3f7;Essen;9;0;NULL;;2026-05-09 18:49:26;Kellner 12;WAHR;9;cash;;29
35;133;43;ORDER: CREATED - Bestellung erfasst;U1;Soda zitron 0,5;#4fc3f7;Anti;3;0;NULL;;2026-05-09 18:49:26;Kellner 12;WAHR;3;cash;;
36;130;43;ORDER: CREATED - Bestellung erfasst;U1;Schnitzel mit Pommes;#827717;Essen;11,5;0;NULL;;2026-05-09 18:49:26;Kellner 12;WAHR;11,5;cash;;29
37;134;44;ORDER: CREATED - Bestellung erfasst;U3;Sommer spritzer 0,5;#fff176;Alk;4,5;0;NULL;;2026-05-09 18:49:28;Kellner 5;WAHR;4,5;cash;;
38;136;45;ORDER: CREATED - Bestellung erfasst;B10;Bier 0,5;#fbc02d;Alk;4,5;0;NULL;;2026-05-09 18:50:39;Kellner 5;WAHR;4,5;cash;;
39;137;45;ORDER: CREATED - Bestellung erfasst;B10;Bier 0,5;#fbc02d;Alk;4,5;0;NULL;;2026-05-09 18:50:39;Kellner 5;WAHR;4,5;cash;;
40;135;45;ORDER: CREATED - Bestellung erfasst;B10;Bier 0,5;#fbc02d;Alk;4,5;0;NULL;;2026-05-09 18:50:39;Kellner 5;WAHR;4,5;cash;;
41;139;46;ORDER: CREATED - Bestellung erfasst;B10;Backhendl Salat;#4fc3f7;Essen;9;0;NULL;;2026-05-09 18:51:58;Kellner 12;WAHR;9;cash;;33
42;138;46;ORDER: CREATED - Bestellung erfasst;B10;Bier 0,5;#fbc02d;Alk;4,5;0;NULL;;2026-05-09 18:51:58;Kellner 12;WAHR;4,5;cash;;
43;141;47;ORDER: CREATED - Bestellung erfasst;U2;Sommer spritzer 0,5;#fff176;Alk;4,5;0;NULL;;2026-05-09 18:55:29;Kellner 7;WAHR;4,5;cash;;
44;142;47;ORDER: CREATED - Bestellung erfasst;U2;Bier 0,5;#fbc02d;Alk;4,5;0;NULL;;2026-05-09 18:55:29;Kellner 7;WAHR;4,5;cash;;
45;140;47;ORDER: CREATED - Bestellung erfasst;U2;Sommer spritzer 0,5;#fff176;Alk;4,5;0;NULL;;2026-05-09 18:55:29;Kellner 7;WAHR;4,5;cash;;
46;144;48;ORDER: CREATED - Bestellung erfasst;U2;Pommes;#ffc000;Essen;3,5;0;NULL;;2026-05-09 18:56:18;Kellner 7;WAHR;3,5;cash;;64
47;143;48;ORDER: CREATED - Bestellung erfasst;U2;Hendl mit Pommes;#0070c0;Essen;12,5;0;NULL;;2026-05-09 18:56:18;Kellner 7;WAHR;12,5;cash;;590
48;146;49;ORDER: CREATED - Bestellung erfasst;U10;Bier 0,5;#fbc02d;Alk;4,5;0;NULL;;2026-05-09 18:56:45;Kellner 8;WAHR;4,5;cash;;
49;145;49;ORDER: CREATED - Bestellung erfasst;U10;Bier 0,5;#fbc02d;Alk;4,5;0;NULL;;2026-05-09 18:56:45;Kellner 8;WAHR;4,5;cash;;
50;147;50;ORDER: CREATED - Bestellung erfasst;B7;Hendl mit Pommes;#0070c0;Essen;12,5;0;NULL;;2026-05-09 18:59:56;Kellner 12;WAHR;12,5;cash;;372
51;148;51;ORDER: CREATED - Bestellung erfasst;U10;Soda zitron 0,5;#4fc3f7;Anti;3;0;NULL;;2026-05-09 18:59:56;Kellner 7;WAHR;3;cash;;
52;151;52;ORDER: CREATED - Bestellung erfasst;B7;Gemüselaibchen mit Salat;#ffeb3b;Essen;9;0;NULL;;2026-05-09 19:01:54;Kellner 12;WAHR;9;cash;;25
53;152;52;ORDER: CREATED - Bestellung erfasst;B7;Schnitzel mit Pommes;#827717;Essen;11,5;0;NULL;;2026-05-09 19:01:54;Kellner 12;WAHR;11,5;cash;;25
54;149;52;ORDER: CREATED - Bestellung erfasst;B7;Freibier 0.5;#ffeb3b;Alk;4,5;0;NULL;;2026-05-09 19:01:54;Kellner 12;WAHR;4,5;cash;;
55;150;52;ORDER: CREATED - Bestellung erfasst;B7;Radler 0,5;#afb42b;Alk;4,5;0;NULL;;2026-05-09 19:01:54;Kellner 12;WAHR;4,5;cash;;
56;154;53;ORDER: CREATED - Bestellung erfasst;H1;Bier 0,5;#fbc02d;Alk;4,5;0;NULL;;2026-05-09 19:02:50;Kellner 3;WAHR;4,5;voucher;;
57;155;53;ORDER: CREATED - Bestellung erfasst;H1;Bier 0,5;#fbc02d;Alk;4,5;0;NULL;;2026-05-09 19:02:50;Kellner 3;WAHR;4,5;voucher;;
58;156;53;ORDER: CREATED - Bestellung erfasst;H1;Sommer spritzer 0,5;#fff176;Alk;4,5;0;NULL;;2026-05-09 19:02:50;Kellner 3;WAHR;4,5;voucher;;
59;157;53;ORDER: CREATED - Bestellung erfasst;H1;Almdudler 0,33;#fbc02d;Anti;3;0;NULL;;2026-05-09 19:02:50;Kellner 3;WAHR;3;voucher;;
60;153;53;ORDER: CREATED - Bestellung erfasst;H1;Bier 0,5;#fbc02d;Alk;4,5;0;NULL;;2026-05-09 19:02:50;Kellner 3;WAHR;4,5;voucher;;
61;159;54;ORDER: CREATED - Bestellung erfasst;B7;Schnitzelsemmerl;#f57f17;Essen;4,5;0;NULL;;2026-05-09 19:03:05;Kellner 12;WAHR;4,5;cash;;25
62;160;54;ORDER: CREATED - Bestellung erfasst;B7;Pommes;#ffc000;Essen;3,5;0;NULL;;2026-05-09 19:03:05;Kellner 12;WAHR;3,5;cash;;20
63;158;54;ORDER: CREATED - Bestellung erfasst;B7;Hendl mit Pommes;#0070c0;Essen;12,5;0;NULL;;2026-05-09 19:03:05;Kellner 12;WAHR;12,5;cash;;184
64;162;55;ORDER: CREATED - Bestellung erfasst;G4;Bier 0,5;#fbc02d;Alk;4,5;0;NULL;;2026-05-09 19:03:17;Kellner 4;WAHR;4,5;cash;;
65;163;55;ORDER: CREATED - Bestellung erfasst;G4;Sommer spritzer 0,5;#fff176;Alk;4,5;0;NULL;;2026-05-09 19:03:17;Kellner 4;WAHR;4,5;cash;;
66;164;55;ORDER: CREATED - Bestellung erfasst;G4;Sommer spritzer 0,5;#fff176;Alk;4,5;0;NULL;;2026-05-09 19:03:17;Kellner 4;WAHR;4,5;cash;;
67;165;55;ORDER: CREATED - Bestellung erfasst;G4;Sommer spritzer 0,5;#fff176;Alk;4,5;0;NULL;;2026-05-09 19:03:17;Kellner 4;WAHR;4,5;cash;;
68;166;55;ORDER: CREATED - Bestellung erfasst;G4;Bier 0,5;#fbc02d;Alk;4,5;0;NULL;;2026-05-09 19:03:17;Kellner 4;WAHR;4,5;cash;;
69;167;55;ORDER: CREATED - Bestellung erfasst;G4;Sommer spritzer 0,5;#fff176;Alk;4,5;0;NULL;;2026-05-09 19:03:17;Kellner 4;WAHR;4,5;cash;;
70;168;55;ORDER: CREATED - Bestellung erfasst;G4;Bier 0,5;#fbc02d;Alk;4,5;0;NULL;;2026-05-09 19:03:17;Kellner 4;WAHR;4,5;cash;;
71;169;55;ORDER: CREATED - Bestellung erfasst;G4;Radler 0,5;#afb42b;Alk;4,5;0;NULL;;2026-05-09 19:03:17;Kellner 4;WAHR;4,5;cash;;
72;161;55;ORDER: CREATED - Bestellung erfasst;G4;Bier 0,5;#fbc02d;Alk;4,5;0;NULL;;2026-05-09 19:03:17;Kellner 4;WAHR;4,5;cash;;
73;171;56;ORDER: CREATED - Bestellung erfasst;U3;Cola 0,33;#004d40;Anti;3;0;NULL;;2026-05-09 19:03:23;Kellner 8;WAHR;3;cash;;
74;170;56;ORDER: CREATED - Bestellung erfasst;U3;Bier 0,5;#fbc02d;Alk;4,5;0;NULL;;2026-05-09 19:03:23;Kellner 8;WAHR;4,5;cash;;
75;172;56;ORDER: CREATED - Bestellung erfasst;U3;Backhendl Salat;#4fc3f7;Essen;9;0;NULL;;2026-05-09 19:03:23;Kellner 8;WAHR;9;cash;;20
76;173;56;ORDER: CREATED - Bestellung erfasst;U3;Hendl mit Pommes;#0070c0;Essen;12,5;0;NULL;;2026-05-09 19:03:23;Kellner 8;WAHR;12,5;cash;;165
77;175;57;ORDER: CREATED - Bestellung erfasst;I8;Bier 0,5;#fbc02d;Alk;4,5;0;NULL;;2026-05-09 19:03:30;Kellner 6;WAHR;4,5;cash;;
78;174;57;ORDER: CREATED - Bestellung erfasst;I8;Bier 0,5;#fbc02d;Alk;4,5;0;NULL;;2026-05-09 19:03:30;Kellner 6;WAHR;4,5;cash;;
79;177;58;ORDER: CREATED - Bestellung erfasst;D3;Pommes;#ffc000;Essen;3,5;0;NULL;;2026-05-09 19:03:39;Kellner 2;WAHR;3,5;voucher;;19
80;178;58;ORDER: CREATED - Bestellung erfasst;D3;Sommer spritzer 0,5;#fff176;Alk;4,5;0;NULL;;2026-05-09 19:03:39;Kellner 2;WAHR;4,5;voucher;;
81;179;58;ORDER: CREATED - Bestellung erfasst;D3;Soda zitron 0,5;#4fc3f7;Anti;3;0;NULL;;2026-05-09 19:03:39;Kellner 2;WAHR;3;voucher;;
82;180;58;ORDER: CREATED - Bestellung erfasst;D3;Sommer spritzer 0,5;#fff176;Alk;4,5;0;NULL;;2026-05-09 19:03:39;Kellner 2;WAHR;4,5;voucher;;
83;181;58;ORDER: CREATED - Bestellung erfasst;D3;Radler 0,5;#afb42b;Alk;4,5;0;NULL;;2026-05-09 19:03:39;Kellner 2;WAHR;4,5;voucher;;
84;182;58;ORDER: CREATED - Bestellung erfasst;D3;Sommer spritzer 0,5;#fff176;Alk;4,5;0;NULL;;2026-05-09 19:03:39;Kellner 2;WAHR;4,5;voucher;;
85;176;58;ORDER: CREATED - Bestellung erfasst;D3;Sommer spritzer 0,5;#fff176;Alk;4,5;0;NULL;;2026-05-09 19:03:39;Kellner 2;WAHR;4,5;voucher;;
86;183;59;ORDER: CREATED - Bestellung erfasst;D4;Soda zitron 0,5;#4fc3f7;Anti;3;0;NULL;;2026-05-09 19:03:40;Kellner 1;WAHR;3;voucher;;
87;185;59;ORDER: CREATED - Bestellung erfasst;D4;Bier 0,5;#fbc02d;Alk;4,5;0;NULL;;2026-05-09 19:03:40;Kellner 1;WAHR;4,5;voucher;;
88;186;59;ORDER: CREATED - Bestellung erfasst;D4;Bier 0,5;#fbc02d;Alk;4,5;0;NULL;;2026-05-09 19:03:40;Kellner 1;WAHR;4,5;voucher;;
89;187;59;ORDER: CREATED - Bestellung erfasst;D4;Bier 0,5;#fbc02d;Alk;4,5;0;NULL;;2026-05-09 19:03:40;Kellner 1;WAHR;4,5;voucher;;
90;188;59;ORDER: CREATED - Bestellung erfasst;D4;Bier 0,5;#fbc02d;Alk;4,5;0;NULL;;2026-05-09 19:03:40;Kellner 1;WAHR;4,5;voucher;;
91;189;59;ORDER: CREATED - Bestellung erfasst;D4;Sommer spritzer 0,5;#fff176;Alk;4,5;0;NULL;;2026-05-09 19:03:40;Kellner 1;WAHR;4,5;voucher;;
92;184;59;ORDER: CREATED - Bestellung erfasst;D4;Soda zitron 0,5;#4fc3f7;Anti;3;0;NULL;;2026-05-09 19:03:40;Kellner 1;WAHR;3;voucher;;
93;191;60;ORDER: CREATED - Bestellung erfasst;H2;Sommer spritzer 0,5;#fff176;Alk;4,5;0;NULL;;2026-05-09 19:03:43;Kellner 3;WAHR;4,5;voucher;;
94;192;60;ORDER: CREATED - Bestellung erfasst;H2;Soda zitron 0,5;#4fc3f7;Anti;3;0;NULL;;2026-05-09 19:03:43;Kellner 3;WAHR;3;voucher;;
95;190;60;ORDER: CREATED - Bestellung erfasst;H2;Sommer spritzer 0,5;#fff176;Alk;4,5;0;NULL;;2026-05-09 19:03:43;Kellner 3;WAHR;4,5;voucher;;
96;193;61;ORDER: CREATED - Bestellung erfasst;H2;Soda zitron 0,5;#4fc3f7;Anti;3;0;NULL;;2026-05-09 19:03:57;Kellner 3;WAHR;3;cash;;
97;197;62;ORDER: CREATED - Bestellung erfasst;E8;Bier 0,5;#fbc02d;Alk;4,5;0;NULL;;2026-05-09 19:03:58;Kellner 11;WAHR;4,5;voucher;;
98;194;62;ORDER: CREATED - Bestellung erfasst;E8;Sommer spritzer 0,5;#fff176;Alk;4,5;0;NULL;;2026-05-09 19:03:58;Kellner 11;WAHR;4,5;voucher;;
99;195;62;ORDER: CREATED - Bestellung erfasst;E8;Bier 0,5;#fbc02d;Alk;4,5;0;NULL;;2026-05-09 19:03:58;Kellner 11;WAHR;4,5;voucher;;
100;196;62;ORDER: CREATED - Bestellung erfasst;E8;Bier 0,5;#fbc02d;Alk;4,5;0;NULL;;2026-05-09 19:03:58;Kellner 11;WAHR;4,5;voucher;;
101;198;62;ORDER: CREATED - Bestellung erfasst;E8;Bier 0,5;#fbc02d;Alk;4,5;0;NULL;;2026-05-09 19:03:58;Kellner 11;WAHR;4,5;voucher;;
102;199;62;ORDER: CREATED - Bestellung erfasst;E8;Bier 0,5;#fbc02d;Alk;4,5;0;NULL;;2026-05-09 19:03:58;Kellner 11;WAHR;4,5;voucher;;
103;200;62;ORDER: CREATED - Bestellung erfasst;E8;Bier 0,5;#fbc02d;Alk;4,5;0;NULL;;2026-05-09 19:03:58;Kellner 11;WAHR;4,5;voucher;;
104;201;62;ORDER: CREATED - Bestellung erfasst;E8;Bier 0,5;#fbc02d;Alk;4,5;0;NULL;;2026-05-09 19:03:58;Kellner 11;WAHR;4,5;voucher;;
105;202;62;ORDER: CREATED - Bestellung erfasst;E8;Bier 0,5;#fbc02d;Alk;4,5;0;NULL;;2026-05-09 19:03:58;Kellner 11;WAHR;4,5;voucher;;
106;203;62;ORDER: CREATED - Bestellung erfasst;E8;Cola 0,33;#004d40;Anti;3;0;NULL;;2026-05-09 19:03:58;Kellner 11;WAHR;3;voucher;;
107;204;62;ORDER: CREATED - Bestellung erfasst;E8;Sommer spritzer 0,5;#fff176;Alk;4,5;0;NULL;;2026-05-09 19:03:58;Kellner 11;WAHR;4,5;voucher;;
108;205;63;ORDER: CREATED - Bestellung erfasst;G3;Radler 0,5;#afb42b;Alk;4,5;0;NULL;;2026-05-09 19:04:22;Kellner 4;WAHR;4,5;cash;;
109;206;64;ORDER: CREATED - Bestellung erfasst;C6;Freibier 0.5;#ffeb3b;Alk;4,5;0;NULL;;2026-05-09 19:04:26;Kellner 12;WAHR;4,5;voucher;;
110;207;64;ORDER: CREATED - Bestellung erfasst;C6;Bier 0,5;#fbc02d;Alk;4,5;0;NULL;;2026-05-09 19:04:26;Kellner 12;WAHR;4,5;voucher;;
111;208;64;ORDER: CREATED - Bestellung erfasst;C6;Bier 0,5;#fbc02d;Alk;4,5;0;NULL;;2026-05-09 19:04:26;Kellner 12;WAHR;4,5;voucher;;
112;209;64;ORDER: CREATED - Bestellung erfasst;C6;Bier 0,5;#fbc02d;Alk;4,5;0;NULL;;2026-05-09 19:04:26;Kellner 12;WAHR;4,5;voucher;;
113;210;64;ORDER: CREATED - Bestellung erfasst;C6;Bier 0,5;#fbc02d;Alk;4,5;0;NULL;;2026-05-09 19:04:26;Kellner 12;WAHR;4,5;voucher;;
114;211;64;ORDER: CREATED - Bestellung erfasst;C6;Bier 0,5;#fbc02d;Alk;4,5;0;NULL;;2026-05-09 19:04:26;Kellner 12;WAHR;4,5;voucher;;
115;212;64;ORDER: CREATED - Bestellung erfasst;C6;Bier 0,5;#fbc02d;Alk;4,5;0;NULL;;2026-05-09 19:04:26;Kellner 12;WAHR;4,5;voucher;;
116;213;64;ORDER: CREATED - Bestellung erfasst;C6;Bier 0,5;#fbc02d;Alk;4,5;0;NULL;;2026-05-09 19:04:26;Kellner 12;WAHR;4,5;voucher;;
117;214;64;ORDER: CREATED - Bestellung erfasst;C6;Bier 0,5;#fbc02d;Alk;4,5;0;NULL;;2026-05-09 19:04:26;Kellner 12;WAHR;4,5;voucher;;
118;215;64;ORDER: CREATED - Bestellung erfasst;C6;Sommer spritzer 0,5;#fff176;Alk;4,5;0;NULL;;2026-05-09 19:04:26;Kellner 12;WAHR;4,5;voucher;;
119;216;64;ORDER: CREATED - Bestellung erfasst;C6;Sommer spritzer 0,5;#fff176;Alk;4,5;0;NULL;;2026-05-09 19:04:26;Kellner 12;WAHR;4,5;voucher;;
120;217;64;ORDER: CREATED - Bestellung erfasst;C6;Sommer spritzer 0,5;#fff176;Alk;4,5;0;NULL;;2026-05-09 19:04:26;Kellner 12;WAHR;4,5;voucher;;
121;218;64;ORDER: CREATED - Bestellung erfasst;C6;Sommer spritzer 0,5;#fff176;Alk;4,5;0;NULL;;2026-05-09 19:04:26;Kellner 12;WAHR;4,5;voucher;;
122;219;65;ORDER: CREATED - Bestellung erfasst;H4;Bier 0,5;#fbc02d;Alk;4,5;0;NULL;;2026-05-09 19:04:37;Kellner 5;WAHR;4,5;voucher;;
123;220;65;ORDER: CREATED - Bestellung erfasst;H4;Bier 0,5;#fbc02d;Alk;4,5;0;NULL;;2026-05-09 19:04:37;Kellner 5;WAHR;4,5;voucher;;
124;221;65;ORDER: CREATED - Bestellung erfasst;H4;Bier 0,5;#fbc02d;Alk;4,5;0;NULL;;2026-05-09 19:04:37;Kellner 5;WAHR;4,5;voucher;;
125;222;65;ORDER: CREATED - Bestellung erfasst;H4;Bier 0,5;#fbc02d;Alk;4,5;0;NULL;;2026-05-09 19:04:37;Kellner 5;WAHR;4,5;voucher;;
126;223;65;ORDER: CREATED - Bestellung erfasst;H4;Sommer spritzer 0,5;#fff176;Alk;4,5;0;NULL;;2026-05-09 19:04:37;Kellner 5;WAHR;4,5;voucher;;
127;224;65;ORDER: CREATED - Bestellung erfasst;H4;Sommer spritzer 0,5;#fff176;Alk;4,5;0;NULL;;2026-05-09 19:04:37;Kellner 5;WAHR;4,5;voucher;;
128;225;65;ORDER: CREATED - Bestellung erfasst;H4;Bier 0,5;#fbc02d;Alk;4,5;0;NULL;;2026-05-09 19:04:37;Kellner 5;WAHR;4,5;voucher;;
129;226;65;ORDER: CREATED - Bestellung erfasst;H4;Bier 0,5;#fbc02d;Alk;4,5;0;NULL;;2026-05-09 19:04:37;Kellner 5;WAHR;4,5;voucher;;
130;227;65;ORDER: CREATED - Bestellung erfasst;H4;Bier 0,5;#fbc02d;Alk;4,5;0;NULL;;2026-05-09 19:04:37;Kellner 5;WAHR;4,5;voucher;;
131;228;65;ORDER: CREATED - Bestellung erfasst;H4;Bier 0,5;#fbc02d;Alk;4,5;0;NULL;;2026-05-09 19:04:37;Kellner 5;WAHR;4,5;voucher;;
132;229;66;ORDER: CREATED - Bestellung erfasst;I2;Bier 0,5;#fbc02d;Alk;4,5;0;NULL;;2026-05-09 19:04:46;Kellner 3;WAHR;4,5;voucher;;
133;230;66;ORDER: CREATED - Bestellung erfasst;I2;Sommer spritzer 0,5;#fff176;Alk;4,5;0;NULL;;2026-05-09 19:04:46;Kellner 3;WAHR;4,5;voucher;;
134;231;66;ORDER: CREATED - Bestellung erfasst;I2;Sommer spritzer 0,5;#fff176;Alk;4,5;0;NULL;;2026-05-09 19:04:46;Kellner 3;WAHR;4,5;voucher;;
135;232;66;ORDER: CREATED - Bestellung erfasst;I2;Sommer spritzer 0,5;#fff176;Alk;4,5;0;NULL;;2026-05-09 19:04:46;Kellner 3;WAHR;4,5;voucher;;
136;233;66;ORDER: CREATED - Bestellung erfasst;I2;Bier 0,5;#fbc02d;Alk;4,5;0;NULL;;2026-05-09 19:04:46;Kellner 3;WAHR;4,5;voucher;;
137;234;66;ORDER: CREATED - Bestellung erfasst;I2;Sommer spritzer 0,5;#fff176;Alk;4,5;0;NULL;;2026-05-09 19:04:46;Kellner 3;WAHR;4,5;voucher;;
138;235;67;ORDER: CREATED - Bestellung erfasst;H3;Sommer spritzer 0,5;#fff176;Alk;4,5;0;NULL;;2026-05-09 19:04:53;Kellner 4;WAHR;4,5;cash;;
139;236;67;ORDER: CREATED - Bestellung erfasst;H3;Sommer spritzer 0,5;#fff176;Alk;4,5;0;NULL;;2026-05-09 19:04:53;Kellner 4;WAHR;4,5;cash;;
140;237;67;ORDER: CREATED - Bestellung erfasst;H3;Sommer spritzer 0,5;#fff176;Alk;4,5;0;NULL;;2026-05-09 19:04:53;Kellner 4;WAHR;4,5;cash;;
141;238;67;ORDER: CREATED - Bestellung erfasst;H3;Bier 0,5;#fbc02d;Alk;4,5;0;NULL;;2026-05-09 19:04:53;Kellner 4;WAHR;4,5;cash;;
142;239;67;ORDER: CREATED - Bestellung erfasst;H3;Sommer spritzer 0,5;#fff176;Alk;4,5;0;NULL;;2026-05-09 19:04:53;Kellner 4;WAHR;4,5;cash;;
143;240;68;ORDER: CREATED - Bestellung erfasst;F9;Bier 0,5;#fbc02d;Alk;4,5;0;NULL;;2026-05-09 19:05:25;Kellner 6;WAHR;4,5;voucher;;
144;241;68;ORDER: CREATED - Bestellung erfasst;F9;Bier 0,5;#fbc02d;Alk;4,5;0;NULL;;2026-05-09 19:05:25;Kellner 6;WAHR;4,5;voucher;;
145;242;68;ORDER: CREATED - Bestellung erfasst;F9;Bier 0,5;#fbc02d;Alk;4,5;0;NULL;;2026-05-09 19:05:25;Kellner 6;WAHR;4,5;voucher;;
146;243;68;ORDER: CREATED - Bestellung erfasst;F9;Radler 0,5;#afb42b;Alk;4,5;0;NULL;;2026-05-09 19:05:25;Kellner 6;WAHR;4,5;voucher;;
147;244;68;ORDER: CREATED - Bestellung erfasst;F9;Bier 0,5;#fbc02d;Alk;4,5;0;NULL;;2026-05-09 19:05:25;Kellner 6;WAHR;4,5;voucher;;
148;245;68;ORDER: CREATED - Bestellung erfasst;F9;Bier 0,5;#fbc02d;Alk;4,5;0;NULL;;2026-05-09 19:05:25;Kellner 6;WAHR;4,5;voucher;;
149;246;69;ORDER: CREATED - Bestellung erfasst;U7;Bier 0,5;#fbc02d;Alk;4,5;0;NULL;;2026-05-09 19:05:27;Kellner 8;WAHR;4,5;cash;;
150;247;69;ORDER: CREATED - Bestellung erfasst;U7;Bier 0,5;#fbc02d;Alk;4,5;0;NULL;;2026-05-09 19:05:27;Kellner 8;WAHR;4,5;cash;;
151;248;69;ORDER: CREATED - Bestellung erfasst;U7;Hendl mit Pommes;#0070c0;Essen;12,5;0;NULL;;2026-05-09 19:05:27;Kellner 8;WAHR;12,5;cash;;42
152;249;69;ORDER: CREATED - Bestellung erfasst;U7;Backhendl Salat;#4fc3f7;Essen;9;0;NULL;;2026-05-09 19:05:27;Kellner 8;WAHR;9;cash;;12
153;250;70;ORDER: CREATED - Bestellung erfasst;C3;Bier 0,5;#fbc02d;Alk;4,5;0;NULL;;2026-05-09 19:05:36;Kellner 2;WAHR;4,5;voucher;;
154;251;70;ORDER: CREATED - Bestellung erfasst;C3;Bier 0,5;#fbc02d;Alk;4,5;0;NULL;;2026-05-09 19:05:36;Kellner 2;WAHR;4,5;voucher;;
155;252;70;ORDER: CREATED - Bestellung erfasst;C3;Bier 0,5;#fbc02d;Alk;4,5;0;NULL;;2026-05-09 19:05:36;Kellner 2;WAHR;4,5;voucher;;
156;253;70;ORDER: CREATED - Bestellung erfasst;C3;Bier 0,5;#fbc02d;Alk;4,5;0;NULL;;2026-05-09 19:05:36;Kellner 2;WAHR;4,5;voucher;;
157;254;70;ORDER: CREATED - Bestellung erfasst;C3;Bier 0,5;#fbc02d;Alk;4,5;0;NULL;;2026-05-09 19:05:36;Kellner 2;WAHR;4,5;voucher;;
158;255;71;ORDER: CREATED - Bestellung erfasst;E7;Hendl mit Pommes;#0070c0;Essen;12,5;0;NULL;;2026-05-09 19:05:39;Kellner 11;WAHR;12,5;voucher;;30
159;256;71;ORDER: CREATED - Bestellung erfasst;E7;Hendl mit Pommes;#0070c0;Essen;12,5;0;NULL;;2026-05-09 19:05:39;Kellner 11;WAHR;12,5;voucher;;30
160;257;71;ORDER: CREATED - Bestellung erfasst;E7;Hendl mit Pommes;#0070c0;Essen;12,5;0;NULL;;2026-05-09 19:05:39;Kellner 11;WAHR;12,5;voucher;;30
161;258;71;ORDER: CREATED - Bestellung erfasst;E7;Hendl mit Pommes;#0070c0;Essen;12,5;0;NULL;;2026-05-09 19:05:39;Kellner 11;WAHR;12,5;voucher;;30
162;259;71;ORDER: CREATED - Bestellung erfasst;E7;Hendl mit Pommes;#0070c0;Essen;12,5;0;NULL;;2026-05-09 19:05:39;Kellner 11;WAHR;12,5;voucher;;30
163;260;71;ORDER: CREATED - Bestellung erfasst;E7;Hendl mit Pommes;#0070c0;Essen;12,5;0;NULL;;2026-05-09 19:05:39;Kellner 11;WAHR;12,5;voucher;;66
164;261;71;ORDER: CREATED - Bestellung erfasst;E7;Hendl mit Pommes;#0070c0;Essen;12,5;0;NULL;;2026-05-09 19:05:39;Kellner 11;WAHR;12,5;voucher;;66
165;262;71;ORDER: CREATED - Bestellung erfasst;E7;Hendl mit Pommes;#0070c0;Essen;12,5;0;NULL;;2026-05-09 19:05:39;Kellner 11;WAHR;12,5;voucher;;66
166;263;71;ORDER: CREATED - Bestellung erfasst;E7;Hendl mit Pommes;#0070c0;Essen;12,5;0;NULL;;2026-05-09 19:05:39;Kellner 11;WAHR;12,5;voucher;;66
167;264;71;ORDER: CREATED - Bestellung erfasst;E7;Hendl mit Pommes;#0070c0;Essen;12,5;0;NULL;;2026-05-09 19:05:39;Kellner 11;WAHR;12,5;voucher;;66
168;265;71;ORDER: CREATED - Bestellung erfasst;E7;Hendl mit Pommes;#0070c0;Essen;12,5;0;NULL;;2026-05-09 19:05:39;Kellner 11;WAHR;12,5;voucher;;101
169;266;72;ORDER: CREATED - Bestellung erfasst;F10;Bier 0,5;#fbc02d;Alk;4,5;0;NULL;;2026-05-09 19:05:47;Kellner 9;WAHR;4,5;voucher;;
170;267;72;ORDER: CREATED - Bestellung erfasst;F10;Mineral 0,33;#b3e5fc;Anti;2,5;0;NULL;;2026-05-09 19:05:47;Kellner 9;WAHR;2,5;cash;;
171;268;72;ORDER: CREATED - Bestellung erfasst;F10;Bier 0,5;#fbc02d;Alk;4,5;0;NULL;;2026-05-09 19:05:47;Kellner 9;WAHR;4,5;voucher;;
172;269;72;ORDER: CREATED - Bestellung erfasst;F10;Bier 0,5;#fbc02d;Alk;4,5;0;NULL;;2026-05-09 19:05:47;Kellner 9;WAHR;4,5;voucher;;
173;270;72;ORDER: CREATED - Bestellung erfasst;F10;Bier 0,5;#fbc02d;Alk;4,5;0;NULL;;2026-05-09 19:05:47;Kellner 9;WAHR;4,5;voucher;;
174;271;73;ORDER: CREATED - Bestellung erfasst;D6;Bier 0,5;#fbc02d;Alk;4,5;0;NULL;;2026-05-09 19:05:56;Kellner 12;WAHR;4,5;cash;;
175;272;73;ORDER: CREATED - Bestellung erfasst;D6;Bier 0,5;#fbc02d;Alk;4,5;0;NULL;;2026-05-09 19:05:56;Kellner 12;WAHR;4,5;cash;;
176;273;73;ORDER: CREATED - Bestellung erfasst;D6;Bier 0,5;#fbc02d;Alk;4,5;0;NULL;;2026-05-09 19:05:56;Kellner 12;WAHR;4,5;cash;;
177;274;73;ORDER: CREATED - Bestellung erfasst;D6;Radler 0,5;#afb42b;Alk;4,5;0;NULL;;2026-05-09 19:05:56;Kellner 12;WAHR;4,5;cash;;
178;275;73;ORDER: CREATED - Bestellung erfasst;D6;Radler 0,5;#afb42b;Alk;4,5;0;NULL;;2026-05-09 19:05:56;Kellner 12;WAHR;4,5;cash;;
179;276;73;ORDER: CREATED - Bestellung erfasst;D6;Sommer spritzer 0,5;#fff176;Alk;4,5;0;NULL;;2026-05-09 19:05:56;Kellner 12;WAHR;4,5;cash;;
180;277;74;ORDER: CREATED - Bestellung erfasst;C4;Bier 0,5;#fbc02d;Alk;4,5;0;NULL;;2026-05-09 19:05:57;Kellner 1;WAHR;4,5;voucher;;
181;278;74;ORDER: CREATED - Bestellung erfasst;C4;Bier 0,5;#fbc02d;Alk;4,5;0;NULL;;2026-05-09 19:05:57;Kellner 1;WAHR;4,5;voucher;;
182;279;74;ORDER: CREATED - Bestellung erfasst;C4;Bier 0,5;#fbc02d;Alk;4,5;0;NULL;;2026-05-09 19:05:57;Kellner 1;WAHR;4,5;voucher;;
183;280;74;ORDER: CREATED - Bestellung erfasst;C4;Bier 0,5;#fbc02d;Alk;4,5;0;NULL;;2026-05-09 19:05:57;Kellner 1;WAHR;4,5;voucher;;
184;281;74;ORDER: CREATED - Bestellung erfasst;C4;Bier 0,5;#fbc02d;Alk;4,5;0;NULL;;2026-05-09 19:05:57;Kellner 1;WAHR;4,5;voucher;;
185;282;74;ORDER: CREATED - Bestellung erfasst;C4;Bier 0,5;#fbc02d;Alk;4,5;0;NULL;;2026-05-09 19:05:57;Kellner 1;WAHR;4,5;voucher;;
186;283;74;ORDER: CREATED - Bestellung erfasst;C4;Sommer spritzer 0,5;#fff176;Alk;4,5;0;NULL;;2026-05-09 19:05:57;Kellner 1;WAHR;4,5;voucher;;
187;284;74;ORDER: CREATED - Bestellung erfasst;C4;Cola 0,33;#004d40;Anti;3;0;NULL;;2026-05-09 19:05:57;Kellner 1;WAHR;3;voucher;;
188;285;74;ORDER: CREATED - Bestellung erfasst;C4;Cola 0,33;#004d40;Anti;3;0;NULL;;2026-05-09 19:05:57;Kellner 1;WAHR;3;voucher;;
189;286;75;ORDER: CREATED - Bestellung erfasst;H4;Hendl mit Pommes;#0070c0;Essen;12,5;0;NULL;;2026-05-09 19:06:09;Kellner 5;WAHR;12,5;cash;;70
190;287;75;ORDER: CREATED - Bestellung erfasst;H4;Hendl mit Pommes;#0070c0;Essen;12,5;0;NULL;;2026-05-09 19:06:09;Kellner 5;WAHR;12,5;cash;;70
191;288;75;ORDER: CREATED - Bestellung erfasst;H4;Hendl mit Pommes;#0070c0;Essen;12,5;0;NULL;;2026-05-09 19:06:09;Kellner 5;WAHR;12,5;cash;;70
192;289;75;ORDER: CREATED - Bestellung erfasst;H4;Hendl mit Pommes;#0070c0;Essen;12,5;0;NULL;;2026-05-09 19:06:09;Kellner 5;WAHR;12,5;cash;;70
193;290;75;ORDER: CREATED - Bestellung erfasst;H4;Hendl mit Pommes;#0070c0;Essen;12,5;0;NULL;;2026-05-09 19:06:09;Kellner 5;WAHR;12,5;cash;;127
194;291;75;ORDER: CREATED - Bestellung erfasst;H4;Hendl mit Pommes;#0070c0;Essen;12,5;0;NULL;;2026-05-09 19:06:09;Kellner 5;WAHR;12,5;cash;;127
195;292;75;ORDER: CREATED - Bestellung erfasst;H4;Hendl mit Pommes;#0070c0;Essen;12,5;0;NULL;;2026-05-09 19:06:09;Kellner 5;WAHR;12,5;cash;;144
196;293;76;ORDER: CREATED - Bestellung erfasst;I1;Bier 0,5;#fbc02d;Alk;4,5;0;NULL;;2026-05-09 19:06:10;Kellner 3;WAHR;4,5;voucher;;
197;294;76;ORDER: CREATED - Bestellung erfasst;I1;Sommer spritzer 0,5;#fff176;Alk;4,5;0;NULL;;2026-05-09 19:06:10;Kellner 3;WAHR;4,5;voucher;;
198;295;76;ORDER: CREATED - Bestellung erfasst;I1;Sommer spritzer 0,5;#fff176;Alk;4,5;0;NULL;;2026-05-09 19:06:10;Kellner 3;WAHR;4,5;voucher;;
199;296;76;ORDER: CREATED - Bestellung erfasst;I1;Sommer spritzer 0,5;#fff176;Alk;4,5;0;NULL;;2026-05-09 19:06:10;Kellner 3;WAHR;4,5;voucher;;
200;297;76;ORDER: CREATED - Bestellung erfasst;I1;Mineral 0,33;#b3e5fc;Anti;2,5;0;NULL;;2026-05-09 19:06:10;Kellner 3;WAHR;2,5;voucher;;
201;299;77;ORDER: CREATED - Bestellung erfasst;F3;Soda zitron 0,5;#4fc3f7;Anti;3;0;NULL;;2026-05-09 19:06:19;Kellner 4;WAHR;3;cash;;
202;298;77;ORDER: CREATED - Bestellung erfasst;F3;Radler 0,5;#afb42b;Alk;4,5;0;NULL;;2026-05-09 19:06:19;Kellner 4;WAHR;4,5;cash;;
203;305;78;ORDER: CREATED - Bestellung erfasst;G10;Bier 0,5;#fbc02d;Alk;4,5;0;NULL;;2026-05-09 19:06:37;Kellner 10;WAHR;4,5;voucher;;
204;304;78;ORDER: CREATED - Bestellung erfasst;G10;Bier 0,5;#fbc02d;Alk;4,5;0;NULL;;2026-05-09 19:06:37;Kellner 10;WAHR;4,5;voucher;;
205;303;78;ORDER: CREATED - Bestellung erfasst;G10;Bier 0,5;#fbc02d;Alk;4,5;0;NULL;;2026-05-09 19:06:37;Kellner 10;WAHR;4,5;voucher;;
206;302;78;ORDER: CREATED - Bestellung erfasst;G10;Bier 0,5;#fbc02d;Alk;4,5;0;NULL;;2026-05-09 19:06:37;Kellner 10;WAHR;4,5;voucher;;
207;300;78;ORDER: CREATED - Bestellung erfasst;G10;Bier 0,5;#fbc02d;Alk;4,5;0;NULL;;2026-05-09 19:06:37;Kellner 10;WAHR;4,5;voucher;;
208;306;78;ORDER: CREATED - Bestellung erfasst;G10;Bier 0,5;#fbc02d;Alk;4,5;0;NULL;;2026-05-09 19:06:37;Kellner 10;WAHR;4,5;voucher;;
209;301;78;ORDER: CREATED - Bestellung erfasst;G10;Bier 0,5;#fbc02d;Alk;4,5;0;NULL;;2026-05-09 19:06:37;Kellner 10;WAHR;4,5;voucher;;
210;307;78;ORDER: CREATED - Bestellung erfasst;G10;Radler 0,5;#afb42b;Alk;4,5;0;NULL;;2026-05-09 19:06:37;Kellner 10;WAHR;4,5;voucher;;
211;308;78;ORDER: CREATED - Bestellung erfasst;G10;Radler 0,5;#afb42b;Alk;4,5;0;NULL;;2026-05-09 19:06:37;Kellner 10;WAHR;4,5;voucher;;
212;309;78;ORDER: CREATED - Bestellung erfasst;G10;Radler 0,5;#afb42b;Alk;4,5;0;NULL;;2026-05-09 19:06:37;Kellner 10;WAHR;4,5;voucher;;
213;310;78;ORDER: CREATED - Bestellung erfasst;G10;Sommer spritzer 0,5;#fff176;Alk;4,5;0;NULL;;2026-05-09 19:06:37;Kellner 10;WAHR;4,5;voucher;;
214;311;79;ORDER: CREATED - Bestellung erfasst;I6;Bier 0,5;#fbc02d;Alk;4,5;0;NULL;;2026-05-09 19:06:51;Kellner 6;WAHR;4,5;cash;;
215;312;79;ORDER: CREATED - Bestellung erfasst;I6;Radler 0,5;#afb42b;Alk;4,5;0;NULL;;2026-05-09 19:06:51;Kellner 6;WAHR;4,5;cash;;
216;313;79;ORDER: CREATED - Bestellung erfasst;I6;Bier 0,5;#fbc02d;Alk;4,5;0;NULL;;2026-05-09 19:06:51;Kellner 6;WAHR;4,5;cash;;
217;314;79;ORDER: CREATED - Bestellung erfasst;I6;Bier 0,5;#fbc02d;Alk;4,5;0;NULL;;2026-05-09 19:06:51;Kellner 6;WAHR;4,5;cash;;
218;315;79;ORDER: CREATED - Bestellung erfasst;I6;Bier 0,5;#fbc02d;Alk;4,5;0;NULL;;2026-05-09 19:06:51;Kellner 6;WAHR;4,5;cash;;
219;316;80;ORDER: CREATED - Bestellung erfasst;F3;Radler 0,5;#afb42b;Alk;4,5;0;NULL;;2026-05-09 19:06:56;Kellner 4;WAHR;4,5;cash;;
220;317;80;ORDER: CREATED - Bestellung erfasst;F3;Bier 0,5;#fbc02d;Alk;4,5;0;NULL;;2026-05-09 19:06:56;Kellner 4;WAHR;4,5;cash;;
221;318;80;ORDER: CREATED - Bestellung erfasst;F3;Radler 0,5;#afb42b;Alk;4,5;0;NULL;;2026-05-09 19:06:56;Kellner 4;WAHR;4,5;cash;;
222;319;81;ORDER: CREATED - Bestellung erfasst;G1;Bier 0,5;#fbc02d;Alk;4,5;0;NULL;;2026-05-09 19:07:02;Kellner 3;WAHR;4,5;voucher;;
223;320;81;ORDER: CREATED - Bestellung erfasst;G1;Bier 0,5;#fbc02d;Alk;4,5;0;NULL;;2026-05-09 19:07:02;Kellner 3;WAHR;4,5;voucher;;
224;321;81;ORDER: CREATED - Bestellung erfasst;G1;Sommer spritzer 0,5;#fff176;Alk;4,5;0;NULL;;2026-05-09 19:07:02;Kellner 3;WAHR;4,5;voucher;;
225;322;81;ORDER: CREATED - Bestellung erfasst;G1;Mineral 0,33;#b3e5fc;Anti;2,5;0;NULL;;2026-05-09 19:07:02;Kellner 3;WAHR;2,5;voucher;;
226;323;81;ORDER: CREATED - Bestellung erfasst;G1;Sommer spritzer 0,5;#fff176;Alk;4,5;0;NULL;;2026-05-09 19:07:02;Kellner 3;WAHR;4,5;voucher;;
227;324;81;ORDER: CREATED - Bestellung erfasst;G1;Sommer spritzer 0,5;#fff176;Alk;4,5;0;NULL;;2026-05-09 19:07:02;Kellner 3;WAHR;4,5;voucher;;
228;325;81;ORDER: CREATED - Bestellung erfasst;G1;Bier 0,5;#fbc02d;Alk;4,5;0;NULL;;2026-05-09 19:07:02;Kellner 3;WAHR;4,5;voucher;;
229;326;81;ORDER: CREATED - Bestellung erfasst;G1;Mineral 0,33;#b3e5fc;Anti;2,5;0;NULL;;2026-05-09 19:07:02;Kellner 3;WAHR;2,5;voucher;;
230;327;82;ORDER: CREATED - Bestellung erfasst;B3;Cola 0,33;#004d40;Anti;3;0;NULL;;2026-05-09 19:07:02;Kellner 2;WAHR;3;cash;;
231;328;82;ORDER: CREATED - Bestellung erfasst;B3;Soda zitron 0,5;#4fc3f7;Anti;3;0;NULL;;2026-05-09 19:07:02;Kellner 2;WAHR;3;cash;;
232;329;82;ORDER: CREATED - Bestellung erfasst;B3;Soda zitron 0,5;#4fc3f7;Anti;3;0;NULL;;2026-05-09 19:07:02;Kellner 2;WAHR;3;cash;;
233;330;82;ORDER: CREATED - Bestellung erfasst;B3;Cola 0,33;#004d40;Anti;3;0;NULL;;2026-05-09 19:07:02;Kellner 2;WAHR;3;cash;;
234;331;82;ORDER: CREATED - Bestellung erfasst;B3;Bier 0,5;#fbc02d;Alk;4,5;0;NULL;;2026-05-09 19:07:02;Kellner 2;WAHR;4,5;cash;;
235;332;82;ORDER: CREATED - Bestellung erfasst;B3;Radler 0,5;#afb42b;Alk;4,5;0;NULL;;2026-05-09 19:07:02;Kellner 2;WAHR;4,5;cash;;
236;333;83;ORDER: CREATED - Bestellung erfasst;D5;Bier 0,5;#fbc02d;Alk;4,5;0;NULL;;2026-05-09 19:07:28;Kellner 12;WAHR;4,5;cash;;
237;334;83;ORDER: CREATED - Bestellung erfasst;D5;Bier 0,5;#fbc02d;Alk;4,5;0;NULL;;2026-05-09 19:07:28;Kellner 12;WAHR;4,5;cash;;
238;335;83;ORDER: CREATED - Bestellung erfasst;D5;Sommer spritzer 0,5;#fff176;Alk;4,5;0;NULL;;2026-05-09 19:07:28;Kellner 12;WAHR;4,5;cash;;
239;336;83;ORDER: CREATED - Bestellung erfasst;D5;Sommer spritzer 0,5;#fff176;Alk;4,5;0;NULL;;2026-05-09 19:07:28;Kellner 12;WAHR;4,5;cash;;
240;337;84;ORDER: CREATED - Bestellung erfasst;U9;Hendl mit Pommes;#0070c0;Essen;12,5;0;NULL;;2026-05-09 19:07:43;Kellner 7;WAHR;12,5;cash;;50
241;338;84;ORDER: CREATED - Bestellung erfasst;U9;Bier 0,5;#fbc02d;Alk;4,5;0;NULL;;2026-05-09 19:07:43;Kellner 7;WAHR;4,5;cash;;
242;339;85;ORDER: CREATED - Bestellung erfasst;F4;Bier 0,5;#fbc02d;Alk;4,5;0;NULL;;2026-05-09 19:07:47;Kellner 4;WAHR;4,5;cash;;
243;340;85;ORDER: CREATED - Bestellung erfasst;F4;Bier 0,5;#fbc02d;Alk;4,5;0;NULL;;2026-05-09 19:07:47;Kellner 4;WAHR;4,5;cash;;
244;341;85;ORDER: CREATED - Bestellung erfasst;F4;Sommer spritzer 0,5;#fff176;Alk;4,5;0;NULL;;2026-05-09 19:07:47;Kellner 4;WAHR;4,5;cash;;
245;342;85;ORDER: CREATED - Bestellung erfasst;F4;Bier 0,5;#fbc02d;Alk;4,5;0;NULL;;2026-05-09 19:07:47;Kellner 4;WAHR;4,5;cash;;
246;343;85;ORDER: CREATED - Bestellung erfasst;F4;Sommer spritzer 0,5;#fff176;Alk;4,5;0;NULL;;2026-05-09 19:07:47;Kellner 4;WAHR;4,5;cash;;
247;344;85;ORDER: CREATED - Bestellung erfasst;F4;Sommer spritzer 0,5;#fff176;Alk;4,5;0;NULL;;2026-05-09 19:07:47;Kellner 4;WAHR;4,5;cash;;
248;345;85;ORDER: CREATED - Bestellung erfasst;F4;Radler 0,5;#afb42b;Alk;4,5;0;NULL;;2026-05-09 19:07:47;Kellner 4;WAHR;4,5;cash;;
249;346;85;ORDER: CREATED - Bestellung erfasst;F4;Cola 0,33;#004d40;Anti;3;0;NULL;;2026-05-09 19:07:47;Kellner 4;WAHR;3;cash;;
250;353;86;ORDER: CREATED - Bestellung erfasst;A4;Sommer spritzer 0,5;#fff176;Alk;4,5;0;NULL;;2026-05-09 19:07:49;Kellner 1;WAHR;4,5;voucher;;
251;347;86;ORDER: CREATED - Bestellung erfasst;A4;Bier 0,5;#fbc02d;Alk;4,5;0;NULL;;2026-05-09 19:07:49;Kellner 1;WAHR;4,5;voucher;;
252;348;86;ORDER: CREATED - Bestellung erfasst;A4;Bier 0,5;#fbc02d;Alk;4,5;0;NULL;;2026-05-09 19:07:49;Kellner 1;WAHR;4,5;voucher;;
253;349;86;ORDER: CREATED - Bestellung erfasst;A4;Bier 0,5;#fbc02d;Alk;4,5;0;NULL;;2026-05-09 19:07:49;Kellner 1;WAHR;4,5;voucher;;
254;350;86;ORDER: CREATED - Bestellung erfasst;A4;Soda zitron 0,5;#4fc3f7;Anti;3;0;NULL;;2026-05-09 19:07:49;Kellner 1;WAHR;3;voucher;;
255;351;86;ORDER: CREATED - Bestellung erfasst;A4;Bier 0,5;#fbc02d;Alk;4,5;0;NULL;;2026-05-09 19:07:49;Kellner 1;WAHR;4,5;voucher;;
256;352;86;ORDER: CREATED - Bestellung erfasst;A4;Sommer spritzer 0,5;#fff176;Alk;4,5;0;NULL;;2026-05-09 19:07:49;Kellner 1;WAHR;4,5;voucher;;
257;355;87;ORDER: CREATED - Bestellung erfasst;D7;Limo Orange 0,33;#ffc107;Anti;3;0;NULL;;2026-05-09 19:07:56;Kellner 11;WAHR;3;voucher;;
258;356;87;ORDER: CREATED - Bestellung erfasst;D7;Bier 0,5;#fbc02d;Alk;4,5;0;NULL;;2026-05-09 19:07:56;Kellner 11;WAHR;4,5;voucher;;
259;354;87;ORDER: CREATED - Bestellung erfasst;D7;Cola 0,33;#004d40;Anti;3;0;NULL;;2026-05-09 19:07:56;Kellner 11;WAHR;3;voucher;;
260;357;87;ORDER: CREATED - Bestellung erfasst;D7;Radler 0,5;#afb42b;Alk;4,5;0;NULL;;2026-05-09 19:07:56;Kellner 11;WAHR;4,5;voucher;;
261;358;87;ORDER: CREATED - Bestellung erfasst;D7;Sommer spritzer 0,5;#fff176;Alk;4,5;0;NULL;;2026-05-09 19:07:56;Kellner 11;WAHR;4,5;voucher;;
262;359;87;ORDER: CREATED - Bestellung erfasst;D7;Bier 0,5;#fbc02d;Alk;4,5;0;NULL;;2026-05-09 19:07:56;Kellner 11;WAHR;4,5;voucher;;
263;360;87;ORDER: CREATED - Bestellung erfasst;D7;Bier 0,5;#fbc02d;Alk;4,5;0;NULL;;2026-05-09 19:07:56;Kellner 11;WAHR;4,5;voucher;;
264;361;87;ORDER: CREATED - Bestellung erfasst;D7;Bier 0,5;#fbc02d;Alk;4,5;0;NULL;;2026-05-09 19:07:56;Kellner 11;WAHR;4,5;voucher;;
265;362;87;ORDER: CREATED - Bestellung erfasst;D7;Bier 0,5;#fbc02d;Alk;4,5;0;NULL;;2026-05-09 19:07:56;Kellner 11;WAHR;4,5;voucher;;
266;363;88;ORDER: CREATED - Bestellung erfasst;E5;Radler 0,5;#afb42b;Alk;4,5;0;NULL;;2026-05-09 19:08:06;Kellner 12;WAHR;4,5;voucher;;
267;364;88;ORDER: CREATED - Bestellung erfasst;E5;Soda zitron 0,5;#4fc3f7;Anti;3;0;NULL;;2026-05-09 19:08:06;Kellner 12;WAHR;3;voucher;;
268;365;88;ORDER: CREATED - Bestellung erfasst;E5;Bier 0,5;#fbc02d;Alk;4,5;0;NULL;;2026-05-09 19:08:06;Kellner 12;WAHR;4,5;voucher;;
269;366;88;ORDER: CREATED - Bestellung erfasst;E5;Bier 0,5;#fbc02d;Alk;4,5;0;NULL;;2026-05-09 19:08:06;Kellner 12;WAHR;4,5;voucher;;
270;367;88;ORDER: CREATED - Bestellung erfasst;E5;Bier 0,5;#fbc02d;Alk;4,5;0;NULL;;2026-05-09 19:08:06;Kellner 12;WAHR;4,5;voucher;;
271;368;88;ORDER: CREATED - Bestellung erfasst;E5;Bier 0,5;#fbc02d;Alk;4,5;0;NULL;;2026-05-09 19:08:06;Kellner 12;WAHR;4,5;voucher;;
272;369;88;ORDER: CREATED - Bestellung erfasst;E5;Bier 0,5;#fbc02d;Alk;4,5;0;NULL;;2026-05-09 19:08:06;Kellner 12;WAHR;4,5;voucher;;
273;370;88;ORDER: CREATED - Bestellung erfasst;E5;Bier 0,5;#fbc02d;Alk;4,5;0;NULL;;2026-05-09 19:08:06;Kellner 12;WAHR;4,5;voucher;;
274;371;89;ORDER: CREATED - Bestellung erfasst;U9;Hendl mit Pommes;#0070c0;Essen;12,5;0;NULL;;2026-05-09 19:08:11;Kellner 7;WAHR;12,5;cash;;22
275;374;90;ORDER: CREATED - Bestellung erfasst;H10;Bier 0,5;#fbc02d;Alk;4,5;0;NULL;;2026-05-09 19:08:27;Kellner 9;WAHR;4,5;voucher;;
276;372;90;ORDER: CREATED - Bestellung erfasst;H10;Bier 0,5;#fbc02d;Alk;4,5;0;NULL;;2026-05-09 19:08:27;Kellner 9;WAHR;4,5;voucher;;
277;373;90;ORDER: CREATED - Bestellung erfasst;H10;Bier 0,5;#fbc02d;Alk;4,5;0;NULL;;2026-05-09 19:08:27;Kellner 9;WAHR;4,5;voucher;;
278;375;90;ORDER: CREATED - Bestellung erfasst;H10;Bier 0,5;#fbc02d;Alk;4,5;0;NULL;;2026-05-09 19:08:27;Kellner 9;WAHR;4,5;voucher;;
279;376;90;ORDER: CREATED - Bestellung erfasst;H10;Bier 0,5;#fbc02d;Alk;4,5;0;NULL;;2026-05-09 19:08:27;Kellner 9;WAHR;4,5;voucher;;
280;377;90;ORDER: CREATED - Bestellung erfasst;H10;Bier 0,5;#fbc02d;Alk;4,5;0;NULL;;2026-05-09 19:08:27;Kellner 9;WAHR;4,5;voucher;;
281;378;90;ORDER: CREATED - Bestellung erfasst;H10;Bier 0,5;#fbc02d;Alk;4,5;0;NULL;;2026-05-09 19:08:27;Kellner 9;WAHR;4,5;voucher;;
282;379;90;ORDER: CREATED - Bestellung erfasst;H10;Bier 0,5;#fbc02d;Alk;4,5;0;NULL;;2026-05-09 19:08:27;Kellner 9;WAHR;4,5;voucher;;
283;380;90;ORDER: CREATED - Bestellung erfasst;H10;Bier 0,5;#fbc02d;Alk;4,5;0;NULL;;2026-05-09 19:08:27;Kellner 9;WAHR;4,5;voucher;;
284;381;90;ORDER: CREATED - Bestellung erfasst;H10;Bier 0,5;#fbc02d;Alk;4,5;0;NULL;;2026-05-09 19:08:27;Kellner 9;WAHR;4,5;voucher;;
285;382;91;ORDER: CREATED - Bestellung erfasst;F4;Bier 0,5;#fbc02d;Alk;4,5;0;NULL;;2026-05-09 19:08:32;Kellner 4;WAHR;4,5;cash;;
286;383;91;ORDER: CREATED - Bestellung erfasst;F4;Bier 0,5;#fbc02d;Alk;4,5;0;NULL;;2026-05-09 19:08:32;Kellner 4;WAHR;4,5;cash;;
287;384;92;ORDER: CREATED - Bestellung erfasst;B3;Sommer spritzer 0,5;#fff176;Alk;4,5;0;NULL;;2026-05-09 19:08:32;Kellner 2;WAHR;4,5;voucher;;
288;385;92;ORDER: CREATED - Bestellung erfasst;B3;Sommer spritzer 0,5;#fff176;Alk;4,5;0;NULL;;2026-05-09 19:08:32;Kellner 2;WAHR;4,5;voucher;;
289;386;92;ORDER: CREATED - Bestellung erfasst;B3;Almdudler 0,33;#fbc02d;Anti;3;0;NULL;;2026-05-09 19:08:32;Kellner 2;WAHR;3;voucher;;
290;387;92;ORDER: CREATED - Bestellung erfasst;B3;Cola 0,33;#004d40;Anti;3;0;NULL;;2026-05-09 19:08:32;Kellner 2;WAHR;3;voucher;;
291;388;92;ORDER: CREATED - Bestellung erfasst;B3;Sommer spritzer 0,5;#fff176;Alk;4,5;0;NULL;;2026-05-09 19:08:32;Kellner 2;WAHR;4,5;voucher;;
292;389;92;ORDER: CREATED - Bestellung erfasst;B3;Mineral 0,33;#b3e5fc;Anti;2,5;0;NULL;;2026-05-09 19:08:32;Kellner 2;WAHR;2,5;voucher;;
293;394;93;ORDER: CREATED - Bestellung erfasst;G2;Soda zitron 0,5;#4fc3f7;Anti;3;0;NULL;;2026-05-09 19:08:34;Kellner 3;WAHR;3;voucher;;
294;395;93;ORDER: CREATED - Bestellung erfasst;G2;Sommer spritzer 0,5;#fff176;Alk;4,5;0;NULL;;2026-05-09 19:08:34;Kellner 3;WAHR;4,5;voucher;;
295;390;93;ORDER: CREATED - Bestellung erfasst;G2;Soda zitron 0,5;#4fc3f7;Anti;3;0;NULL;;2026-05-09 19:08:34;Kellner 3;WAHR;3;voucher;;
296;391;93;ORDER: CREATED - Bestellung erfasst;G2;Soda zitron 0,5;#4fc3f7;Anti;3;0;NULL;;2026-05-09 19:08:34;Kellner 3;WAHR;3;voucher;;
297;392;93;ORDER: CREATED - Bestellung erfasst;G2;Soda zitron 0,5;#4fc3f7;Anti;3;0;NULL;;2026-05-09 19:08:34;Kellner 3;WAHR;3;voucher;;
298;393;93;ORDER: CREATED - Bestellung erfasst;G2;Soda zitron 0,5;#4fc3f7;Anti;3;0;NULL;;2026-05-09 19:08:34;Kellner 3;WAHR;3;voucher;;
299;396;94;ORDER: CREATED - Bestellung erfasst;U11;Bier 0,5;#fbc02d;Alk;4,5;0;NULL;;2026-05-09 19:08:35;Kellner 8;WAHR;4,5;cash;;
300;397;94;ORDER: CREATED - Bestellung erfasst;U11;Radler 0,5;#afb42b;Alk;4,5;0;NULL;;2026-05-09 19:08:35;Kellner 8;WAHR;4,5;cash;;
301;404;95;ORDER: CREATED - Bestellung erfasst;D7;Schnitzel mit Pommes;#827717;Essen;11,5;0;NULL;;2026-05-09 19:08:38;Kellner 11;WAHR;11,5;voucher;;16
302;405;95;ORDER: CREATED - Bestellung erfasst;D7;Backhendl Salat;#4fc3f7;Essen;9;0;NULL;;2026-05-09 19:08:38;Kellner 11;WAHR;9;voucher;;16
303;398;95;ORDER: CREATED - Bestellung erfasst;D7;Hendl mit Pommes;#0070c0;Essen;12,5;0;NULL;;2026-05-09 19:08:38;Kellner 11;WAHR;12,5;voucher;;31
304;399;95;ORDER: CREATED - Bestellung erfasst;D7;Hendl mit Pommes;#0070c0;Essen;12,5;0;NULL;;2026-05-09 19:08:38;Kellner 11;WAHR;12,5;voucher;;31
305;400;95;ORDER: CREATED - Bestellung erfasst;D7;Hendl mit Pommes;#0070c0;Essen;12,5;0;NULL;;2026-05-09 19:08:38;Kellner 11;WAHR;12,5;voucher;;55
306;402;95;ORDER: CREATED - Bestellung erfasst;D7;Hendl mit Pommes;#0070c0;Essen;12,5;0;NULL;;2026-05-09 19:08:38;Kellner 11;WAHR;12,5;voucher;;55
307;401;95;ORDER: CREATED - Bestellung erfasst;D7;Hendl mit Pommes;#0070c0;Essen;12,5;0;NULL;;2026-05-09 19:08:38;Kellner 11;WAHR;12,5;voucher;;55
308;403;95;ORDER: CREATED - Bestellung erfasst;D7;Hendl mit Pommes;#0070c0;Essen;12,5;0;NULL;;2026-05-09 19:08:38;Kellner 11;WAHR;12,5;voucher;;55
309;407;96;ORDER: CREATED - Bestellung erfasst;I5;Bier 0,5;#fbc02d;Alk;4,5;0;NULL;;2026-05-09 19:08:55;Kellner 6;WAHR;4,5;voucher;;
310;406;96;ORDER: CREATED - Bestellung erfasst;I5;Bier 0,5;#fbc02d;Alk;4,5;0;NULL;;2026-05-09 19:08:55;Kellner 6;WAHR;4,5;voucher;;
311;408;96;ORDER: CREATED - Bestellung erfasst;I5;Sommer spritzer 0,5;#fff176;Alk;4,5;0;NULL;;2026-05-09 19:08:55;Kellner 6;WAHR;4,5;voucher;;
312;409;96;ORDER: CREATED - Bestellung erfasst;I5;Sommer spritzer 0,5;#fff176;Alk;4,5;0;NULL;;2026-05-09 19:08:55;Kellner 6;WAHR;4,5;voucher;;
313;410;96;ORDER: CREATED - Bestellung erfasst;I5;Radler 0,5;#afb42b;Alk;4,5;0;NULL;;2026-05-09 19:08:55;Kellner 6;WAHR;4,5;voucher;;
314;411;96;ORDER: CREATED - Bestellung erfasst;I5;Bier 0,5;#fbc02d;Alk;4,5;0;NULL;;2026-05-09 19:08:55;Kellner 6;WAHR;4,5;voucher;;
315;412;97;ORDER: CREATED - Bestellung erfasst;F10;Bier 0,5;#fbc02d;Alk;4,5;0;NULL;;2026-05-09 19:09:09;Kellner 10;WAHR;4,5;voucher;;
316;413;98;ORDER: CREATED - Bestellung erfasst;F4;Bier 0,5;#fbc02d;Alk;4,5;0;NULL;;2026-05-09 19:09:09;Kellner 4;WAHR;4,5;cash;;
317;414;99;ORDER: CREATED - Bestellung erfasst;I6;Radler 0,5;#afb42b;Alk;4,5;0;NULL;;2026-05-09 19:09:20;Kellner 6;WAHR;4,5;voucher;;
318;417;100;ORDER: CREATED - Bestellung erfasst;F2;Bier 0,5;#fbc02d;Alk;4,5;0;NULL;;2026-05-09 19:09:21;Kellner 3;WAHR;4,5;voucher;;
319;419;100;ORDER: CREATED - Bestellung erfasst;F2;Cola 0,33;#004d40;Anti;3;0;NULL;;2026-05-09 19:09:21;Kellner 3;WAHR;3;voucher;;
320;418;100;ORDER: CREATED - Bestellung erfasst;F2;Soda zitron 0,5;#4fc3f7;Anti;3;0;NULL;;2026-05-09 19:09:21;Kellner 3;WAHR;3;voucher;;
321;415;100;ORDER: CREATED - Bestellung erfasst;F2;Bier 0,5;#fbc02d;Alk;4,5;0;NULL;;2026-05-09 19:09:21;Kellner 3;WAHR;4,5;voucher;;
322;416;100;ORDER: CREATED - Bestellung erfasst;F2;Bier 0,5;#fbc02d;Alk;4,5;0;NULL;;2026-05-09 19:09:21;Kellner 3;WAHR;4,5;voucher;;
323;426;101;ORDER: CREATED - Bestellung erfasst;H5;Almdudler 0,33;#fbc02d;Anti;3;0;NULL;;2026-05-09 19:09:22;Kellner 5;WAHR;3;voucher;;
324;427;101;ORDER: CREATED - Bestellung erfasst;H5;Cola 0,33;#004d40;Anti;3;0;NULL;;2026-05-09 19:09:22;Kellner 5;WAHR;3;voucher;;
325;428;101;ORDER: CREATED - Bestellung erfasst;H5;Almdudler 0,33;#fbc02d;Anti;3;0;NULL;;2026-05-09 19:09:22;Kellner 5;WAHR;3;voucher;;
326;429;101;ORDER: CREATED - Bestellung erfasst;H5;Radler 0,5;#afb42b;Alk;4,5;0;NULL;;2026-05-09 19:09:22;Kellner 5;WAHR;4,5;voucher;;
327;430;101;ORDER: CREATED - Bestellung erfasst;H5;Radler 0,5;#afb42b;Alk;4,5;0;NULL;;2026-05-09 19:09:22;Kellner 5;WAHR;4,5;voucher;;
328;431;101;ORDER: CREATED - Bestellung erfasst;H5;Bier 0,5;#fbc02d;Alk;4,5;0;NULL;;2026-05-09 19:09:22;Kellner 5;WAHR;4,5;voucher;;
329;420;101;ORDER: CREATED - Bestellung erfasst;H5;Bier 0,5;#fbc02d;Alk;4,5;0;NULL;;2026-05-09 19:09:22;Kellner 5;WAHR;4,5;voucher;;
330;421;101;ORDER: CREATED - Bestellung erfasst;H5;Bier 0,5;#fbc02d;Alk;4,5;0;NULL;;2026-05-09 19:09:22;Kellner 5;WAHR;4,5;voucher;;
331;423;101;ORDER: CREATED - Bestellung erfasst;H5;Bier 0,5;#fbc02d;Alk;4,5;0;NULL;;2026-05-09 19:09:22;Kellner 5;WAHR;4,5;voucher;;
332;424;101;ORDER: CREATED - Bestellung erfasst;H5;Freibier 0.5;#ffeb3b;Alk;4,5;0;NULL;;2026-05-09 19:09:22;Kellner 5;WAHR;4,5;voucher;;
333;425;101;ORDER: CREATED - Bestellung erfasst;H5;Bier 0,5;#fbc02d;Alk;4,5;0;NULL;;2026-05-09 19:09:22;Kellner 5;WAHR;4,5;voucher;;
334;422;101;ORDER: CREATED - Bestellung erfasst;H5;Bier 0,5;#fbc02d;Alk;4,5;0;NULL;;2026-05-09 19:09:22;Kellner 5;WAHR;4,5;voucher;;
335;435;102;ORDER: CREATED - Bestellung erfasst;D7;Grillwürstel mit Pommes;#8bc34a;Essen;8;0;NULL;;2026-05-09 19:09:28;Kellner 11;WAHR;8;voucher;;41
336;434;102;ORDER: CREATED - Bestellung erfasst;D7;Hendl mit Pommes;#0070c0;Essen;12,5;0;NULL;;2026-05-09 19:09:28;Kellner 11;WAHR;12,5;voucher;;66
337;433;102;ORDER: CREATED - Bestellung erfasst;D7;Radler 0,5;#afb42b;Alk;4,5;0;NULL;;2026-05-09 19:09:28;Kellner 11;WAHR;4,5;voucher;;
338;432;102;ORDER: CREATED - Bestellung erfasst;D7;Radler 0,5;#afb42b;Alk;4,5;0;NULL;;2026-05-09 19:09:28;Kellner 11;WAHR;4,5;voucher;;
339;437;103;ORDER: CREATED - Bestellung erfasst;E4;Bier 0,5;#fbc02d;Alk;4,5;0;NULL;;2026-05-09 19:09:32;Kellner 1;WAHR;4,5;voucher;;
340;436;103;ORDER: CREATED - Bestellung erfasst;E4;Bier 0,5;#fbc02d;Alk;4,5;0;NULL;;2026-05-09 19:09:32;Kellner 1;WAHR;4,5;voucher;;
341;438;103;ORDER: CREATED - Bestellung erfasst;E4;Sommer spritzer 0,5;#fff176;Alk;4,5;0;NULL;;2026-05-09 19:09:32;Kellner 1;WAHR;4,5;voucher;;
342;439;103;ORDER: CREATED - Bestellung erfasst;E4;Sommer spritzer 0,5;#fff176;Alk;4,5;0;NULL;;2026-05-09 19:09:32;Kellner 1;WAHR;4,5;voucher;;
343;440;104;ORDER: CREATED - Bestellung erfasst;F10;Bier 0,5;#fbc02d;Alk;4,5;0;NULL;;2026-05-09 19:09:42;Kellner 10;WAHR;4,5;voucher;;
344;441;105;ORDER: CREATED - Bestellung erfasst;B6;Radler 0,5;#afb42b;Alk;4,5;0;NULL;;2026-05-09 19:10:07;Kellner 12;WAHR;4,5;voucher;;
345;449;105;ORDER: CREATED - Bestellung erfasst;B6;Soda zitron 0,5;#4fc3f7;Anti;3;0;NULL;;2026-05-09 19:10:07;Kellner 12;WAHR;3;voucher;;
346;448;105;ORDER: CREATED - Bestellung erfasst;B6;Sommer spritzer 0,5;#fff176;Alk;4,5;0;NULL;;2026-05-09 19:10:07;Kellner 12;WAHR;4,5;voucher;;
347;447;105;ORDER: CREATED - Bestellung erfasst;B6;Bier 0,5;#fbc02d;Alk;4,5;0;NULL;;2026-05-09 19:10:07;Kellner 12;WAHR;4,5;voucher;;
348;446;105;ORDER: CREATED - Bestellung erfasst;B6;Bier 0,5;#fbc02d;Alk;4,5;0;NULL;;2026-05-09 19:10:07;Kellner 12;WAHR;4,5;voucher;;
349;445;105;ORDER: CREATED - Bestellung erfasst;B6;Bier 0,5;#fbc02d;Alk;4,5;0;NULL;;2026-05-09 19:10:07;Kellner 12;WAHR;4,5;voucher;;
350;444;105;ORDER: CREATED - Bestellung erfasst;B6;Sommer spritzer 0,5;#fff176;Alk;4,5;0;NULL;;2026-05-09 19:10:07;Kellner 12;WAHR;4,5;voucher;;
351;443;105;ORDER: CREATED - Bestellung erfasst;B6;Radler 0,5;#afb42b;Alk;4,5;0;NULL;;2026-05-09 19:10:07;Kellner 12;WAHR;4,5;voucher;;
352;442;105;ORDER: CREATED - Bestellung erfasst;B6;Radler 0,5;#afb42b;Alk;4,5;0;NULL;;2026-05-09 19:10:07;Kellner 12;WAHR;4,5;voucher;;
353;450;106;ORDER: CREATED - Bestellung erfasst;F3;Bier 0,5;#fbc02d;Alk;4,5;0;NULL;;2026-05-09 19:10:13;Kellner 4;WAHR;4,5;cash;;
354;452;107;ORDER: CREATED - Bestellung erfasst;H10;Radler 0,5;#afb42b;Alk;4,5;0;NULL;;2026-05-09 19:10:15;Kellner 9;WAHR;4,5;voucher;;
355;451;107;ORDER: CREATED - Bestellung erfasst;H10;Radler 0,5;#afb42b;Alk;4,5;0;NULL;;2026-05-09 19:10:15;Kellner 9;WAHR;4,5;voucher;;
356;455;108;ORDER: CREATED - Bestellung erfasst;I6;Grillwürstel mit Pommes;#8bc34a;Essen;8;0;NULL;;2026-05-09 19:10:21;Kellner 6;WAHR;8;cash;;32
357;453;108;ORDER: CREATED - Bestellung erfasst;I6;Hendl mit Pommes;#0070c0;Essen;12,5;0;NULL;;2026-05-09 19:10:21;Kellner 6;WAHR;12,5;cash;;13
358;454;108;ORDER: CREATED - Bestellung erfasst;I6;Hendl mit Pommes;#0070c0;Essen;12,5;0;NULL;;2026-05-09 19:10:21;Kellner 6;WAHR;12,5;cash;;32
359;457;108;ORDER: CREATED - Bestellung erfasst;I6;Hendl mit Pommes;#0070c0;Essen;12,5;0;NULL;;2026-05-09 19:10:21;Kellner 6;WAHR;12,5;voucher;;32
360;456;108;ORDER: CREATED - Bestellung erfasst;I6;Grillwürstel mit Pommes;#8bc34a;Essen;8;0;NULL;;2026-05-09 19:10:21;Kellner 6;WAHR;8;cash;;32
361;458;109;ORDER: CREATED - Bestellung erfasst;C4;Bier 0,5;#fbc02d;Alk;4,5;0;NULL;;2026-05-09 19:10:27;Kellner 1;WAHR;4,5;voucher;;
362;463;110;ORDER: CREATED - Bestellung erfasst;A2;Bier 0,5;#fbc02d;Alk;4,5;0;NULL;;2026-05-09 19:10:29;Kellner 2;WAHR;4,5;voucher;;
363;472;110;ORDER: CREATED - Bestellung erfasst;A2;Sommer spritzer 0,5;#fff176;Alk;4,5;0;NULL;;2026-05-09 19:10:29;Kellner 2;WAHR;4,5;voucher;;
364;468;110;ORDER: CREATED - Bestellung erfasst;A2;Bier 0,5;#fbc02d;Alk;4,5;0;NULL;;2026-05-09 19:10:29;Kellner 2;WAHR;4,5;voucher;;
365;471;110;ORDER: CREATED - Bestellung erfasst;A2;Sommer spritzer 0,5;#fff176;Alk;4,5;0;NULL;;2026-05-09 19:10:29;Kellner 2;WAHR;4,5;voucher;;
366;469;110;ORDER: CREATED - Bestellung erfasst;A2;Bier 0,5;#fbc02d;Alk;4,5;0;NULL;;2026-05-09 19:10:29;Kellner 2;WAHR;4,5;voucher;;
367;470;110;ORDER: CREATED - Bestellung erfasst;A2;Sommer spritzer 0,5;#fff176;Alk;4,5;0;NULL;;2026-05-09 19:10:29;Kellner 2;WAHR;4,5;voucher;;
368;459;110;ORDER: CREATED - Bestellung erfasst;A2;Cola 0,33;#004d40;Anti;3;0;NULL;;2026-05-09 19:10:29;Kellner 2;WAHR;3;voucher;;
369;460;110;ORDER: CREATED - Bestellung erfasst;A2;Sommer spritzer 0,5;#fff176;Alk;4,5;0;NULL;;2026-05-09 19:10:29;Kellner 2;WAHR;4,5;voucher;;
370;461;110;ORDER: CREATED - Bestellung erfasst;A2;Bier 0,5;#fbc02d;Alk;4,5;0;NULL;;2026-05-09 19:10:29;Kellner 2;WAHR;4,5;voucher;;
371;462;110;ORDER: CREATED - Bestellung erfasst;A2;Bier 0,5;#fbc02d;Alk;4,5;0;NULL;;2026-05-09 19:10:29;Kellner 2;WAHR;4,5;voucher;;
372;464;110;ORDER: CREATED - Bestellung erfasst;A2;Cola 0,33;#004d40;Anti;3;0;NULL;;2026-05-09 19:10:29;Kellner 2;WAHR;3;voucher;;
373;465;110;ORDER: CREATED - Bestellung erfasst;A2;Bier 0,5;#fbc02d;Alk;4,5;0;NULL;;2026-05-09 19:10:29;Kellner 2;WAHR;4,5;voucher;;
374;466;110;ORDER: CREATED - Bestellung erfasst;A2;Radler 0,5;#afb42b;Alk;4,5;0;NULL;;2026-05-09 19:10:29;Kellner 2;WAHR;4,5;voucher;;
375;467;110;ORDER: CREATED - Bestellung erfasst;A2;Sommer spritzer 0,5;#fff176;Alk;4,5;0;NULL;;2026-05-09 19:10:29;Kellner 2;WAHR;4,5;voucher;;
376;473;111;ORDER: CREATED - Bestellung erfasst;G3;Radler 0,5;#afb42b;Alk;4,5;0;NULL;;2026-05-09 19:10:30;Kellner 4;WAHR;4,5;cash;;
377;474;112;ORDER: CREATED - Bestellung erfasst;U5;Bier 0,5;#fbc02d;Alk;4,5;0;NULL;;2026-05-09 19:10:33;Kellner 8;WAHR;4,5;cash;;
378;475;112;ORDER: CREATED - Bestellung erfasst;U5;Sommer spritzer 0,5;#fff176;Alk;4,5;0;NULL;;2026-05-09 19:10:33;Kellner 8;WAHR;4,5;cash;;
379;477;113;ORDER: CREATED - Bestellung erfasst;F1;Bier 0,5;#fbc02d;Alk;4,5;0;NULL;;2026-05-09 19:10:35;Kellner 3;WAHR;4,5;voucher;;
380;478;113;ORDER: CREATED - Bestellung erfasst;F1;Soda zitron 0,5;#4fc3f7;Anti;3;0;NULL;;2026-05-09 19:10:35;Kellner 3;WAHR;3;voucher;;
381;480;113;ORDER: CREATED - Bestellung erfasst;F1;Sommer spritzer 0,5;#fff176;Alk;4,5;0;NULL;;2026-05-09 19:10:35;Kellner 3;WAHR;4,5;voucher;;
382;479;113;ORDER: CREATED - Bestellung erfasst;F1;Soda zitron 0,5;#4fc3f7;Anti;3;0;NULL;;2026-05-09 19:10:35;Kellner 3;WAHR;3;voucher;;
383;481;113;ORDER: CREATED - Bestellung erfasst;F1;Soda zitron 0,5;#4fc3f7;Anti;3;0;NULL;;2026-05-09 19:10:35;Kellner 3;WAHR;3;voucher;;
384;476;113;ORDER: CREATED - Bestellung erfasst;F1;Freibier 0.5;#ffeb3b;Alk;4,5;0;NULL;;2026-05-09 19:10:35;Kellner 3;WAHR;4,5;voucher;;
385;494;114;ORDER: CREATED - Bestellung erfasst;G10;Hendl mit Pommes;#0070c0;Essen;12,5;0;NULL;;2026-05-09 19:11:11;Kellner 10;WAHR;12,5;voucher;;110
386;492;114;ORDER: CREATED - Bestellung erfasst;G10;Hendl mit Pommes;#0070c0;Essen;12,5;0;NULL;;2026-05-09 19:11:11;Kellner 10;WAHR;12,5;voucher;;69
387;482;114;ORDER: CREATED - Bestellung erfasst;G10;Schnitzel mit Pommes;#827717;Essen;11,5;0;NULL;;2026-05-09 19:11:11;Kellner 10;WAHR;11,5;voucher;;16
388;483;114;ORDER: CREATED - Bestellung erfasst;G10;Hendl mit Pommes;#0070c0;Essen;12,5;0;NULL;;2026-05-09 19:11:11;Kellner 10;WAHR;12,5;voucher;;16
389;484;114;ORDER: CREATED - Bestellung erfasst;G10;Hendl mit Pommes;#0070c0;Essen;12,5;0;NULL;;2026-05-09 19:11:11;Kellner 10;WAHR;12,5;voucher;;16
390;485;114;ORDER: CREATED - Bestellung erfasst;G10;Hendl mit Pommes;#0070c0;Essen;12,5;0;NULL;;2026-05-09 19:11:11;Kellner 10;WAHR;12,5;voucher;;16
391;486;114;ORDER: CREATED - Bestellung erfasst;G10;Hendl mit Pommes;#0070c0;Essen;12,5;0;NULL;;2026-05-09 19:11:11;Kellner 10;WAHR;12,5;voucher;;48
392;487;114;ORDER: CREATED - Bestellung erfasst;G10;Hendl mit Pommes;#0070c0;Essen;12,5;0;NULL;;2026-05-09 19:11:11;Kellner 10;WAHR;12,5;voucher;;48
393;488;114;ORDER: CREATED - Bestellung erfasst;G10;Hendl mit Pommes;#0070c0;Essen;12,5;0;NULL;;2026-05-09 19:11:11;Kellner 10;WAHR;12,5;voucher;;48
394;489;114;ORDER: CREATED - Bestellung erfasst;G10;Hendl mit Pommes;#0070c0;Essen;12,5;0;NULL;;2026-05-09 19:11:11;Kellner 10;WAHR;12,5;voucher;;48
395;491;114;ORDER: CREATED - Bestellung erfasst;G10;Hendl mit Pommes;#0070c0;Essen;12,5;0;NULL;;2026-05-09 19:11:11;Kellner 10;WAHR;12,5;voucher;;48
396;490;114;ORDER: CREATED - Bestellung erfasst;G10;Hendl mit Pommes;#0070c0;Essen;12,5;0;NULL;;2026-05-09 19:11:11;Kellner 10;WAHR;12,5;voucher;;48
397;493;114;ORDER: CREATED - Bestellung erfasst;G10;Hendl mit Pommes;#0070c0;Essen;12,5;0;NULL;;2026-05-09 19:11:11;Kellner 10;WAHR;12,5;voucher;;110
398;496;115;ORDER: CREATED - Bestellung erfasst;D7;Bier 0,5;#fbc02d;Alk;4,5;0;NULL;;2026-05-09 19:11:15;Kellner 11;WAHR;4,5;voucher;;
399;495;115;ORDER: CREATED - Bestellung erfasst;D7;Hendl mit Pommes;#0070c0;Essen;12,5;0;NULL;;2026-05-09 19:11:15;Kellner 11;WAHR;12,5;voucher;;107
400;497;116;ORDER: CREATED - Bestellung erfasst;F1;Hendl mit Pommes;#0070c0;Essen;12,5;0;NULL;;2026-05-09 19:11:28;Kellner 3;WAHR;12,5;cash;;104
401;498;116;ORDER: CREATED - Bestellung erfasst;F1;Backhendl Salat;#4fc3f7;Essen;9;0;NULL;;2026-05-09 19:11:28;Kellner 3;WAHR;9;cash;;11
402;499;116;ORDER: CREATED - Bestellung erfasst;F1;Backhendl Salat;#4fc3f7;Essen;9;0;NULL;;2026-05-09 19:11:28;Kellner 3;WAHR;9;cash;;53
403;501;117;ORDER: CREATED - Bestellung erfasst;D6;Bier 0,5;#fbc02d;Alk;4,5;0;NULL;;2026-05-09 19:11:31;Kellner 12;WAHR;4,5;voucher;;
404;500;117;ORDER: CREATED - Bestellung erfasst;D6;Bier 0,5;#fbc02d;Alk;4,5;0;NULL;;2026-05-09 19:11:31;Kellner 12;WAHR;4,5;voucher;;
405;504;118;ORDER: CREATED - Bestellung erfasst;H3;Schnitzelsemmerl;#f57f17;Essen;4,5;0;NULL;;2026-05-09 19:11:39;Kellner 4;WAHR;4,5;cash;;41
406;502;118;ORDER: CREATED - Bestellung erfasst;H3;Hendl mit Pommes;#0070c0;Essen;12,5;0;NULL;;2026-05-09 19:11:39;Kellner 4;WAHR;12,5;cash;;93
407;503;118;ORDER: CREATED - Bestellung erfasst;H3;Schnitzelsemmerl;#f57f17;Essen;4,5;0;NULL;;2026-05-09 19:11:39;Kellner 4;WAHR;4,5;cash;;41
408;505;118;ORDER: CREATED - Bestellung erfasst;H3;Schnitzel mit Pommes;#827717;Essen;11,5;0;NULL;;2026-05-09 19:11:39;Kellner 4;WAHR;11,5;cash;;20
409;506;118;ORDER: CREATED - Bestellung erfasst;H3;Schnitzelsemmerl;#f57f17;Essen;4,5;0;NULL;;2026-05-09 19:11:39;Kellner 4;WAHR;4,5;cash;;41
410;507;118;ORDER: CREATED - Bestellung erfasst;H3;Hendl mit Pommes;#0070c0;Essen;12,5;0;NULL;;2026-05-09 19:11:39;Kellner 4;WAHR;12,5;cash;;105
411;508;119;ORDER: CREATED - Bestellung erfasst;H5;Backhendl Salat;#4fc3f7;Essen;9;0;NULL;;2026-05-09 19:11:50;Kellner 5;WAHR;9;cash;;94
412;519;119;ORDER: CREATED - Bestellung erfasst;H5;Schnitzel mit Pommes;#827717;Essen;11,5;0;NULL;;2026-05-09 19:11:50;Kellner 5;WAHR;11,5;cash;;56
413;518;119;ORDER: CREATED - Bestellung erfasst;H5;Schnitzel mit Pommes;#827717;Essen;11,5;0;NULL;;2026-05-09 19:11:50;Kellner 5;WAHR;11,5;voucher;;56
414;517;119;ORDER: CREATED - Bestellung erfasst;H5;Hendl mit Pommes;#0070c0;Essen;12,5;0;NULL;;2026-05-09 19:11:50;Kellner 5;WAHR;12,5;voucher;;138
415;516;119;ORDER: CREATED - Bestellung erfasst;H5;Hendl mit Pommes;#0070c0;Essen;12,5;0;NULL;;2026-05-09 19:11:50;Kellner 5;WAHR;12,5;cash;;138
416;515;119;ORDER: CREATED - Bestellung erfasst;H5;Hendl mit Pommes;#0070c0;Essen;12,5;0;NULL;;2026-05-09 19:11:50;Kellner 5;WAHR;12,5;cash;;138
417;514;119;ORDER: CREATED - Bestellung erfasst;H5;Hendl mit Pommes;#0070c0;Essen;12,5;0;NULL;;2026-05-09 19:11:50;Kellner 5;WAHR;12,5;voucher;;138
418;513;119;ORDER: CREATED - Bestellung erfasst;H5;Hendl mit Pommes;#0070c0;Essen;12,5;0;NULL;;2026-05-09 19:11:50;Kellner 5;WAHR;12,5;voucher;;94
419;512;119;ORDER: CREATED - Bestellung erfasst;H5;Pommes;#ffc000;Essen;3,5;0;NULL;;2026-05-09 19:11:50;Kellner 5;WAHR;3,5;voucher;;30
420;511;119;ORDER: CREATED - Bestellung erfasst;H5;Hendl mit Pommes;#0070c0;Essen;12,5;0;NULL;;2026-05-09 19:11:50;Kellner 5;WAHR;12,5;cash;;94
421;510;119;ORDER: CREATED - Bestellung erfasst;H5;Backhendl Salat;#4fc3f7;Essen;9;0;NULL;;2026-05-09 19:11:50;Kellner 5;WAHR;9;voucher;;111
422;509;119;ORDER: CREATED - Bestellung erfasst;H5;Hendl mit Pommes;#0070c0;Essen;12,5;0;NULL;;2026-05-09 19:11:50;Kellner 5;WAHR;12,5;cash;;94
423;525;120;ORDER: CREATED - Bestellung erfasst;A2;Hendl mit Pommes;#0070c0;Essen;12,5;0;NULL;;2026-05-09 19:11:55;Kellner 2;WAHR;12,5;voucher;;133
424;520;120;ORDER: CREATED - Bestellung erfasst;A2;Hendl mit Pommes;#0070c0;Essen;12,5;0;NULL;;2026-05-09 19:11:55;Kellner 2;WAHR;12,5;voucher;;133
425;521;120;ORDER: CREATED - Bestellung erfasst;A2;Hendl mit Pommes;#0070c0;Essen;12,5;0;NULL;;2026-05-09 19:11:55;Kellner 2;WAHR;12,5;voucher;;133
426;522;120;ORDER: CREATED - Bestellung erfasst;A2;Hendl mit Pommes;#0070c0;Essen;12,5;0;NULL;;2026-05-09 19:11:55;Kellner 2;WAHR;12,5;voucher;;133
427;523;120;ORDER: CREATED - Bestellung erfasst;A2;Hendl mit Pommes;#0070c0;Essen;12,5;0;NULL;;2026-05-09 19:11:55;Kellner 2;WAHR;12,5;voucher;;133
428;524;120;ORDER: CREATED - Bestellung erfasst;A2;Hendl mit Pommes;#0070c0;Essen;12,5;0;NULL;;2026-05-09 19:11:55;Kellner 2;WAHR;12,5;voucher;;133
429;526;120;ORDER: CREATED - Bestellung erfasst;A2;Hendl mit Pommes;#0070c0;Essen;12,5;0;NULL;;2026-05-09 19:11:55;Kellner 2;WAHR;12,5;voucher;;133
430;527;120;ORDER: CREATED - Bestellung erfasst;A2;Hendl mit Pommes;#0070c0;Essen;12,5;0;NULL;;2026-05-09 19:11:55;Kellner 2;WAHR;12,5;voucher;;133
431;528;120;ORDER: CREATED - Bestellung erfasst;A2;Hendl mit Pommes;#0070c0;Essen;12,5;0;NULL;;2026-05-09 19:11:55;Kellner 2;WAHR;12,5;voucher;;133
432;529;120;ORDER: CREATED - Bestellung erfasst;A2;Hendl mit Pommes;#0070c0;Essen;12,5;0;NULL;;2026-05-09 19:11:55;Kellner 2;WAHR;12,5;voucher;;133
433;530;120;ORDER: CREATED - Bestellung erfasst;A2;Hendl mit Pommes;#0070c0;Essen;12,5;0;NULL;;2026-05-09 19:11:55;Kellner 2;WAHR;12,5;voucher;;133
434;531;120;ORDER: CREATED - Bestellung erfasst;A2;Hendl mit Pommes;#0070c0;Essen;12,5;0;NULL;;2026-05-09 19:11:55;Kellner 2;WAHR;12,5;voucher;;133
435;532;120;ORDER: CREATED - Bestellung erfasst;A2;Hendl mit Pommes;#0070c0;Essen;12,5;0;NULL;;2026-05-09 19:11:55;Kellner 2;WAHR;12,5;voucher;;183
436;533;120;ORDER: CREATED - Bestellung erfasst;A2;Schnitzel mit Pommes;#827717;Essen;11,5;0;NULL;;2026-05-09 19:11:55;Kellner 2;WAHR;11,5;voucher;;62
437;536;121;ORDER: CREATED - Bestellung erfasst;E4;Bier 0,5;#fbc02d;Alk;4,5;0;NULL;;2026-05-09 19:12:01;Kellner 1;WAHR;4,5;voucher;;
438;535;121;ORDER: CREATED - Bestellung erfasst;E4;Bier 0,5;#fbc02d;Alk;4,5;0;NULL;;2026-05-09 19:12:01;Kellner 1;WAHR;4,5;voucher;;
439;534;121;ORDER: CREATED - Bestellung erfasst;E4;Radler 0,5;#afb42b;Alk;4,5;0;NULL;;2026-05-09 19:12:01;Kellner 1;WAHR;4,5;voucher;;
440;539;121;ORDER: CREATED - Bestellung erfasst;E4;Sommer spritzer 0,5;#fff176;Alk;4,5;0;NULL;;2026-05-09 19:12:01;Kellner 1;WAHR;4,5;voucher;;
441;541;121;ORDER: CREATED - Bestellung erfasst;E4;Sommer spritzer 0,5;#fff176;Alk;4,5;0;NULL;;2026-05-09 19:12:01;Kellner 1;WAHR;4,5;voucher;;
442;538;121;ORDER: CREATED - Bestellung erfasst;E4;Sommer spritzer 0,5;#fff176;Alk;4,5;0;NULL;;2026-05-09 19:12:01;Kellner 1;WAHR;4,5;voucher;;
443;540;121;ORDER: CREATED - Bestellung erfasst;E4;Sommer spritzer 0,5;#fff176;Alk;4,5;0;NULL;;2026-05-09 19:12:01;Kellner 1;WAHR;4,5;voucher;;
444;537;121;ORDER: CREATED - Bestellung erfasst;E4;Sommer spritzer 0,5;#fff176;Alk;4,5;0;NULL;;2026-05-09 19:12:01;Kellner 1;WAHR;4,5;voucher;;
445;546;122;ORDER: CREATED - Bestellung erfasst;I5;Hendl mit Pommes;#0070c0;Essen;12,5;0;NULL;;2026-05-09 19:12:09;Kellner 6;WAHR;12,5;cash;;169
446;544;122;ORDER: CREATED - Bestellung erfasst;I5;Hendl mit Pommes;#0070c0;Essen;12,5;0;NULL;;2026-05-09 19:12:09;Kellner 6;WAHR;12,5;cash;;169
447;543;122;ORDER: CREATED - Bestellung erfasst;I5;Schnitzel mit Pommes;#827717;Essen;11,5;0;NULL;;2026-05-09 19:12:09;Kellner 6;WAHR;11,5;cash;;48
448;542;122;ORDER: CREATED - Bestellung erfasst;I5;Hendl mit Pommes;#0070c0;Essen;12,5;0;NULL;;2026-05-09 19:12:09;Kellner 6;WAHR;12,5;cash;;169
449;547;122;ORDER: CREATED - Bestellung erfasst;I5;Schnitzel mit Pommes;#827717;Essen;11,5;0;NULL;;2026-05-09 19:12:09;Kellner 6;WAHR;11,5;cash;;76
450;545;122;ORDER: CREATED - Bestellung erfasst;I5;Hendl mit Pommes;#0070c0;Essen;12,5;0;NULL;;2026-05-09 19:12:09;Kellner 6;WAHR;12,5;cash;;169
451;552;123;ORDER: CREATED - Bestellung erfasst;E10;Bier 0,5;#fbc02d;Alk;4,5;0;NULL;;2026-05-09 19:12:11;Kellner 9;WAHR;4,5;voucher;;
452;549;123;ORDER: CREATED - Bestellung erfasst;E10;Bier 0,5;#fbc02d;Alk;4,5;0;NULL;;2026-05-09 19:12:11;Kellner 9;WAHR;4,5;voucher;;
453;550;123;ORDER: CREATED - Bestellung erfasst;E10;Bier 0,5;#fbc02d;Alk;4,5;0;NULL;;2026-05-09 19:12:11;Kellner 9;WAHR;4,5;voucher;;
454;551;123;ORDER: CREATED - Bestellung erfasst;E10;Bier 0,5;#fbc02d;Alk;4,5;0;NULL;;2026-05-09 19:12:11;Kellner 9;WAHR;4,5;voucher;;
455;548;123;ORDER: CREATED - Bestellung erfasst;E10;Bier 0,5;#fbc02d;Alk;4,5;0;NULL;;2026-05-09 19:12:11;Kellner 9;WAHR;4,5;voucher;;
456;553;123;ORDER: CREATED - Bestellung erfasst;E10;Bier 0,5;#fbc02d;Alk;4,5;0;NULL;;2026-05-09 19:12:11;Kellner 9;WAHR;4,5;voucher;;
457;557;124;ORDER: CREATED - Bestellung erfasst;U12;Soda zitron 0,5;#4fc3f7;Anti;3;0;NULL;;2026-05-09 19:12:23;Kellner 7;WAHR;3;cash;;
458;556;124;ORDER: CREATED - Bestellung erfasst;U12;Limo Orange 0,33;#ffc107;Anti;3;0;NULL;;2026-05-09 19:12:23;Kellner 7;WAHR;3;cash;;
459;555;124;ORDER: CREATED - Bestellung erfasst;U12;Sommer spritzer 0,5;#fff176;Alk;4,5;0;NULL;;2026-05-09 19:12:23;Kellner 7;WAHR;4,5;cash;;
460;554;124;ORDER: CREATED - Bestellung erfasst;U12;Sommer spritzer 0,5;#fff176;Alk;4,5;0;NULL;;2026-05-09 19:12:23;Kellner 7;WAHR;4,5;cash;;
461;562;125;ORDER: CREATED - Bestellung erfasst;B6;Hendl mit Pommes;#0070c0;Essen;12,5;0;NULL;;2026-05-09 19:12:23;Kellner 12;WAHR;12,5;voucher;;154
462;560;125;ORDER: CREATED - Bestellung erfasst;B6;Grillwürstel mit Pommes;#8bc34a;Essen;8;0;NULL;;2026-05-09 19:12:23;Kellner 12;WAHR;8;voucher;;115
463;559;125;ORDER: CREATED - Bestellung erfasst;B6;Hendl mit Pommes;#0070c0;Essen;12,5;0;NULL;;2026-05-09 19:12:23;Kellner 12;WAHR;12,5;voucher;;154
464;564;125;ORDER: CREATED - Bestellung erfasst;B6;Hendl mit Pommes;#0070c0;Essen;12,5;0;NULL;;2026-05-09 19:12:23;Kellner 12;WAHR;12,5;voucher;;154
465;565;125;ORDER: CREATED - Bestellung erfasst;B6;Schnitzel mit Pommes;#827717;Essen;11,5;0;NULL;;2026-05-09 19:12:23;Kellner 12;WAHR;11,5;voucher;;78
466;558;125;ORDER: CREATED - Bestellung erfasst;B6;Hendl mit Pommes;#0070c0;Essen;12,5;0;NULL;;2026-05-09 19:12:23;Kellner 12;WAHR;12,5;voucher;;154
467;563;125;ORDER: CREATED - Bestellung erfasst;B6;Grillwürstel mit Pommes;#8bc34a;Essen;8;0;NULL;;2026-05-09 19:12:23;Kellner 12;WAHR;8;voucher;;115
468;561;125;ORDER: CREATED - Bestellung erfasst;B6;Hendl mit Pommes;#0070c0;Essen;12,5;0;NULL;;2026-05-09 19:12:23;Kellner 12;WAHR;12,5;voucher;;154
469;568;126;ORDER: CREATED - Bestellung erfasst;E10;Sommer spritzer 0,5;#fff176;Alk;4,5;0;NULL;;2026-05-09 19:12:37;Kellner 9;WAHR;4,5;voucher;;
470;567;126;ORDER: CREATED - Bestellung erfasst;E10;Sommer spritzer 0,5;#fff176;Alk;4,5;0;NULL;;2026-05-09 19:12:37;Kellner 9;WAHR;4,5;voucher;;
471;566;126;ORDER: CREATED - Bestellung erfasst;E10;Sommer spritzer 0,5;#fff176;Alk;4,5;0;NULL;;2026-05-09 19:12:37;Kellner 9;WAHR;4,5;voucher;;
472;570;126;ORDER: CREATED - Bestellung erfasst;E10;Bier 0,5;#fbc02d;Alk;4,5;0;NULL;;2026-05-09 19:12:37;Kellner 9;WAHR;4,5;voucher;;
473;569;126;ORDER: CREATED - Bestellung erfasst;E10;Sommer spritzer 0,5;#fff176;Alk;4,5;0;NULL;;2026-05-09 19:12:37;Kellner 9;WAHR;4,5;voucher;;
474;573;127;ORDER: CREATED - Bestellung erfasst;C7;Soda zitron 0,5;#4fc3f7;Anti;3;0;NULL;;2026-05-09 19:12:53;Kellner 11;WAHR;3;voucher;;
475;580;127;ORDER: CREATED - Bestellung erfasst;C7;Bier 0,5;#fbc02d;Alk;4,5;0;NULL;;2026-05-09 19:12:53;Kellner 11;WAHR;4,5;voucher;;
476;579;127;ORDER: CREATED - Bestellung erfasst;C7;Radler 0,5;#afb42b;Alk;4,5;0;NULL;;2026-05-09 19:12:53;Kellner 11;WAHR;4,5;voucher;;
477;578;127;ORDER: CREATED - Bestellung erfasst;C7;Bier 0,5;#fbc02d;Alk;4,5;0;NULL;;2026-05-09 19:12:53;Kellner 11;WAHR;4,5;voucher;;
478;577;127;ORDER: CREATED - Bestellung erfasst;C7;Bier 0,5;#fbc02d;Alk;4,5;0;NULL;;2026-05-09 19:12:53;Kellner 11;WAHR;4,5;voucher;;
479;576;127;ORDER: CREATED - Bestellung erfasst;C7;Limo Orange 0,33;#ffc107;Anti;3;0;NULL;;2026-05-09 19:12:53;Kellner 11;WAHR;3;voucher;;
480;575;127;ORDER: CREATED - Bestellung erfasst;C7;Limo Orange 0,33;#ffc107;Anti;3;0;NULL;;2026-05-09 19:12:53;Kellner 11;WAHR;3;voucher;;
481;574;127;ORDER: CREATED - Bestellung erfasst;C7;Limo Zitrone 0,33;#ffeb3b;Anti;3;0;NULL;;2026-05-09 19:12:53;Kellner 11;WAHR;3;voucher;;
482;572;127;ORDER: CREATED - Bestellung erfasst;C7;Freibier 0.5;#ffeb3b;Alk;4,5;0;NULL;;2026-05-09 19:12:53;Kellner 11;WAHR;4,5;voucher;;
483;571;127;ORDER: CREATED - Bestellung erfasst;C7;Radler 0,5;#afb42b;Alk;4,5;0;NULL;;2026-05-09 19:12:53;Kellner 11;WAHR;4,5;voucher;;
484;582;128;ORDER: CREATED - Bestellung erfasst;B2;Bier 0,5;#fbc02d;Alk;4,5;0;NULL;;2026-05-09 19:13:12;Kellner 2;WAHR;4,5;voucher;;
485;581;128;ORDER: CREATED - Bestellung erfasst;B2;Bier 0,5;#fbc02d;Alk;4,5;0;NULL;;2026-05-09 19:13:12;Kellner 2;WAHR;4,5;voucher;;
486;588;128;ORDER: CREATED - Bestellung erfasst;B2;Bier 0,5;#fbc02d;Alk;4,5;0;NULL;;2026-05-09 19:13:12;Kellner 2;WAHR;4,5;voucher;;
487;587;128;ORDER: CREATED - Bestellung erfasst;B2;Bier 0,5;#fbc02d;Alk;4,5;0;NULL;;2026-05-09 19:13:12;Kellner 2;WAHR;4,5;voucher;;
488;586;128;ORDER: CREATED - Bestellung erfasst;B2;Bier 0,5;#fbc02d;Alk;4,5;0;NULL;;2026-05-09 19:13:12;Kellner 2;WAHR;4,5;voucher;;
489;585;128;ORDER: CREATED - Bestellung erfasst;B2;Bier 0,5;#fbc02d;Alk;4,5;0;NULL;;2026-05-09 19:13:12;Kellner 2;WAHR;4,5;voucher;;
490;584;128;ORDER: CREATED - Bestellung erfasst;B2;Bier 0,5;#fbc02d;Alk;4,5;0;NULL;;2026-05-09 19:13:12;Kellner 2;WAHR;4,5;voucher;;
491;583;128;ORDER: CREATED - Bestellung erfasst;B2;Bier 0,5;#fbc02d;Alk;4,5;0;NULL;;2026-05-09 19:13:12;Kellner 2;WAHR;4,5;voucher;;
492;592;128;ORDER: CREATED - Bestellung erfasst;B2;Sommer spritzer 0,5;#fff176;Alk;4,5;0;NULL;;2026-05-09 19:13:12;Kellner 2;WAHR;4,5;voucher;;
493;591;128;ORDER: CREATED - Bestellung erfasst;B2;Cola 0,33;#004d40;Anti;3;0;NULL;;2026-05-09 19:13:12;Kellner 2;WAHR;3;voucher;;
494;590;128;ORDER: CREATED - Bestellung erfasst;B2;Sommer spritzer 0,5;#fff176;Alk;4,5;0;NULL;;2026-05-09 19:13:12;Kellner 2;WAHR;4,5;voucher;;
495;589;128;ORDER: CREATED - Bestellung erfasst;B2;Bier 0,5;#fbc02d;Alk;4,5;0;NULL;;2026-05-09 19:13:12;Kellner 2;WAHR;4,5;voucher;;
496;593;129;ORDER: CREATED - Bestellung erfasst;E10;Cola 0,33;#004d40;Anti;3;0;NULL;;2026-05-09 19:13:16;Kellner 9;WAHR;3;voucher;;
497;594;129;ORDER: CREATED - Bestellung erfasst;E10;Cola 0,33;#004d40;Anti;3;0;NULL;;2026-05-09 19:13:16;Kellner 9;WAHR;3;voucher;;
498;597;130;ORDER: CREATED - Bestellung erfasst;B8;Freibier 0.5;#ffeb3b;Alk;4,5;0;NULL;;2026-05-09 19:13:17;Kellner 8;WAHR;4,5;cash;;
499;596;130;ORDER: CREATED - Bestellung erfasst;B8;Bier 0,5;#fbc02d;Alk;4,5;0;NULL;;2026-05-09 19:13:17;Kellner 8;WAHR;4,5;cash;;
500;595;130;ORDER: CREATED - Bestellung erfasst;B8;Bier 0,5;#fbc02d;Alk;4,5;0;NULL;;2026-05-09 19:13:17;Kellner 8;WAHR;4,5;cash;;
501;598;130;ORDER: CREATED - Bestellung erfasst;B8;Almdudler 0,33;#fbc02d;Anti;3;0;NULL;;2026-05-09 19:13:17;Kellner 8;WAHR;3;cash;;
502;603;131;ORDER: CREATED - Bestellung erfasst;D2;Bier 0,5;#fbc02d;Alk;4,5;0;NULL;;2026-05-09 19:13:27;Kellner 1;WAHR;4,5;voucher;;
503;599;131;ORDER: CREATED - Bestellung erfasst;D2;Bier 0,5;#fbc02d;Alk;4,5;0;NULL;;2026-05-09 19:13:27;Kellner 1;WAHR;4,5;voucher;;
504;600;131;ORDER: CREATED - Bestellung erfasst;D2;Bier 0,5;#fbc02d;Alk;4,5;0;NULL;;2026-05-09 19:13:27;Kellner 1;WAHR;4,5;voucher;;
505;601;131;ORDER: CREATED - Bestellung erfasst;D2;Bier 0,5;#fbc02d;Alk;4,5;0;NULL;;2026-05-09 19:13:27;Kellner 1;WAHR;4,5;voucher;;
506;602;131;ORDER: CREATED - Bestellung erfasst;D2;Bier 0,5;#fbc02d;Alk;4,5;0;NULL;;2026-05-09 19:13:27;Kellner 1;WAHR;4,5;voucher;;
507;604;131;ORDER: CREATED - Bestellung erfasst;D2;Bier 0,5;#fbc02d;Alk;4,5;0;NULL;;2026-05-09 19:13:27;Kellner 1;WAHR;4,5;voucher;;
508;605;131;ORDER: CREATED - Bestellung erfasst;D2;Sommer spritzer 0,5;#fff176;Alk;4,5;0;NULL;;2026-05-09 19:13:27;Kellner 1;WAHR;4,5;voucher;;
509;606;131;ORDER: CREATED - Bestellung erfasst;D2;Sommer spritzer 0,5;#fff176;Alk;4,5;0;NULL;;2026-05-09 19:13:27;Kellner 1;WAHR;4,5;voucher;;
510;607;131;ORDER: CREATED - Bestellung erfasst;D2;Sommer spritzer 0,5;#fff176;Alk;4,5;0;NULL;;2026-05-09 19:13:27;Kellner 1;WAHR;4,5;voucher;;
511;616;132;ORDER: CREATED - Bestellung erfasst;C7;Hendl mit Pommes;#0070c0;Essen;12,5;0;NULL;;2026-05-09 19:13:33;Kellner 11;WAHR;12,5;voucher;;133
512;617;132;ORDER: CREATED - Bestellung erfasst;C7;Backhendl Salat;#4fc3f7;Essen;9;0;NULL;;2026-05-09 19:13:33;Kellner 11;WAHR;9;voucher;;91
513;618;132;ORDER: CREATED - Bestellung erfasst;C7;Grillwürstel mit Pommes;#8bc34a;Essen;8;0;NULL;;2026-05-09 19:13:33;Kellner 11;WAHR;8;voucher;;60
514;612;132;ORDER: CREATED - Bestellung erfasst;C7;Hendl mit Pommes;#0070c0;Essen;12,5;0;NULL;;2026-05-09 19:13:33;Kellner 11;WAHR;12,5;voucher;;133
515;611;132;ORDER: CREATED - Bestellung erfasst;C7;Hendl mit Pommes;#0070c0;Essen;12,5;0;NULL;;2026-05-09 19:13:33;Kellner 11;WAHR;12,5;voucher;;133
516;610;132;ORDER: CREATED - Bestellung erfasst;C7;Hendl mit Pommes;#0070c0;Essen;12,5;0;NULL;;2026-05-09 19:13:33;Kellner 11;WAHR;12,5;voucher;;133
517;615;132;ORDER: CREATED - Bestellung erfasst;C7;Hendl mit Pommes;#0070c0;Essen;12,5;0;NULL;;2026-05-09 19:13:33;Kellner 11;WAHR;12,5;voucher;;133
518;608;132;ORDER: CREATED - Bestellung erfasst;C7;Hendl mit Pommes;#0070c0;Essen;12,5;0;NULL;;2026-05-09 19:13:33;Kellner 11;WAHR;12,5;voucher;;85
519;609;132;ORDER: CREATED - Bestellung erfasst;C7;Hendl mit Pommes;#0070c0;Essen;12,5;0;NULL;;2026-05-09 19:13:33;Kellner 11;WAHR;12,5;voucher;;133
520;614;132;ORDER: CREATED - Bestellung erfasst;C7;Hendl mit Pommes;#0070c0;Essen;12,5;0;NULL;;2026-05-09 19:13:33;Kellner 11;WAHR;12,5;voucher;;133
521;613;132;ORDER: CREATED - Bestellung erfasst;C7;Hendl mit Pommes;#0070c0;Essen;12,5;0;NULL;;2026-05-09 19:13:33;Kellner 11;WAHR;12,5;voucher;;133
522;619;133;ORDER: CREATED - Bestellung erfasst;U11;Gemüselaibchen mit Salat;#ffeb3b;Essen;9;0;NULL;;2026-05-09 19:13:41;Kellner 7;WAHR;9;cash;;38
523;620;133;ORDER: CREATED - Bestellung erfasst;U11;Bier 0,5;#fbc02d;Alk;4,5;0;NULL;;2026-05-09 19:13:41;Kellner 7;WAHR;4,5;cash;;
524;622;133;ORDER: CREATED - Bestellung erfasst;U11;Sommer spritzer 0,5;#fff176;Alk;4,5;0;NULL;;2026-05-09 19:13:41;Kellner 7;WAHR;4,5;cash;;
525;621;133;ORDER: CREATED - Bestellung erfasst;U11;Schnitzelsemmerl;#f57f17;Essen;4,5;0;NULL;;2026-05-09 19:13:41;Kellner 7;WAHR;4,5;cash;;53
526;628;134;ORDER: CREATED - Bestellung erfasst;F10;Hendl mit Pommes;#0070c0;Essen;12,5;0;NULL;;2026-05-09 19:13:59;Kellner 10;WAHR;12,5;voucher;;135
527;623;134;ORDER: CREATED - Bestellung erfasst;F10;Hendl mit Pommes;#0070c0;Essen;12,5;0;NULL;;2026-05-09 19:13:59;Kellner 10;WAHR;12,5;voucher;;107
528;624;134;ORDER: CREATED - Bestellung erfasst;F10;Hendl mit Pommes;#0070c0;Essen;12,5;0;NULL;;2026-05-09 19:13:59;Kellner 10;WAHR;12,5;voucher;;123
529;625;134;ORDER: CREATED - Bestellung erfasst;F10;Hendl mit Pommes;#0070c0;Essen;12,5;0;NULL;;2026-05-09 19:13:59;Kellner 10;WAHR;12,5;voucher;;123
530;626;134;ORDER: CREATED - Bestellung erfasst;F10;Hendl mit Pommes;#0070c0;Essen;12,5;0;NULL;;2026-05-09 19:13:59;Kellner 10;WAHR;12,5;voucher;;135
531;627;134;ORDER: CREATED - Bestellung erfasst;F10;Hendl mit Pommes;#0070c0;Essen;12,5;0;NULL;;2026-05-09 19:13:59;Kellner 10;WAHR;12,5;voucher;;135
532;629;134;ORDER: CREATED - Bestellung erfasst;F10;Backhendl Salat;#4fc3f7;Essen;9;0;NULL;;2026-05-09 19:13:59;Kellner 10;WAHR;9;voucher;;90
533;630;134;ORDER: CREATED - Bestellung erfasst;F10;Hendl mit Pommes;#0070c0;Essen;12,5;0;NULL;;2026-05-09 19:13:59;Kellner 10;WAHR;12,5;voucher;;135
534;631;134;ORDER: CREATED - Bestellung erfasst;F10;Hendl mit Pommes;#0070c0;Essen;12,5;0;NULL;;2026-05-09 19:13:59;Kellner 10;WAHR;12,5;voucher;;135
535;632;134;ORDER: CREATED - Bestellung erfasst;F10;Hendl mit Pommes;#0070c0;Essen;12,5;0;NULL;;2026-05-09 19:13:59;Kellner 10;WAHR;12,5;voucher;;135
536;633;134;ORDER: CREATED - Bestellung erfasst;F10;Hendl mit Pommes;#0070c0;Essen;12,5;0;NULL;;2026-05-09 19:13:59;Kellner 10;WAHR;12,5;voucher;;135
537;634;134;ORDER: CREATED - Bestellung erfasst;F10;Hendl mit Pommes;#0070c0;Essen;12,5;0;NULL;;2026-05-09 19:13:59;Kellner 10;WAHR;12,5;voucher;;135
538;642;135;ORDER: CREATED - Bestellung erfasst;B2;Hendl mit Pommes;#0070c0;Essen;12,5;0;NULL;;2026-05-09 19:14:01;Kellner 2;WAHR;12,5;voucher;;223
539;641;135;ORDER: CREATED - Bestellung erfasst;B2;Hendl mit Pommes;#0070c0;Essen;12,5;0;NULL;;2026-05-09 19:14:01;Kellner 2;WAHR;12,5;voucher;;174
540;640;135;ORDER: CREATED - Bestellung erfasst;B2;Hendl mit Pommes;#0070c0;Essen;12,5;0;NULL;;2026-05-09 19:14:01;Kellner 2;WAHR;12,5;voucher;;174
541;639;135;ORDER: CREATED - Bestellung erfasst;B2;Hendl mit Pommes;#0070c0;Essen;12,5;0;NULL;;2026-05-09 19:14:01;Kellner 2;WAHR;12,5;voucher;;174
542;638;135;ORDER: CREATED - Bestellung erfasst;B2;Hendl mit Pommes;#0070c0;Essen;12,5;0;NULL;;2026-05-09 19:14:01;Kellner 2;WAHR;12,5;voucher;;174
543;637;135;ORDER: CREATED - Bestellung erfasst;B2;Hendl mit Pommes;#0070c0;Essen;12,5;0;NULL;;2026-05-09 19:14:01;Kellner 2;WAHR;12,5;voucher;;174
544;636;135;ORDER: CREATED - Bestellung erfasst;B2;Hendl mit Pommes;#0070c0;Essen;12,5;0;NULL;;2026-05-09 19:14:01;Kellner 2;WAHR;12,5;voucher;;133
545;635;135;ORDER: CREATED - Bestellung erfasst;B2;Hendl mit Pommes;#0070c0;Essen;12,5;0;NULL;;2026-05-09 19:14:01;Kellner 2;WAHR;12,5;voucher;;133
546;646;135;ORDER: CREATED - Bestellung erfasst;B2;Hendl mit Pommes;#0070c0;Essen;12,5;0;NULL;;2026-05-09 19:14:01;Kellner 2;WAHR;12,5;voucher;;223
547;645;135;ORDER: CREATED - Bestellung erfasst;B2;Hendl mit Pommes;#0070c0;Essen;12,5;0;NULL;;2026-05-09 19:14:01;Kellner 2;WAHR;12,5;voucher;;223
548;644;135;ORDER: CREATED - Bestellung erfasst;B2;Hendl mit Pommes;#0070c0;Essen;12,5;0;NULL;;2026-05-09 19:14:01;Kellner 2;WAHR;12,5;voucher;;223
549;643;135;ORDER: CREATED - Bestellung erfasst;B2;Hendl mit Pommes;#0070c0;Essen;12,5;0;NULL;;2026-05-09 19:14:01;Kellner 2;WAHR;12,5;voucher;;223
550;647;136;ORDER: CREATED - Bestellung erfasst;E1;Soda zitron 0,5;#4fc3f7;Anti;3;0;NULL;;2026-05-09 19:14:02;Kellner 3;WAHR;3;voucher;;
551;649;136;ORDER: CREATED - Bestellung erfasst;E1;Bier 0,5;#fbc02d;Alk;4,5;0;NULL;;2026-05-09 19:14:02;Kellner 3;WAHR;4,5;voucher;;
552;650;136;ORDER: CREATED - Bestellung erfasst;E1;Bier 0,5;#fbc02d;Alk;4,5;0;NULL;;2026-05-09 19:14:02;Kellner 3;WAHR;4,5;voucher;;
553;651;136;ORDER: CREATED - Bestellung erfasst;E1;Bier 0,5;#fbc02d;Alk;4,5;0;NULL;;2026-05-09 19:14:02;Kellner 3;WAHR;4,5;voucher;;
554;652;136;ORDER: CREATED - Bestellung erfasst;E1;Bier 0,5;#fbc02d;Alk;4,5;0;NULL;;2026-05-09 19:14:02;Kellner 3;WAHR;4,5;voucher;;
555;653;136;ORDER: CREATED - Bestellung erfasst;E1;Soda zitron 0,5;#4fc3f7;Anti;3;0;NULL;;2026-05-09 19:14:02;Kellner 3;WAHR;3;voucher;;
556;654;136;ORDER: CREATED - Bestellung erfasst;E1;Schnitzelsemmerl;#f57f17;Essen;4,5;0;NULL;;2026-05-09 19:14:02;Kellner 3;WAHR;4,5;voucher;;62
557;655;136;ORDER: CREATED - Bestellung erfasst;E1;Schnitzelsemmerl;#f57f17;Essen;4,5;0;NULL;;2026-05-09 19:14:02;Kellner 3;WAHR;4,5;voucher;;62
558;648;136;ORDER: CREATED - Bestellung erfasst;E1;Grillwürstel mit Pommes;#8bc34a;Essen;8;0;NULL;;2026-05-09 19:14:02;Kellner 3;WAHR;8;voucher;;44
559;656;137;ORDER: CREATED - Bestellung erfasst;U12;Grillwürstel mit Pommes;#8bc34a;Essen;8;0;NULL;;2026-05-09 19:14:10;Kellner 7;WAHR;8;cash;;79
560;660;138;ORDER: CREATED - Bestellung erfasst;B8;Hendl mit Pommes;#0070c0;Essen;12,5;0;NULL;;2026-05-09 19:14:29;Kellner 8;WAHR;12,5;cash;;194
561;659;138;ORDER: CREATED - Bestellung erfasst;B8;Hendl mit Pommes;#0070c0;Essen;12,5;0;NULL;;2026-05-09 19:14:29;Kellner 8;WAHR;12,5;cash;;194
562;657;138;ORDER: CREATED - Bestellung erfasst;B8;Hendl mit Pommes;#0070c0;Essen;12,5;0;NULL;;2026-05-09 19:14:29;Kellner 8;WAHR;12,5;cash;;194
563;658;138;ORDER: CREATED - Bestellung erfasst;B8;Backhendl Salat;#4fc3f7;Essen;9;0;NULL;;2026-05-09 19:14:29;Kellner 8;WAHR;9;cash;;59
564;661;139;ORDER: CREATED - Bestellung erfasst;E10;Hendl mit Pommes;#0070c0;Essen;12,5;0;NULL;;2026-05-09 19:14:31;Kellner 9;WAHR;12,5;free;;193
565;662;139;ORDER: CREATED - Bestellung erfasst;E10;Hendl mit Pommes;#0070c0;Essen;12,5;0;NULL;;2026-05-09 19:14:31;Kellner 9;WAHR;12,5;free;;193
566;665;140;ORDER: CREATED - Bestellung erfasst;G3;Hendl mit Pommes;#0070c0;Essen;12,5;0;NULL;;2026-05-09 19:14:31;Kellner 4;WAHR;12,5;cash;;228
567;668;140;ORDER: CREATED - Bestellung erfasst;G3;Hendl mit Pommes;#0070c0;Essen;12,5;0;NULL;;2026-05-09 19:14:31;Kellner 4;WAHR;12,5;cash;;228
568;667;140;ORDER: CREATED - Bestellung erfasst;G3;Hendl mit Pommes;#0070c0;Essen;12,5;0;NULL;;2026-05-09 19:14:31;Kellner 4;WAHR;12,5;cash;;228
569;666;140;ORDER: CREATED - Bestellung erfasst;G3;Hendl mit Pommes;#0070c0;Essen;12,5;0;NULL;;2026-05-09 19:14:31;Kellner 4;WAHR;12,5;cash;;228
570;664;140;ORDER: CREATED - Bestellung erfasst;G3;Schnitzel mit Pommes;#827717;Essen;11,5;0;NULL;;2026-05-09 19:14:31;Kellner 4;WAHR;11,5;cash;;16
571;663;140;ORDER: CREATED - Bestellung erfasst;G3;Hendl mit Pommes;#0070c0;Essen;12,5;0;NULL;;2026-05-09 19:14:31;Kellner 4;WAHR;12,5;cash;;228
572;669;140;ORDER: CREATED - Bestellung erfasst;G3;Hendl mit Pommes;#0070c0;Essen;12,5;0;NULL;;2026-05-09 19:14:31;Kellner 4;WAHR;12,5;cash;;228
573;670;141;ORDER: CREATED - Bestellung erfasst;D2;Hendl mit Pommes;#0070c0;Essen;12,5;0;NULL;;2026-05-09 19:14:48;Kellner 1;WAHR;12,5;voucher;;219
574;674;141;ORDER: CREATED - Bestellung erfasst;D2;Hendl mit Pommes;#0070c0;Essen;12,5;0;NULL;;2026-05-09 19:14:48;Kellner 1;WAHR;12,5;cash;;219
575;671;141;ORDER: CREATED - Bestellung erfasst;D2;Hendl mit Pommes;#0070c0;Essen;12,5;0;NULL;;2026-05-09 19:14:48;Kellner 1;WAHR;12,5;cash;;219
576;672;141;ORDER: CREATED - Bestellung erfasst;D2;Hendl mit Pommes;#0070c0;Essen;12,5;0;NULL;;2026-05-09 19:14:48;Kellner 1;WAHR;12,5;cash;;219
577;673;141;ORDER: CREATED - Bestellung erfasst;D2;Hendl mit Pommes;#0070c0;Essen;12,5;0;NULL;;2026-05-09 19:14:48;Kellner 1;WAHR;12,5;cash;;219
578;678;141;ORDER: CREATED - Bestellung erfasst;D2;Hendl mit Pommes;#0070c0;Essen;12,5;0;NULL;;2026-05-09 19:14:48;Kellner 1;WAHR;12,5;cash;;294
579;677;141;ORDER: CREATED - Bestellung erfasst;D2;Grillwürstel mit Pommes;#8bc34a;Essen;8;0;NULL;;2026-05-09 19:14:48;Kellner 1;WAHR;8;voucher;;126
580;676;141;ORDER: CREATED - Bestellung erfasst;D2;Grillwürstel mit Pommes;#8bc34a;Essen;8;0;NULL;;2026-05-09 19:14:48;Kellner 1;WAHR;8;cash;;64
581;675;141;ORDER: CREATED - Bestellung erfasst;D2;Hendl mit Pommes;#0070c0;Essen;12,5;0;NULL;;2026-05-09 19:14:48;Kellner 1;WAHR;12,5;cash;;294
582;680;142;ORDER: CREATED - Bestellung erfasst;U6;Hendl mit Pommes;#0070c0;Essen;12,5;0;NULL;;2026-05-09 19:14:49;Kellner 7;WAHR;12,5;cash;;293
583;681;142;ORDER: CREATED - Bestellung erfasst;U6;Freibier 0.5;#ffeb3b;Alk;4,5;0;NULL;;2026-05-09 19:14:49;Kellner 7;WAHR;4,5;cash;;
584;679;142;ORDER: CREATED - Bestellung erfasst;U6;Schnitzelsemmerl;#f57f17;Essen;4,5;0;NULL;;2026-05-09 19:14:49;Kellner 7;WAHR;4,5;cash;;88
585;684;143;ORDER: CREATED - Bestellung erfasst;C1;Radler 0,5;#afb42b;Alk;4,5;0;NULL;;2026-05-09 19:15:11;Kellner 2;WAHR;4,5;voucher;;
586;683;143;ORDER: CREATED - Bestellung erfasst;C1;Bier 0,5;#fbc02d;Alk;4,5;0;NULL;;2026-05-09 19:15:11;Kellner 2;WAHR;4,5;voucher;;
587;682;143;ORDER: CREATED - Bestellung erfasst;C1;Bier 0,5;#fbc02d;Alk;4,5;0;NULL;;2026-05-09 19:15:11;Kellner 2;WAHR;4,5;voucher;;
588;686;144;ORDER: CREATED - Bestellung erfasst;C5;Hendl mit Pommes;#0070c0;Essen;12,5;0;NULL;;2026-05-09 19:15:14;Kellner 12;WAHR;12,5;voucher;;269
589;689;144;ORDER: CREATED - Bestellung erfasst;C5;Schnitzel mit Pommes;#827717;Essen;11,5;0;NULL;;2026-05-09 19:15:14;Kellner 12;WAHR;11,5;voucher;;75
590;688;144;ORDER: CREATED - Bestellung erfasst;C5;Schnitzel mit Pommes;#827717;Essen;11,5;0;NULL;;2026-05-09 19:15:14;Kellner 12;WAHR;11,5;voucher;;75
591;687;144;ORDER: CREATED - Bestellung erfasst;C5;Schnitzel mit Pommes;#827717;Essen;11,5;0;NULL;;2026-05-09 19:15:14;Kellner 12;WAHR;11,5;voucher;;15
592;685;144;ORDER: CREATED - Bestellung erfasst;C5;Hendl mit Pommes;#0070c0;Essen;12,5;0;NULL;;2026-05-09 19:15:14;Kellner 12;WAHR;12,5;voucher;;269
593;690;145;ORDER: CREATED - Bestellung erfasst;A1;Hendl mit Pommes;#0070c0;Essen;12,5;0;NULL;;2026-05-09 19:15:35;Abholstation;WAHR;12,5;cash;;247
594;691;145;ORDER: CREATED - Bestellung erfasst;A1;Hendl mit Pommes;#0070c0;Essen;12,5;0;NULL;;2026-05-09 19:15:35;Abholstation;WAHR;12,5;cash;;247
595;693;146;ORDER: CREATED - Bestellung erfasst;U4;Bier 0,5;#fbc02d;Alk;4,5;0;NULL;;2026-05-09 19:15:38;Kellner 7;WAHR;4,5;cash;;
596;696;146;ORDER: CREATED - Bestellung erfasst;U4;Almdudler 0,33;#fbc02d;Anti;3;0;NULL;;2026-05-09 19:15:38;Kellner 7;WAHR;3;cash;;
597;695;146;ORDER: CREATED - Bestellung erfasst;U4;Hendl mit Pommes;#0070c0;Essen;12,5;0;NULL;;2026-05-09 19:15:38;Kellner 7;WAHR;12,5;cash;;244
598;694;146;ORDER: CREATED - Bestellung erfasst;U4;Hendl mit Pommes;#0070c0;Essen;12,5;0;NULL;;2026-05-09 19:15:38;Kellner 7;WAHR;12,5;cash;;244
599;692;146;ORDER: CREATED - Bestellung erfasst;U4;Radler 0,5;#afb42b;Alk;4,5;0;NULL;;2026-05-09 19:15:38;Kellner 7;WAHR;4,5;cash;;
600;702;147;ORDER: CREATED - Bestellung erfasst;F7;Hendl mit Pommes;#0070c0;Essen;12,5;0;NULL;;2026-05-09 19:15:46;Kellner 6;WAHR;12,5;voucher;;237
601;700;147;ORDER: CREATED - Bestellung erfasst;F7;Bier 0,5;#fbc02d;Alk;4,5;0;NULL;;2026-05-09 19:15:46;Kellner 6;WAHR;4,5;voucher;;
602;699;147;ORDER: CREATED - Bestellung erfasst;F7;Cola 0,33;#004d40;Anti;3;0;NULL;;2026-05-09 19:15:46;Kellner 6;WAHR;3;voucher;;
603;698;147;ORDER: CREATED - Bestellung erfasst;F7;Almdudler 0,33;#fbc02d;Anti;3;0;NULL;;2026-05-09 19:15:46;Kellner 6;WAHR;6;voucher;;
604;697;147;ORDER: CREATED - Bestellung erfasst;F7;Cola 0,33;#004d40;Anti;3;0;NULL;;2026-05-09 19:15:46;Kellner 6;WAHR;6;voucher;;
605;708;147;ORDER: CREATED - Bestellung erfasst;F7;Sommer spritzer 0,5;#fff176;Alk;4,5;0;NULL;;2026-05-09 19:15:46;Kellner 6;WAHR;4,5;voucher;;
606;701;147;ORDER: CREATED - Bestellung erfasst;F7;Bier 0,5;#fbc02d;Alk;4,5;0;NULL;;2026-05-09 19:15:46;Kellner 6;WAHR;4,5;voucher;;
607;707;147;ORDER: CREATED - Bestellung erfasst;F7;Hendl mit Pommes;#0070c0;Essen;12,5;0;NULL;;2026-05-09 19:15:46;Kellner 6;WAHR;12,5;voucher;;237
608;706;147;ORDER: CREATED - Bestellung erfasst;F7;Schnitzel mit Pommes;#827717;Essen;11,5;0;NULL;;2026-05-09 19:15:46;Kellner 6;WAHR;11,5;voucher;;58
609;705;147;ORDER: CREATED - Bestellung erfasst;F7;Backhendl Salat;#4fc3f7;Essen;9;0;NULL;;2026-05-09 19:15:46;Kellner 6;WAHR;18;voucher;;58
610;704;147;ORDER: CREATED - Bestellung erfasst;F7;Schnitzel mit Pommes;#827717;Essen;11,5;0;NULL;;2026-05-09 19:15:46;Kellner 6;WAHR;23;voucher;;47
611;703;147;ORDER: CREATED - Bestellung erfasst;F7;Hendl mit Pommes;#0070c0;Essen;12,5;0;NULL;;2026-05-09 19:15:46;Kellner 6;WAHR;12,5;voucher;;237
612;709;148;ORDER: CREATED - Bestellung erfasst;C1;Soda zitron 0,5;#4fc3f7;Anti;3;0;NULL;;2026-05-09 19:15:51;Kellner 2;WAHR;3;voucher;;
613;716;149;ORDER: CREATED - Bestellung erfasst;C6;Hendl mit Pommes;#0070c0;Essen;12,5;0;NULL;;2026-05-09 19:16:06;Kellner 12;WAHR;12,5;voucher;;217
614;717;149;ORDER: CREATED - Bestellung erfasst;C6;Schnitzel mit Pommes;#827717;Essen;11,5;0;NULL;;2026-05-09 19:16:06;Kellner 12;WAHR;11,5;voucher;;75
615;715;149;ORDER: CREATED - Bestellung erfasst;C6;Hendl mit Pommes;#0070c0;Essen;12,5;0;NULL;;2026-05-09 19:16:06;Kellner 12;WAHR;12,5;voucher;;217
616;714;149;ORDER: CREATED - Bestellung erfasst;C6;Schnitzel mit Pommes;#827717;Essen;11,5;0;NULL;;2026-05-09 19:16:06;Kellner 12;WAHR;11,5;voucher;;75
617;713;149;ORDER: CREATED - Bestellung erfasst;C6;Hendl mit Pommes;#0070c0;Essen;12,5;0;NULL;;2026-05-09 19:16:06;Kellner 12;WAHR;12,5;voucher;;217
618;712;149;ORDER: CREATED - Bestellung erfasst;C6;Hendl mit Pommes;#0070c0;Essen;12,5;0;NULL;;2026-05-09 19:16:06;Kellner 12;WAHR;12,5;voucher;;217
619;711;149;ORDER: CREATED - Bestellung erfasst;C6;Hendl mit Pommes;#0070c0;Essen;12,5;0;NULL;;2026-05-09 19:16:06;Kellner 12;WAHR;12,5;voucher;;217
620;710;149;ORDER: CREATED - Bestellung erfasst;C6;Schnitzel mit Pommes;#827717;Essen;11,5;0;NULL;;2026-05-09 19:16:06;Kellner 12;WAHR;11,5;voucher;;69
621;718;150;ORDER: CREATED - Bestellung erfasst;E4;Radler 0,5;#afb42b;Alk;4,5;0;NULL;;2026-05-09 19:16:30;Kellner 4;WAHR;4,5;cash;;
622;719;151;ORDER: CREATED - Bestellung erfasst;B7;Almdudler 0,33;#fbc02d;Anti;3;0;NULL;;2026-05-09 19:16:31;Kellner 8;WAHR;3;cash;;
623;720;152;ORDER: CREATED - Bestellung erfasst;C10;Sommer spritzer 0,5;#fff176;Alk;4,5;0;NULL;;2026-05-09 19:16:35;Kellner 9;WAHR;4,5;voucher;;
624;721;152;ORDER: CREATED - Bestellung erfasst;C10;Sommer spritzer 0,5;#fff176;Alk;4,5;0;NULL;;2026-05-09 19:16:35;Kellner 9;WAHR;4,5;voucher;;
625;729;152;ORDER: CREATED - Bestellung erfasst;C10;Cola 0,33;#004d40;Anti;3;0;NULL;;2026-05-09 19:16:35;Kellner 9;WAHR;3;cash;;
626;722;152;ORDER: CREATED - Bestellung erfasst;C10;Sommer spritzer 0,5;#fff176;Alk;4,5;0;NULL;;2026-05-09 19:16:35;Kellner 9;WAHR;4,5;voucher;;
627;728;152;ORDER: CREATED - Bestellung erfasst;C10;Soda zitron 0,5;#4fc3f7;Anti;3;0;NULL;;2026-05-09 19:16:35;Kellner 9;WAHR;3;voucher;;
628;723;152;ORDER: CREATED - Bestellung erfasst;C10;Sommer spritzer 0,5;#fff176;Alk;4,5;0;NULL;;2026-05-09 19:16:35;Kellner 9;WAHR;4,5;voucher;;
629;724;152;ORDER: CREATED - Bestellung erfasst;C10;Sommer spritzer 0,5;#fff176;Alk;4,5;0;NULL;;2026-05-09 19:16:35;Kellner 9;WAHR;4,5;voucher;;
630;726;152;ORDER: CREATED - Bestellung erfasst;C10;Mineral 0,33;#b3e5fc;Anti;2,5;0;NULL;;2026-05-09 19:16:35;Kellner 9;WAHR;2,5;voucher;;
631;725;152;ORDER: CREATED - Bestellung erfasst;C10;Bier 0,5;#fbc02d;Alk;4,5;0;NULL;;2026-05-09 19:16:35;Kellner 9;WAHR;4,5;voucher;;
632;727;152;ORDER: CREATED - Bestellung erfasst;C10;Mineral 0,33;#b3e5fc;Anti;2,5;0;NULL;;2026-05-09 19:16:35;Kellner 9;WAHR;2,5;voucher;;
633;731;153;ORDER: CREATED - Bestellung erfasst;D10;Bier 0,5;#fbc02d;Alk;4,5;0;NULL;;2026-05-09 19:16:43;Kellner 10;WAHR;4,5;cash;;
634;736;153;ORDER: CREATED - Bestellung erfasst;D10;Sommer spritzer 0,5;#fff176;Alk;4,5;0;NULL;;2026-05-09 19:16:43;Kellner 10;WAHR;4,5;cash;;
635;737;153;ORDER: CREATED - Bestellung erfasst;D10;Bier 0,5;#fbc02d;Alk;4,5;0;NULL;;2026-05-09 19:16:43;Kellner 10;WAHR;4,5;cash;;
636;738;153;ORDER: CREATED - Bestellung erfasst;D10;Sommer spritzer 0,5;#fff176;Alk;4,5;0;NULL;;2026-05-09 19:16:43;Kellner 10;WAHR;4,5;cash;;
637;739;153;ORDER: CREATED - Bestellung erfasst;D10;Freibier 0.5;#ffeb3b;Alk;4,5;0;NULL;;2026-05-09 19:16:43;Kellner 10;WAHR;4,5;cash;;
638;740;153;ORDER: CREATED - Bestellung erfasst;D10;Bier 0,5;#fbc02d;Alk;4,5;0;NULL;;2026-05-09 19:16:43;Kellner 10;WAHR;4,5;cash;;
639;735;153;ORDER: CREATED - Bestellung erfasst;D10;Sommer spritzer 0,5;#fff176;Alk;4,5;0;NULL;;2026-05-09 19:16:43;Kellner 10;WAHR;4,5;cash;;
640;734;153;ORDER: CREATED - Bestellung erfasst;D10;Bier 0,5;#fbc02d;Alk;4,5;0;NULL;;2026-05-09 19:16:43;Kellner 10;WAHR;4,5;cash;;
641;733;153;ORDER: CREATED - Bestellung erfasst;D10;Bier 0,5;#fbc02d;Alk;4,5;0;NULL;;2026-05-09 19:16:43;Kellner 10;WAHR;4,5;cash;;
642;732;153;ORDER: CREATED - Bestellung erfasst;D10;Bier 0,5;#fbc02d;Alk;4,5;0;NULL;;2026-05-09 19:16:43;Kellner 10;WAHR;4,5;cash;;
643;730;153;ORDER: CREATED - Bestellung erfasst;D10;Limo Zitrone 0,33;#ffeb3b;Anti;3;0;NULL;;2026-05-09 19:16:43;Kellner 10;WAHR;3;cash;;
644;749;154;ORDER: CREATED - Bestellung erfasst;F5;Cola 0,33;#004d40;Anti;3;0;NULL;;2026-05-09 19:16:44;Kellner 5;WAHR;3;free;;
645;748;154;ORDER: CREATED - Bestellung erfasst;F5;Kaffee;#bf360c;Anti;3;0;NULL;;2026-05-09 19:16:44;Kellner 5;WAHR;3;free;;
646;744;154;ORDER: CREATED - Bestellung erfasst;F5;Sommer spritzer 0,5;#fff176;Alk;4,5;0;NULL;;2026-05-09 19:16:44;Kellner 5;WAHR;4,5;free;;
647;745;154;ORDER: CREATED - Bestellung erfasst;F5;Sommer spritzer 0,5;#fff176;Alk;4,5;0;NULL;;2026-05-09 19:16:44;Kellner 5;WAHR;4,5;free;;
648;746;154;ORDER: CREATED - Bestellung erfasst;F5;Bier 0,5;#fbc02d;Alk;4,5;0;NULL;;2026-05-09 19:16:44;Kellner 5;WAHR;4,5;free;;
649;747;154;ORDER: CREATED - Bestellung erfasst;F5;Mineral 0,33;#b3e5fc;Anti;2,5;0;NULL;;2026-05-09 19:16:44;Kellner 5;WAHR;2,5;free;;
650;741;154;ORDER: CREATED - Bestellung erfasst;F5;Bier 0,5;#fbc02d;Alk;4,5;0;NULL;;2026-05-09 19:16:44;Kellner 5;WAHR;4,5;free;;
651;742;154;ORDER: CREATED - Bestellung erfasst;F5;Bier 0,5;#fbc02d;Alk;4,5;0;NULL;;2026-05-09 19:16:44;Kellner 5;WAHR;4,5;free;;
652;743;154;ORDER: CREATED - Bestellung erfasst;F5;Radler 0,5;#afb42b;Alk;4,5;0;NULL;;2026-05-09 19:16:44;Kellner 5;WAHR;4,5;free;;
653;752;155;ORDER: CREATED - Bestellung erfasst;U4;Backhendl Salat;#4fc3f7;Essen;9;0;NULL;;2026-05-09 19:16:44;Kellner 7;WAHR;9;cash;;23
654;753;155;ORDER: CREATED - Bestellung erfasst;U4;Radler 0,5;#afb42b;Alk;4,5;0;NULL;;2026-05-09 19:16:44;Kellner 7;WAHR;4,5;cash;;
655;751;155;ORDER: CREATED - Bestellung erfasst;U4;Hendl mit Pommes;#0070c0;Essen;12,5;0;NULL;;2026-05-09 19:16:44;Kellner 7;WAHR;12,5;cash;;178
656;750;155;ORDER: CREATED - Bestellung erfasst;U4;Radler 0,5;#afb42b;Alk;4,5;0;NULL;;2026-05-09 19:16:44;Kellner 7;WAHR;4,5;cash;;
657;757;156;ORDER: CREATED - Bestellung erfasst;E2;Hendl mit Pommes;#0070c0;Essen;12,5;0;NULL;;2026-05-09 19:17:01;Kellner 2;WAHR;12,5;cash;;244
658;758;156;ORDER: CREATED - Bestellung erfasst;E2;Backhendl Salat;#4fc3f7;Essen;9;0;NULL;;2026-05-09 19:17:01;Kellner 2;WAHR;9;cash;;31
659;759;156;ORDER: CREATED - Bestellung erfasst;E2;Backhendl Salat;#4fc3f7;Essen;9;0;NULL;;2026-05-09 19:17:01;Kellner 2;WAHR;9;cash;;53
660;754;156;ORDER: CREATED - Bestellung erfasst;E2;Bier 0,5;#fbc02d;Alk;4,5;0;NULL;;2026-05-09 19:17:01;Kellner 2;WAHR;4,5;voucher;;
661;755;156;ORDER: CREATED - Bestellung erfasst;E2;Bier 0,5;#fbc02d;Alk;4,5;0;NULL;;2026-05-09 19:17:01;Kellner 2;WAHR;4,5;voucher;;
662;756;156;ORDER: CREATED - Bestellung erfasst;E2;Sommer spritzer 0,5;#fff176;Alk;4,5;0;NULL;;2026-05-09 19:17:01;Kellner 2;WAHR;4,5;voucher;;
663;763;157;ORDER: CREATED - Bestellung erfasst;D6;Hendl mit Pommes;#0070c0;Essen;12,5;0;NULL;;2026-05-09 19:17:03;Kellner 12;WAHR;12,5;voucher;;242
664;765;157;ORDER: CREATED - Bestellung erfasst;D6;Hendl mit Pommes;#0070c0;Essen;12,5;0;NULL;;2026-05-09 19:17:03;Kellner 12;WAHR;12,5;voucher;;242
665;761;157;ORDER: CREATED - Bestellung erfasst;D6;Hendl mit Pommes;#0070c0;Essen;12,5;0;NULL;;2026-05-09 19:17:03;Kellner 12;WAHR;12,5;voucher;;242
666;760;157;ORDER: CREATED - Bestellung erfasst;D6;Hendl mit Pommes;#0070c0;Essen;12,5;0;NULL;;2026-05-09 19:17:03;Kellner 12;WAHR;12,5;voucher;;242
667;762;157;ORDER: CREATED - Bestellung erfasst;D6;Schnitzel mit Pommes;#827717;Essen;11,5;0;NULL;;2026-05-09 19:17:03;Kellner 12;WAHR;11,5;voucher;;62
668;764;157;ORDER: CREATED - Bestellung erfasst;D6;Hendl mit Pommes;#0070c0;Essen;12,5;0;NULL;;2026-05-09 19:17:03;Kellner 12;WAHR;12,5;voucher;;242
669;769;158;ORDER: CREATED - Bestellung erfasst;E3;Schnitzelsemmerl;#f57f17;Essen;4,5;0;NULL;;2026-05-09 19:17:05;Kellner 4;WAHR;4,5;cash;;45
670;768;158;ORDER: CREATED - Bestellung erfasst;E3;Hendl mit Pommes;#0070c0;Essen;12,5;0;NULL;;2026-05-09 19:17:05;Kellner 4;WAHR;12,5;cash;;240
671;767;158;ORDER: CREATED - Bestellung erfasst;E3;Hendl mit Pommes;#0070c0;Essen;12,5;0;NULL;;2026-05-09 19:17:05;Kellner 4;WAHR;12,5;cash;;240
672;766;158;ORDER: CREATED - Bestellung erfasst;E3;Hendl mit Pommes;#0070c0;Essen;12,5;0;NULL;;2026-05-09 19:17:05;Kellner 4;WAHR;12,5;cash;;240
673;770;158;ORDER: CREATED - Bestellung erfasst;E3;Schnitzelsemmerl;#f57f17;Essen;4,5;0;NULL;;2026-05-09 19:17:05;Kellner 4;WAHR;4,5;cash;;45
674;771;158;ORDER: CREATED - Bestellung erfasst;E3;Schnitzelsemmerl;#f57f17;Essen;4,5;0;NULL;;2026-05-09 19:17:05;Kellner 4;WAHR;4,5;cash;;59
675;774;159;ORDER: CREATED - Bestellung erfasst;B10;Bier 0,5;#fbc02d;Alk;4,5;0;NULL;;2026-05-09 19:17:26;Kellner 9;WAHR;4,5;voucher;;
676;773;159;ORDER: CREATED - Bestellung erfasst;B10;Bier 0,5;#fbc02d;Alk;4,5;0;NULL;;2026-05-09 19:17:26;Kellner 9;WAHR;4,5;voucher;;
677;772;159;ORDER: CREATED - Bestellung erfasst;B10;Bier 0,5;#fbc02d;Alk;4,5;0;NULL;;2026-05-09 19:17:26;Kellner 9;WAHR;4,5;voucher;;
678;775;159;ORDER: CREATED - Bestellung erfasst;B10;Sommer spritzer 0,5;#fff176;Alk;4,5;0;NULL;;2026-05-09 19:17:26;Kellner 9;WAHR;4,5;voucher;;
679;776;159;ORDER: CREATED - Bestellung erfasst;B10;Sommer spritzer 0,5;#fff176;Alk;4,5;0;NULL;;2026-05-09 19:17:26;Kellner 9;WAHR;4,5;voucher;;
680;777;159;ORDER: CREATED - Bestellung erfasst;B10;Cola 0,33;#004d40;Anti;3;0;NULL;;2026-05-09 19:17:26;Kellner 9;WAHR;3;voucher;;
681;778;159;ORDER: CREATED - Bestellung erfasst;B10;Mineral 0,33;#b3e5fc;Anti;2,5;0;NULL;;2026-05-09 19:17:26;Kellner 9;WAHR;2,5;voucher;;
682;779;159;ORDER: CREATED - Bestellung erfasst;B10;Cola 0,33;#004d40;Anti;3;0;NULL;;2026-05-09 19:17:26;Kellner 9;WAHR;3;voucher;;
683;780;160;ORDER: CREATED - Bestellung erfasst;G3;Schnitzelsemmerl;#f57f17;Essen;4,5;0;NULL;;2026-05-09 19:17:29;Kellner 3;WAHR;4,5;cash;;69
684;781;161;ORDER: CREATED - Bestellung erfasst;F8;Bier 0,5;#fbc02d;Alk;4,5;0;NULL;;2026-05-09 19:17:35;Kellner 6;WAHR;4,5;voucher;;
685;782;161;ORDER: CREATED - Bestellung erfasst;F8;Radler 0,5;#afb42b;Alk;4,5;0;NULL;;2026-05-09 19:17:35;Kellner 6;WAHR;4,5;voucher;;
686;783;161;ORDER: CREATED - Bestellung erfasst;F8;Mineral 0,33;#b3e5fc;Anti;2,5;0;NULL;;2026-05-09 19:17:35;Kellner 6;WAHR;2,5;voucher;;
687;784;161;ORDER: CREATED - Bestellung erfasst;F8;Bier 0,5;#fbc02d;Alk;4,5;0;NULL;;2026-05-09 19:17:35;Kellner 6;WAHR;4,5;voucher;;
688;785;161;ORDER: CREATED - Bestellung erfasst;F8;Bier 0,5;#fbc02d;Alk;4,5;0;NULL;;2026-05-09 19:17:35;Kellner 6;WAHR;4,5;voucher;;
689;786;161;ORDER: CREATED - Bestellung erfasst;F8;Hendl mit Pommes;#0070c0;Essen;12,5;0;NULL;;2026-05-09 19:17:35;Kellner 6;WAHR;12,5;voucher;;210
690;787;161;ORDER: CREATED - Bestellung erfasst;F8;Hendl mit Pommes;#0070c0;Essen;12,5;0;NULL;;2026-05-09 19:17:35;Kellner 6;WAHR;12,5;voucher;;456
691;788;161;ORDER: CREATED - Bestellung erfasst;F8;Hendl mit Pommes;#0070c0;Essen;12,5;0;NULL;;2026-05-09 19:17:35;Kellner 6;WAHR;12,5;voucher;;456
692;789;161;ORDER: CREATED - Bestellung erfasst;F8;Bier 0,5;#fbc02d;Alk;4,5;0;NULL;;2026-05-09 19:17:35;Kellner 6;WAHR;4,5;voucher;;
693;790;161;ORDER: CREATED - Bestellung erfasst;F8;Hendl mit Pommes;#0070c0;Essen;12,5;0;NULL;;2026-05-09 19:17:35;Kellner 6;WAHR;12,5;voucher;;456
694;791;161;ORDER: CREATED - Bestellung erfasst;F8;Hendl mit Pommes;#0070c0;Essen;12,5;0;NULL;;2026-05-09 19:17:35;Kellner 6;WAHR;12,5;voucher;;456
695;792;161;ORDER: CREATED - Bestellung erfasst;F8;Grillwürstel mit Pommes;#8bc34a;Essen;8;0;NULL;;2026-05-09 19:17:35;Kellner 6;WAHR;8;voucher;;58
696;793;162;ORDER: CREATED - Bestellung erfasst;G7;Cola 0,33;#004d40;Anti;3;0;NULL;;2026-05-09 19:17:45;Kellner 5;WAHR;3;free;;
697;794;162;ORDER: CREATED - Bestellung erfasst;G7;Cola 0,33;#004d40;Anti;3;0;NULL;;2026-05-09 19:17:45;Kellner 5;WAHR;3;free;;
698;795;162;ORDER: CREATED - Bestellung erfasst;G7;Soda zitron 0,5;#4fc3f7;Anti;3;0;NULL;;2026-05-09 19:17:45;Kellner 5;WAHR;3;free;;
699;796;162;ORDER: CREATED - Bestellung erfasst;G7;Cola 0,33;#004d40;Anti;3;0;NULL;;2026-05-09 19:17:45;Kellner 5;WAHR;3;free;;
700;797;162;ORDER: CREATED - Bestellung erfasst;G7;Cola 0,33;#004d40;Anti;3;0;NULL;;2026-05-09 19:17:45;Kellner 5;WAHR;3;free;;
701;798;163;ORDER: CREATED - Bestellung erfasst;U1;Radler sauer 0,5;#aed581;Alk;4,5;0;NULL;;2026-05-09 19:17:58;Kellner 7;WAHR;4,5;cash;;
702;799;163;ORDER: CREATED - Bestellung erfasst;U1;Radler sauer 0,5;#aed581;Alk;4,5;0;NULL;;2026-05-09 19:17:58;Kellner 7;WAHR;4,5;cash;;
703;800;164;ORDER: CREATED - Bestellung erfasst;G3;Hendl mit Pommes;#0070c0;Essen;12,5;0;NULL;;2026-05-09 19:18:17;Kellner 3;WAHR;12,5;cash;;414
704;801;164;ORDER: CREATED - Bestellung erfasst;G3;Schnitzelsemmerl;#f57f17;Essen;4,5;0;NULL;;2026-05-09 19:18:17;Kellner 3;WAHR;4,5;cash;;58
705;802;165;ORDER: CREATED - Bestellung erfasst;U1;Backhendl Salat;#4fc3f7;Essen;9;0;NULL;;2026-05-09 19:18:23;Kellner 7;WAHR;9;cash;;134
706;803;166;ORDER: CREATED - Bestellung erfasst;G7;Schnitzelsemmerl;#f57f17;Essen;4,5;0;NULL;;2026-05-09 19:18:24;Kellner 5;WAHR;4,5;free;;66
707;807;166;ORDER: CREATED - Bestellung erfasst;G7;Schnitzelsemmerl;#f57f17;Essen;4,5;0;NULL;;2026-05-09 19:18:24;Kellner 5;WAHR;4,5;free;;78
708;806;166;ORDER: CREATED - Bestellung erfasst;G7;Pommes;#ffc000;Essen;3,5;0;NULL;;2026-05-09 19:18:24;Kellner 5;WAHR;3,5;free;;51
709;805;166;ORDER: CREATED - Bestellung erfasst;G7;Pommes;#ffc000;Essen;3,5;0;NULL;;2026-05-09 19:18:24;Kellner 5;WAHR;3,5;free;;51
710;804;166;ORDER: CREATED - Bestellung erfasst;G7;Schnitzelsemmerl;#f57f17;Essen;4,5;0;NULL;;2026-05-09 19:18:24;Kellner 5;WAHR;4,5;free;;66
711;812;167;ORDER: CREATED - Bestellung erfasst;D5;Hendl mit Pommes;#0070c0;Essen;12,5;0;NULL;;2026-05-09 19:18:26;Kellner 12;WAHR;12,5;voucher;;405
712;811;167;ORDER: CREATED - Bestellung erfasst;D5;Hendl mit Pommes;#0070c0;Essen;12,5;0;NULL;;2026-05-09 19:18:26;Kellner 12;WAHR;12,5;voucher;;405
713;810;167;ORDER: CREATED - Bestellung erfasst;D5;Hendl mit Pommes;#0070c0;Essen;12,5;0;NULL;;2026-05-09 19:18:26;Kellner 12;WAHR;12,5;voucher;;405
714;809;167;ORDER: CREATED - Bestellung erfasst;D5;Hendl mit Pommes;#0070c0;Essen;12,5;0;NULL;;2026-05-09 19:18:26;Kellner 12;WAHR;12,5;voucher;;405
715;808;167;ORDER: CREATED - Bestellung erfasst;D5;Hendl mit Pommes;#0070c0;Essen;12,5;0;NULL;;2026-05-09 19:18:26;Kellner 12;WAHR;12,5;voucher;;405
716;816;168;ORDER: CREATED - Bestellung erfasst;G7;Hendl mit Pommes;#0070c0;Essen;12,5;0;NULL;;2026-05-09 19:18:53;Kellner 5;WAHR;12,5;cash;;378
717;814;168;ORDER: CREATED - Bestellung erfasst;G7;Limo Orange 0,33;#ffc107;Anti;3;0;NULL;;2026-05-09 19:18:53;Kellner 5;WAHR;3;cash;;
718;813;168;ORDER: CREATED - Bestellung erfasst;G7;Limo Orange 0,33;#ffc107;Anti;3;0;NULL;;2026-05-09 19:18:53;Kellner 5;WAHR;3;cash;;
719;817;168;ORDER: CREATED - Bestellung erfasst;G7;Schnitzel mit Pommes;#827717;Essen;11,5;0;NULL;;2026-05-09 19:18:53;Kellner 5;WAHR;11,5;cash;;88
720;815;168;ORDER: CREATED - Bestellung erfasst;G7;Sommer spritzer 0,5;#fff176;Alk;4,5;0;NULL;;2026-05-09 19:18:53;Kellner 5;WAHR;4,5;cash;;
721;826;169;ORDER: CREATED - Bestellung erfasst;G8;Schnitzelsemmerl;#f57f17;Essen;4,5;0;NULL;;2026-05-09 19:19:25;Kellner 6;WAHR;4,5;cash;;33
722;825;169;ORDER: CREATED - Bestellung erfasst;G8;Schnitzelsemmerl;#f57f17;Essen;4,5;0;NULL;;2026-05-09 19:19:25;Kellner 6;WAHR;4,5;cash;;17
723;824;169;ORDER: CREATED - Bestellung erfasst;G8;Almdudler 0,33;#fbc02d;Anti;3;0;NULL;;2026-05-09 19:19:25;Kellner 6;WAHR;3;cash;;
724;823;169;ORDER: CREATED - Bestellung erfasst;G8;Gemüselaibchen mit Salat;#ffeb3b;Essen;9;0;NULL;;2026-05-09 19:19:25;Kellner 6;WAHR;9;cash;;56
725;822;169;ORDER: CREATED - Bestellung erfasst;G8;Cola 0,33;#004d40;Anti;3;0;NULL;;2026-05-09 19:19:25;Kellner 6;WAHR;3;cash;;
726;821;169;ORDER: CREATED - Bestellung erfasst;G8;Hendl mit Pommes;#0070c0;Essen;12,5;0;NULL;;2026-05-09 19:19:25;Kellner 6;WAHR;12,5;cash;;426
727;820;169;ORDER: CREATED - Bestellung erfasst;G8;Hendl mit Pommes;#0070c0;Essen;12,5;0;NULL;;2026-05-09 19:19:25;Kellner 6;WAHR;12,5;cash;;346
728;819;169;ORDER: CREATED - Bestellung erfasst;G8;Limo Orange 0,33;#ffc107;Anti;3;0;NULL;;2026-05-09 19:19:25;Kellner 6;WAHR;3;cash;;
729;818;169;ORDER: CREATED - Bestellung erfasst;G8;Almdudler 0,33;#fbc02d;Anti;3;0;NULL;;2026-05-09 19:19:25;Kellner 6;WAHR;3;cash;;
730;828;169;ORDER: CREATED - Bestellung erfasst;G8;Radler sauer 0,5;#aed581;Alk;4,5;0;NULL;;2026-05-09 19:19:25;Kellner 6;WAHR;4,5;cash;;
731;827;169;ORDER: CREATED - Bestellung erfasst;G8;Hendl mit Pommes;#0070c0;Essen;12,5;0;NULL;;2026-05-09 19:19:25;Kellner 6;WAHR;12,5;cash;;426
732;837;170;ORDER: CREATED - Bestellung erfasst;V1;Radler 0,5;#afb42b;Alk;4,5;0;NULL;;2026-05-09 19:19:30;Kellner 7;WAHR;4,5;voucher;;
733;829;170;ORDER: CREATED - Bestellung erfasst;V1;Bier 0,5;#fbc02d;Alk;4,5;0;NULL;;2026-05-09 19:19:30;Kellner 7;WAHR;4,5;voucher;;
734;830;170;ORDER: CREATED - Bestellung erfasst;V1;Bier 0,5;#fbc02d;Alk;4,5;0;NULL;;2026-05-09 19:19:30;Kellner 7;WAHR;4,5;voucher;;
735;831;170;ORDER: CREATED - Bestellung erfasst;V1;Bier 0,5;#fbc02d;Alk;4,5;0;NULL;;2026-05-09 19:19:30;Kellner 7;WAHR;4,5;voucher;;
736;832;170;ORDER: CREATED - Bestellung erfasst;V1;Bier 0,5;#fbc02d;Alk;4,5;0;NULL;;2026-05-09 19:19:30;Kellner 7;WAHR;4,5;voucher;;
737;833;170;ORDER: CREATED - Bestellung erfasst;V1;Bier 0,5;#fbc02d;Alk;4,5;0;NULL;;2026-05-09 19:19:30;Kellner 7;WAHR;4,5;voucher;;
738;834;170;ORDER: CREATED - Bestellung erfasst;V1;Bier 0,5;#fbc02d;Alk;4,5;0;NULL;;2026-05-09 19:19:30;Kellner 7;WAHR;4,5;voucher;;
739;835;170;ORDER: CREATED - Bestellung erfasst;V1;Bier 0,5;#fbc02d;Alk;4,5;0;NULL;;2026-05-09 19:19:30;Kellner 7;WAHR;4,5;voucher;;
740;836;170;ORDER: CREATED - Bestellung erfasst;V1;Bier 0,5;#fbc02d;Alk;4,5;0;NULL;;2026-05-09 19:19:30;Kellner 7;WAHR;4,5;voucher;;
741;843;171;ORDER: CREATED - Bestellung erfasst;B5;Bier 0,5;#fbc02d;Alk;4,5;0;NULL;;2026-05-09 19:19:46;Kellner 12;WAHR;4,5;voucher;;
742;838;171;ORDER: CREATED - Bestellung erfasst;B5;Bier 0,5;#fbc02d;Alk;4,5;0;NULL;;2026-05-09 19:19:46;Kellner 12;WAHR;4,5;voucher;;
743;839;171;ORDER: CREATED - Bestellung erfasst;B5;Hendl mit Pommes;#0070c0;Essen;12,5;0;NULL;;2026-05-09 19:19:46;Kellner 12;WAHR;12,5;voucher;;405
744;840;171;ORDER: CREATED - Bestellung erfasst;B5;Bier 0,5;#fbc02d;Alk;4,5;0;NULL;;2026-05-09 19:19:46;Kellner 12;WAHR;4,5;voucher;;
745;841;171;ORDER: CREATED - Bestellung erfasst;B5;Hendl mit Pommes;#0070c0;Essen;12,5;0;NULL;;2026-05-09 19:19:46;Kellner 12;WAHR;12,5;voucher;;405
746;842;171;ORDER: CREATED - Bestellung erfasst;B5;Hendl mit Pommes;#0070c0;Essen;12,5;0;NULL;;2026-05-09 19:19:46;Kellner 12;WAHR;12,5;voucher;;405
747;844;172;ORDER: CANCELED - Bestellung STORNO;E6;Radler 0,5;#afb42b;Alk;4,5;0;NULL;;2026-05-09 19:19:49;Kellner 11;FALSCH;0;;;
748;845;172;ORDER: CANCELED - Bestellung STORNO;E6;Radler 0,5;#afb42b;Alk;4,5;0;NULL;;2026-05-09 19:19:49;Kellner 11;FALSCH;0;;;
749;847;172;ORDER: CREATED - Bestellung erfasst;E6;Hendl mit Pommes;#0070c0;Essen;12,5;0;NULL;;2026-05-09 19:19:49;Kellner 11;WAHR;12,5;voucher;;402
750;846;172;ORDER: CANCELED - Bestellung STORNO;E6;Radler 0,5;#afb42b;Alk;4,5;0;NULL;;2026-05-09 19:19:49;Kellner 11;FALSCH;0;;;
751;848;173;ORDER: CREATED - Bestellung erfasst;B5;Radler 0,5;#afb42b;Alk;4,5;0;NULL;;2026-05-09 19:20:08;Kellner 12;WAHR;4,5;voucher;;
752;849;173;ORDER: CREATED - Bestellung erfasst;B5;Schnitzel mit Pommes;#827717;Essen;11,5;0;NULL;;2026-05-09 19:20:08;Kellner 12;WAHR;11,5;voucher;;30
753;850;174;ORDER: CREATED - Bestellung erfasst;I6;Radler 0,5;#afb42b;Alk;4,5;0;NULL;;2026-05-09 19:20:15;Kellner 5;WAHR;4,5;free;;
754;852;175;ORDER: CREATED - Bestellung erfasst;A3;Sommer spritzer 0,5;#fff176;Alk;4,5;0;NULL;;2026-05-09 19:20:19;Kellner 2;WAHR;4,5;free;;
755;851;175;ORDER: CREATED - Bestellung erfasst;A3;Soda zitron 0,5;#4fc3f7;Anti;3;0;NULL;;2026-05-09 19:20:19;Kellner 2;WAHR;3;free;;
756;853;176;ORDER: CREATED - Bestellung erfasst;C2;Soda zitron 0,5;#4fc3f7;Anti;3;0;NULL;;2026-05-09 19:20:23;Kellner 3;WAHR;3;cash;;
757;854;177;ORDER: CREATED - Bestellung erfasst;E6;Hendl mit Pommes;#0070c0;Essen;12,5;0;NULL;;2026-05-09 19:20:32;Kellner 11;WAHR;12,5;voucher;;359
758;855;178;ORDER: CREATED - Bestellung erfasst;E2;Hendl mit Pommes;#0070c0;Essen;12,5;0;NULL;;2026-05-09 19:20:34;Kellner 1;WAHR;12,5;voucher;;357
759;856;178;ORDER: CREATED - Bestellung erfasst;E2;Bier 0,5;#fbc02d;Alk;4,5;0;NULL;;2026-05-09 19:20:34;Kellner 1;WAHR;4,5;voucher;;
760;860;179;ORDER: CREATED - Bestellung erfasst;C1;Sommer spritzer 0,5;#fff176;Alk;4,5;0;NULL;;2026-05-09 19:20:59;Kellner 3;WAHR;4,5;voucher;;
761;857;179;ORDER: CREATED - Bestellung erfasst;C1;Sommer spritzer 0,5;#fff176;Alk;4,5;0;NULL;;2026-05-09 19:20:59;Kellner 3;WAHR;4,5;voucher;;
762;858;179;ORDER: CREATED - Bestellung erfasst;C1;Sommer spritzer 0,5;#fff176;Alk;4,5;0;NULL;;2026-05-09 19:20:59;Kellner 3;WAHR;4,5;voucher;;
763;859;179;ORDER: CREATED - Bestellung erfasst;C1;Sommer spritzer 0,5;#fff176;Alk;4,5;0;NULL;;2026-05-09 19:20:59;Kellner 3;WAHR;4,5;voucher;;
764;861;180;ORDER: CREATED - Bestellung erfasst;C7;Radler 0,5;#afb42b;Alk;4,5;0;NULL;;2026-05-09 19:20:59;Kellner 4;WAHR;4,5;cash;;
765;865;181;ORDER: CREATED - Bestellung erfasst;C5;Bier 0,5;#fbc02d;Alk;4,5;0;NULL;;2026-05-09 19:21:33;Kellner 2;WAHR;4,5;voucher;;
766;864;181;ORDER: CREATED - Bestellung erfasst;C5;Schnitzel mit Pommes;#827717;Essen;11,5;0;NULL;;2026-05-09 19:21:33;Kellner 2;WAHR;11,5;voucher;;28
767;863;181;ORDER: CREATED - Bestellung erfasst;C5;Schnitzel mit Pommes;#827717;Essen;11,5;0;NULL;;2026-05-09 19:21:33;Kellner 2;WAHR;11,5;voucher;;5
768;862;181;ORDER: CREATED - Bestellung erfasst;C5;Bier 0,5;#fbc02d;Alk;4,5;0;NULL;;2026-05-09 19:21:33;Kellner 2;WAHR;4,5;voucher;;
769;866;181;ORDER: CREATED - Bestellung erfasst;C5;Hendl mit Pommes;#0070c0;Essen;12,5;0;NULL;;2026-05-09 19:21:33;Kellner 2;WAHR;12,5;voucher;;299
770;867;182;ORDER: CREATED - Bestellung erfasst;F6;Bier 0,5;#fbc02d;Alk;4,5;0;NULL;;2026-05-09 19:21:36;Kellner 5;WAHR;4,5;free;;
771;868;182;ORDER: CREATED - Bestellung erfasst;F6;Sommer spritzer 0,5;#fff176;Alk;4,5;0;NULL;;2026-05-09 19:21:36;Kellner 5;WAHR;4,5;free;;
772;869;182;ORDER: CREATED - Bestellung erfasst;F6;Sommer spritzer 0,5;#fff176;Alk;4,5;0;NULL;;2026-05-09 19:21:36;Kellner 5;WAHR;4,5;free;;
773;875;183;ORDER: CREATED - Bestellung erfasst;E5;Cola 0,33;#004d40;Anti;3;0;NULL;;2026-05-09 19:21:37;Kellner 11;WAHR;3;voucher;;
774;870;183;ORDER: CREATED - Bestellung erfasst;E5;Hendl mit Pommes;#0070c0;Essen;12,5;0;NULL;;2026-05-09 19:21:37;Kellner 11;WAHR;12,5;voucher;;294
775;871;183;ORDER: CREATED - Bestellung erfasst;E5;Gemüselaibchen mit Salat;#ffeb3b;Essen;9;0;NULL;;2026-05-09 19:21:37;Kellner 11;WAHR;9;voucher;;24
776;872;183;ORDER: CREATED - Bestellung erfasst;E5;Pommes;#ffc000;Essen;3,5;0;NULL;;2026-05-09 19:21:37;Kellner 11;WAHR;3,5;voucher;;5
777;873;183;ORDER: CREATED - Bestellung erfasst;E5;Schnitzel mit Pommes;#827717;Essen;11,5;0;NULL;;2026-05-09 19:21:37;Kellner 11;WAHR;11,5;voucher;;24
778;874;183;ORDER: CREATED - Bestellung erfasst;E5;Hendl mit Pommes;#0070c0;Essen;12,5;0;NULL;;2026-05-09 19:21:37;Kellner 11;WAHR;12,5;voucher;;294
779;876;183;ORDER: CREATED - Bestellung erfasst;E5;Hendl mit Pommes;#0070c0;Essen;12,5;0;NULL;;2026-05-09 19:21:37;Kellner 11;WAHR;12,5;voucher;;294
780;877;184;ORDER: CREATED - Bestellung erfasst;F4;Sommer spritzer 0,5;#fff176;Alk;4,5;0;NULL;;2026-05-09 19:21:47;Kellner 4;WAHR;4,5;voucher;;
781;878;185;ORDER: CREATED - Bestellung erfasst;F6;Bier 0,5;#fbc02d;Alk;4,5;0;NULL;;2026-05-09 19:21:52;Kellner 5;WAHR;4,5;free;;
782;883;186;ORDER: CREATED - Bestellung erfasst;H8;Radler 0,5;#afb42b;Alk;4,5;0;NULL;;2026-05-09 19:21:53;Kellner 6;WAHR;4,5;voucher;;
783;882;186;ORDER: CREATED - Bestellung erfasst;H8;Bier 0,5;#fbc02d;Alk;4,5;0;NULL;;2026-05-09 19:21:53;Kellner 6;WAHR;4,5;voucher;;
784;881;186;ORDER: CREATED - Bestellung erfasst;H8;Cola 0,33;#004d40;Anti;3;0;NULL;;2026-05-09 19:21:53;Kellner 6;WAHR;3;voucher;;
785;880;186;ORDER: CREATED - Bestellung erfasst;H8;Cola 0,33;#004d40;Anti;3;0;NULL;;2026-05-09 19:21:53;Kellner 6;WAHR;3;voucher;;
786;886;186;ORDER: CREATED - Bestellung erfasst;H8;Hendl mit Pommes;#0070c0;Essen;12,5;0;NULL;;2026-05-09 19:21:53;Kellner 6;WAHR;12,5;voucher;;349
787;887;186;ORDER: CREATED - Bestellung erfasst;H8;Schnitzel mit Pommes;#827717;Essen;11,5;0;NULL;;2026-05-09 19:21:53;Kellner 6;WAHR;11,5;voucher;;28
788;888;186;ORDER: CREATED - Bestellung erfasst;H8;Hendl mit Pommes;#0070c0;Essen;12,5;0;NULL;;2026-05-09 19:21:53;Kellner 6;WAHR;12,5;voucher;;349
789;889;186;ORDER: CREATED - Bestellung erfasst;H8;Schnitzel mit Pommes;#827717;Essen;11,5;0;NULL;;2026-05-09 19:21:53;Kellner 6;WAHR;11,5;voucher;;90
790;890;186;ORDER: CREATED - Bestellung erfasst;H8;Hendl mit Pommes;#0070c0;Essen;12,5;0;NULL;;2026-05-09 19:21:53;Kellner 6;WAHR;12,5;voucher;;349
791;879;186;ORDER: CREATED - Bestellung erfasst;H8;Cola 0,33;#004d40;Anti;3;0;NULL;;2026-05-09 19:21:53;Kellner 6;WAHR;3;voucher;;
792;885;186;ORDER: CREATED - Bestellung erfasst;H8;Schnitzel mit Pommes;#827717;Essen;11,5;0;NULL;;2026-05-09 19:21:53;Kellner 6;WAHR;11,5;voucher;;28
793;884;186;ORDER: CREATED - Bestellung erfasst;H8;Bier 0,5;#fbc02d;Alk;4,5;0;NULL;;2026-05-09 19:21:53;Kellner 6;WAHR;4,5;voucher;;
794;894;187;ORDER: CREATED - Bestellung erfasst;C1;Schnitzelsemmerl;#f57f17;Essen;4,5;0;NULL;;2026-05-09 19:21:57;Kellner 3;WAHR;4,5;voucher;;45
795;891;187;ORDER: CREATED - Bestellung erfasst;C1;Grillwürstel mit Pommes;#8bc34a;Essen;8;0;NULL;;2026-05-09 19:21:57;Kellner 3;WAHR;8;voucher;;23
796;892;187;ORDER: CREATED - Bestellung erfasst;C1;Schnitzelsemmerl;#f57f17;Essen;4,5;0;NULL;;2026-05-09 19:21:57;Kellner 3;WAHR;4,5;voucher;;45
797;893;187;ORDER: CREATED - Bestellung erfasst;C1;Schnitzelsemmerl;#f57f17;Essen;4,5;0;NULL;;2026-05-09 19:21:57;Kellner 3;WAHR;4,5;voucher;;45
798;895;187;ORDER: CREATED - Bestellung erfasst;C1;Hendl mit Pommes;#0070c0;Essen;12,5;0;NULL;;2026-05-09 19:21:57;Kellner 3;WAHR;12,5;voucher;;345
799;896;187;ORDER: CREATED - Bestellung erfasst;C1;Hendl mit Pommes;#0070c0;Essen;12,5;0;NULL;;2026-05-09 19:21:57;Kellner 3;WAHR;12,5;voucher;;345
800;897;187;ORDER: CREATED - Bestellung erfasst;C1;Hendl mit Pommes;#0070c0;Essen;12,5;0;NULL;;2026-05-09 19:21:57;Kellner 3;WAHR;12,5;voucher;;345
801;898;187;ORDER: CREATED - Bestellung erfasst;C1;Backhendl Salat;#4fc3f7;Essen;9;0;NULL;;2026-05-09 19:21:57;Kellner 3;WAHR;9;voucher;;63
802;899;187;ORDER: CREATED - Bestellung erfasst;C1;Hendl mit Pommes;#0070c0;Essen;12,5;0;NULL;;2026-05-09 19:21:57;Kellner 3;WAHR;12,5;voucher;;345
803;900;188;ORDER: CREATED - Bestellung erfasst;F4;Hendl mit Pommes;#0070c0;Essen;12,5;0;NULL;;2026-05-09 19:21:58;Kellner 4;WAHR;12,5;cash;;344
804;901;189;ORDER: CREATED - Bestellung erfasst;F4;Hendl mit Pommes;#0070c0;Essen;12,5;0;NULL;;2026-05-09 19:22:08;Kellner 4;WAHR;12,5;cash;;334
805;902;190;ORDER: CREATED - Bestellung erfasst;E4;Hendl mit Pommes;#0070c0;Essen;12,5;0;NULL;;2026-05-09 19:22:08;Kellner 1;WAHR;12,5;cash;;334
806;906;190;ORDER: CREATED - Bestellung erfasst;E4;Pommes;#ffc000;Essen;3,5;0;NULL;;2026-05-09 19:22:08;Kellner 1;WAHR;3,5;cash;;34
807;905;190;ORDER: CREATED - Bestellung erfasst;E4;Schnitzel mit Pommes;#827717;Essen;11,5;0;NULL;;2026-05-09 19:22:08;Kellner 1;WAHR;11,5;cash;;134
808;904;190;ORDER: CREATED - Bestellung erfasst;E4;Pommes;#ffc000;Essen;3,5;0;NULL;;2026-05-09 19:22:08;Kellner 1;WAHR;3,5;cash;;34
809;903;190;ORDER: CREATED - Bestellung erfasst;E4;Grillwürstel mit Pommes;#8bc34a;Essen;8;0;NULL;;2026-05-09 19:22:08;Kellner 1;WAHR;8;cash;;16
810;907;190;ORDER: CREATED - Bestellung erfasst;E4;Grillwürstel mit Pommes;#8bc34a;Essen;8;0;NULL;;2026-05-09 19:22:08;Kellner 1;WAHR;8;cash;;92
811;909;191;ORDER: CREATED - Bestellung erfasst;V1;Hendl mit Pommes;#0070c0;Essen;12,5;0;NULL;;2026-05-09 19:22:14;Kellner 7;WAHR;12,5;voucher;;328
812;913;191;ORDER: CREATED - Bestellung erfasst;V1;Hendl mit Pommes;#0070c0;Essen;12,5;0;NULL;;2026-05-09 19:22:14;Kellner 7;WAHR;12,5;voucher;;406
813;912;191;ORDER: CREATED - Bestellung erfasst;V1;Schnitzel mit Pommes;#827717;Essen;11,5;0;NULL;;2026-05-09 19:22:14;Kellner 7;WAHR;11,5;voucher;;128
814;911;191;ORDER: CREATED - Bestellung erfasst;V1;Hendl mit Pommes;#0070c0;Essen;12,5;0;NULL;;2026-05-09 19:22:14;Kellner 7;WAHR;12,5;voucher;;406
815;910;191;ORDER: CREATED - Bestellung erfasst;V1;Hendl mit Pommes;#0070c0;Essen;12,5;0;NULL;;2026-05-09 19:22:14;Kellner 7;WAHR;12,5;voucher;;406
816;908;191;ORDER: CREATED - Bestellung erfasst;V1;Hendl mit Pommes;#0070c0;Essen;12,5;0;NULL;;2026-05-09 19:22:14;Kellner 7;WAHR;12,5;voucher;;328
817;915;191;ORDER: CREATED - Bestellung erfasst;V1;Hendl mit Pommes;#0070c0;Essen;12,5;0;NULL;;2026-05-09 19:22:14;Kellner 7;WAHR;12,5;voucher;;406
818;914;191;ORDER: CREATED - Bestellung erfasst;V1;Hendl mit Pommes;#0070c0;Essen;12,5;0;NULL;;2026-05-09 19:22:14;Kellner 7;WAHR;12,5;voucher;;406
819;916;192;ORDER: CREATED - Bestellung erfasst;I8;Bier 0,5;#fbc02d;Alk;4,5;0;NULL;;2026-05-09 19:22:29;Kellner 6;WAHR;4,5;cash;;
820;919;193;ORDER: CREATED - Bestellung erfasst;D6;Soda zitron 0,5;#4fc3f7;Anti;3;0;NULL;;2026-05-09 19:22:35;Kellner 12;WAHR;3;voucher;;
821;917;193;ORDER: CREATED - Bestellung erfasst;D6;Sommer spritzer 0,5;#fff176;Alk;4,5;0;NULL;;2026-05-09 19:22:35;Kellner 12;WAHR;4,5;voucher;;
822;918;193;ORDER: CREATED - Bestellung erfasst;D6;Hendl mit Pommes;#0070c0;Essen;12,5;0;NULL;;2026-05-09 19:22:35;Kellner 12;WAHR;12,5;voucher;;385
823;920;193;ORDER: CREATED - Bestellung erfasst;D6;Hendl mit Pommes;#0070c0;Essen;12,5;0;NULL;;2026-05-09 19:22:35;Kellner 12;WAHR;12,5;voucher;;385
824;922;194;ORDER: CREATED - Bestellung erfasst;H9;Hendl mit Pommes;#0070c0;Essen;12,5;0;NULL;;2026-05-09 19:22:36;Kellner 9;WAHR;12,5;voucher;;385
825;931;194;ORDER: CREATED - Bestellung erfasst;H9;Schnitzel mit Pommes;#827717;Essen;11,5;0;NULL;;2026-05-09 19:22:36;Kellner 9;WAHR;11,5;voucher;;107
826;930;194;ORDER: CREATED - Bestellung erfasst;H9;Hendl mit Pommes;#0070c0;Essen;12,5;0;NULL;;2026-05-09 19:22:36;Kellner 9;WAHR;12,5;voucher;;432
827;929;194;ORDER: CREATED - Bestellung erfasst;H9;Hendl mit Pommes;#0070c0;Essen;12,5;0;NULL;;2026-05-09 19:22:36;Kellner 9;WAHR;12,5;voucher;;432
828;928;194;ORDER: CREATED - Bestellung erfasst;H9;Hendl mit Pommes;#0070c0;Essen;12,5;0;NULL;;2026-05-09 19:22:36;Kellner 9;WAHR;12,5;voucher;;432
829;927;194;ORDER: CREATED - Bestellung erfasst;H9;Hendl mit Pommes;#0070c0;Essen;12,5;0;NULL;;2026-05-09 19:22:36;Kellner 9;WAHR;12,5;voucher;;432
830;926;194;ORDER: CREATED - Bestellung erfasst;H9;Hendl mit Pommes;#0070c0;Essen;12,5;0;NULL;;2026-05-09 19:22:36;Kellner 9;WAHR;12,5;voucher;;432
831;925;194;ORDER: CREATED - Bestellung erfasst;H9;Hendl mit Pommes;#0070c0;Essen;12,5;0;NULL;;2026-05-09 19:22:36;Kellner 9;WAHR;12,5;voucher;;432
832;924;194;ORDER: CREATED - Bestellung erfasst;H9;Hendl mit Pommes;#0070c0;Essen;12,5;0;NULL;;2026-05-09 19:22:36;Kellner 9;WAHR;12,5;voucher;;432
833;923;194;ORDER: CREATED - Bestellung erfasst;H9;Hendl mit Pommes;#0070c0;Essen;12,5;0;NULL;;2026-05-09 19:22:36;Kellner 9;WAHR;12,5;voucher;;385
834;921;194;ORDER: CREATED - Bestellung erfasst;H9;Hendl mit Pommes;#0070c0;Essen;12,5;0;NULL;;2026-05-09 19:22:36;Kellner 9;WAHR;12,5;voucher;;385
835;934;195;ORDER: CREATED - Bestellung erfasst;F4;Hendl mit Pommes;#0070c0;Essen;12,5;0;NULL;;2026-05-09 19:22:55;Kellner 4;WAHR;12,5;voucher;;413
836;932;195;ORDER: CREATED - Bestellung erfasst;F4;Hendl mit Pommes;#0070c0;Essen;12,5;0;NULL;;2026-05-09 19:22:55;Kellner 4;WAHR;12,5;voucher;;413
837;933;195;ORDER: CREATED - Bestellung erfasst;F4;Hendl mit Pommes;#0070c0;Essen;12,5;0;NULL;;2026-05-09 19:22:55;Kellner 4;WAHR;12,5;voucher;;413
838;942;196;ORDER: CREATED - Bestellung erfasst;V2;Schnitzelsemmerl;#f57f17;Essen;4,5;0;NULL;;2026-05-09 19:23:09;Kellner 8;WAHR;4,5;voucher;;14
839;938;196;ORDER: CREATED - Bestellung erfasst;V2;Soda zitron 0,5;#4fc3f7;Anti;3;0;NULL;;2026-05-09 19:23:09;Kellner 8;WAHR;3;voucher;;
840;935;196;ORDER: CREATED - Bestellung erfasst;V2;Soda zitron 0,5;#4fc3f7;Anti;3;0;NULL;;2026-05-09 19:23:09;Kellner 8;WAHR;3;voucher;;
841;936;196;ORDER: CREATED - Bestellung erfasst;V2;Mineral 0,33;#b3e5fc;Anti;2,5;0;NULL;;2026-05-09 19:23:09;Kellner 8;WAHR;2,5;voucher;;
842;937;196;ORDER: CREATED - Bestellung erfasst;V2;Sommer spritzer 0,5;#fff176;Alk;4,5;0;NULL;;2026-05-09 19:23:09;Kellner 8;WAHR;4,5;voucher;;
843;939;196;ORDER: CREATED - Bestellung erfasst;V2;Gemüselaibchen mit Salat;#ffeb3b;Essen;9;0;NULL;;2026-05-09 19:23:09;Kellner 8;WAHR;9;voucher;;49
844;940;196;ORDER: CREATED - Bestellung erfasst;V2;Gemüselaibchen mit Salat;#ffeb3b;Essen;9;0;NULL;;2026-05-09 19:23:09;Kellner 8;WAHR;9;voucher;;59
845;941;196;ORDER: CREATED - Bestellung erfasst;V2;Grillwürstel mit Pommes;#8bc34a;Essen;8;0;NULL;;2026-05-09 19:23:09;Kellner 8;WAHR;8;voucher;;40
846;943;197;ORDER: CREATED - Bestellung erfasst;A1;Bier 0,5;#fbc02d;Alk;4,5;0;NULL;;2026-05-09 19:23:32;Abholstation;WAHR;4,5;cash;;
847;944;197;ORDER: CREATED - Bestellung erfasst;A1;Bier 0,5;#fbc02d;Alk;4,5;0;NULL;;2026-05-09 19:23:32;Abholstation;WAHR;4,5;cash;;
848;945;197;ORDER: CREATED - Bestellung erfasst;A1;Cola 0,33;#004d40;Anti;3;0;NULL;;2026-05-09 19:23:32;Abholstation;WAHR;3;cash;;
849;946;197;ORDER: CREATED - Bestellung erfasst;A1;Sommer spritzer 0,5;#fff176;Alk;4,5;0;NULL;;2026-05-09 19:23:32;Abholstation;WAHR;4,5;cash;;
850;948;198;ORDER: CREATED - Bestellung erfasst;I6;Hendl mit Pommes;#0070c0;Essen;12,5;0;NULL;;2026-05-09 19:23:42;Kellner 5;WAHR;12,5;voucher;;366
851;947;198;ORDER: CREATED - Bestellung erfasst;I6;Radler 0,5;#afb42b;Alk;4,5;0;NULL;;2026-05-09 19:23:42;Kellner 5;WAHR;4,5;voucher;;
852;949;199;ORDER: CREATED - Bestellung erfasst;F4;Schnitzel mit Pommes;#827717;Essen;11,5;0;NULL;;2026-05-09 19:23:48;Kellner 4;WAHR;11,5;cash;;34
853;950;200;ORDER: CREATED - Bestellung erfasst;C8;Radler 0,5;#afb42b;Alk;4,5;0;NULL;;2026-05-09 19:24:11;Kellner 11;WAHR;4,5;voucher;;
854;951;201;ORDER: CREATED - Bestellung erfasst;I5;Sommer spritzer 0,5;#fff176;Alk;4,5;0;NULL;;2026-05-09 19:24:26;Kellner 5;WAHR;4,5;voucher;;
855;952;201;ORDER: CREATED - Bestellung erfasst;I5;Hendl mit Pommes;#0070c0;Essen;12,5;0;NULL;;2026-05-09 19:24:26;Kellner 5;WAHR;12,5;voucher;;322
856;953;202;ORDER: CREATED - Bestellung erfasst;E4;Hendl mit Pommes;#0070c0;Essen;12,5;0;NULL;;2026-05-09 19:24:26;Kellner 1;WAHR;12,5;cash;;370
857;954;203;ORDER: CREATED - Bestellung erfasst;F4;Backhendl Salat;#4fc3f7;Essen;9;0;NULL;;2026-05-09 19:24:32;Kellner 4;WAHR;9;cash;;19
858;955;204;ORDER: CREATED - Bestellung erfasst;V1;Sommer spritzer 0,5;#fff176;Alk;4,5;0;NULL;;2026-05-09 19:24:35;Kellner 7;WAHR;4,5;cash;;
859;956;205;ORDER: CREATED - Bestellung erfasst;C8;Backhendl Salat;#4fc3f7;Essen;9;0;NULL;;2026-05-09 19:24:42;Kellner 11;WAHR;9;voucher;;21
860;957;206;ORDER: CREATED - Bestellung erfasst;E2;Soda zitron 0,5;#4fc3f7;Anti;3;0;NULL;;2026-05-09 19:24:45;Kellner 2;WAHR;3;voucher;;
861;958;206;ORDER: CREATED - Bestellung erfasst;E2;Backhendl Salat;#4fc3f7;Essen;9;0;NULL;;2026-05-09 19:24:45;Kellner 2;WAHR;9;voucher;;18
862;963;207;ORDER: CREATED - Bestellung erfasst;U3;Hendl mit Pommes;#0070c0;Essen;12,5;0;NULL;;2026-05-09 19:24:49;Kellner 8;WAHR;12,5;cash;;347
863;959;207;ORDER: CREATED - Bestellung erfasst;U3;Bier 0,5;#fbc02d;Alk;4,5;0;NULL;;2026-05-09 19:24:49;Kellner 8;WAHR;4,5;cash;;
864;960;207;ORDER: CREATED - Bestellung erfasst;U3;Radler 0,5;#afb42b;Alk;4,5;0;NULL;;2026-05-09 19:24:49;Kellner 8;WAHR;4,5;cash;;
865;961;207;ORDER: CREATED - Bestellung erfasst;U3;Limo Orange 0,33;#ffc107;Anti;3;0;NULL;;2026-05-09 19:24:49;Kellner 8;WAHR;3;cash;;
866;962;207;ORDER: CREATED - Bestellung erfasst;U3;Limo Orange 0,33;#ffc107;Anti;3;0;NULL;;2026-05-09 19:24:49;Kellner 8;WAHR;3;cash;;
867;964;207;ORDER: CREATED - Bestellung erfasst;U3;Hendl mit Pommes;#0070c0;Essen;12,5;0;NULL;;2026-05-09 19:24:49;Kellner 8;WAHR;12,5;cash;;347
868;966;208;ORDER: CREATED - Bestellung erfasst;A1;Gemüselaibchen mit Salat;#ffeb3b;Essen;9;0;NULL;;2026-05-09 19:24:50;Abholstation;WAHR;9;cash;;30
869;965;208;ORDER: CREATED - Bestellung erfasst;A1;Hendl mit Pommes;#0070c0;Essen;12,5;0;NULL;;2026-05-09 19:24:50;Abholstation;WAHR;12,5;cash;;345
870;967;209;ORDER: CREATED - Bestellung erfasst;I6;Hendl mit Pommes;#0070c0;Essen;12,5;0;NULL;;2026-05-09 19:24:54;Kellner 5;WAHR;12,5;cash;;342
871;969;210;ORDER: CREATED - Bestellung erfasst;V1;Cola 0,33;#004d40;Anti;3;0;NULL;;2026-05-09 19:25:00;Kellner 7;WAHR;3;voucher;;
872;968;210;ORDER: CREATED - Bestellung erfasst;V1;Hendl mit Pommes;#0070c0;Essen;12,5;0;NULL;;2026-05-09 19:25:00;Kellner 7;WAHR;12,5;voucher;;335
873;970;211;ORDER: CREATED - Bestellung erfasst;G4;Hendl mit Pommes;#0070c0;Essen;12,5;0;NULL;;2026-05-09 19:25:06;Kellner 4;WAHR;12,5;voucher;;330
874;971;212;ORDER: CREATED - Bestellung erfasst;V1;Schnitzel mit Pommes;#827717;Essen;11,5;0;NULL;;2026-05-09 19:25:14;Kellner 7;WAHR;11,5;voucher;;22
875;972;213;ORDER: CREATED - Bestellung erfasst;F6;Hendl mit Pommes;#0070c0;Essen;12,5;0;NULL;;2026-05-09 19:25:21;Kellner 6;WAHR;12,5;free;;314
876;973;213;ORDER: CREATED - Bestellung erfasst;F6;Grillwürstel mit Pommes;#8bc34a;Essen;8;0;NULL;;2026-05-09 19:25:21;Kellner 6;WAHR;8;free;;9
877;974;213;ORDER: CREATED - Bestellung erfasst;F6;Schnitzelsemmerl;#f57f17;Essen;4,5;0;NULL;;2026-05-09 19:25:21;Kellner 6;WAHR;4,5;free;;19
878;975;213;ORDER: CREATED - Bestellung erfasst;F6;Cola 0,33;#004d40;Anti;3;0;NULL;;2026-05-09 19:25:21;Kellner 6;WAHR;3;free;;
879;976;213;ORDER: CREATED - Bestellung erfasst;F6;Backhendl Salat;#4fc3f7;Essen;9;0;NULL;;2026-05-09 19:25:21;Kellner 6;WAHR;9;free;;36
880;977;214;ORDER: CREATED - Bestellung erfasst;F2;Hendl mit Pommes;#0070c0;Essen;12,5;0;NULL;;2026-05-09 19:25:22;Kellner 3;WAHR;12,5;cash;;410
881;978;215;ORDER: CREATED - Bestellung erfasst;G4;Hendl mit Pommes;#0070c0;Essen;12,5;0;NULL;;2026-05-09 19:25:31;Kellner 4;WAHR;12,5;voucher;;401
882;979;215;ORDER: CREATED - Bestellung erfasst;G4;Hendl mit Pommes;#0070c0;Essen;12,5;0;NULL;;2026-05-09 19:25:31;Kellner 4;WAHR;12,5;voucher;;401
883;980;216;ORDER: CREATED - Bestellung erfasst;F6;Schnitzelsemmerl;#f57f17;Essen;4,5;0;NULL;;2026-05-09 19:25:44;Kellner 6;WAHR;4,5;free;;19
884;981;217;ORDER: CREATED - Bestellung erfasst;U6;Pommes;#ffc000;Essen;3,5;0;NULL;;2026-05-09 19:25:50;Kellner 7;WAHR;3,5;cash;;19
885;983;218;ORDER: CREATED - Bestellung erfasst;H6;Schnitzel mit Pommes;#827717;Essen;11,5;0;NULL;;2026-05-09 19:25:52;Kellner 5;WAHR;11,5;cash;;51
886;982;218;ORDER: CREATED - Bestellung erfasst;H6;Bier 0,5;#fbc02d;Alk;4,5;0;NULL;;2026-05-09 19:25:52;Kellner 5;WAHR;4,5;voucher;;
887;984;219;ORDER: CREATED - Bestellung erfasst;F6;Hendl mit Pommes;#0070c0;Essen;12,5;0;NULL;;2026-05-09 19:25:55;Kellner 6;WAHR;12,5;free;;377
888;990;220;ORDER: CREATED - Bestellung erfasst;E3;Hendl mit Pommes;#0070c0;Essen;12,5;0;NULL;;2026-05-09 19:26:03;Kellner 2;WAHR;12,5;voucher;;369
889;985;220;ORDER: CREATED - Bestellung erfasst;E3;Sommer spritzer 0,5;#fff176;Alk;4,5;0;NULL;;2026-05-09 19:26:03;Kellner 2;WAHR;4,5;voucher;;
890;986;220;ORDER: CREATED - Bestellung erfasst;E3;Sommer spritzer 0,5;#fff176;Alk;4,5;0;NULL;;2026-05-09 19:26:03;Kellner 2;WAHR;4,5;voucher;;
891;987;220;ORDER: CREATED - Bestellung erfasst;E3;Sommer spritzer 0,5;#fff176;Alk;4,5;0;NULL;;2026-05-09 19:26:03;Kellner 2;WAHR;4,5;voucher;;
892;988;220;ORDER: CREATED - Bestellung erfasst;E3;Sommer spritzer 0,5;#fff176;Alk;4,5;0;NULL;;2026-05-09 19:26:03;Kellner 2;WAHR;4,5;voucher;;
893;989;220;ORDER: CREATED - Bestellung erfasst;E3;Hendl mit Pommes;#0070c0;Essen;12,5;0;NULL;;2026-05-09 19:26:03;Kellner 2;WAHR;12,5;voucher;;369
894;992;220;ORDER: CREATED - Bestellung erfasst;E3;Schnitzel mit Pommes;#827717;Essen;11,5;0;NULL;;2026-05-09 19:26:03;Kellner 2;WAHR;11,5;cash;;40
895;991;220;ORDER: CREATED - Bestellung erfasst;E3;Schnitzel mit Pommes;#827717;Essen;11,5;0;NULL;;2026-05-09 19:26:03;Kellner 2;WAHR;11,5;cash;;40
896;993;221;ORDER: CREATED - Bestellung erfasst;F2;Cola 0,33;#004d40;Anti;3;0;NULL;;2026-05-09 19:26:08;Kellner 3;WAHR;3;voucher;;
897;996;222;ORDER: CREATED - Bestellung erfasst;D1;Almdudler 0,33;#fbc02d;Anti;3;0;NULL;;2026-05-09 19:26:18;Kellner 1;WAHR;3;voucher;;
898;1003;222;ORDER: CREATED - Bestellung erfasst;D1;Hendl mit Pommes;#0070c0;Essen;12,5;0;NULL;;2026-05-09 19:26:18;Kellner 1;WAHR;12,5;voucher;;397
899;1002;222;ORDER: CREATED - Bestellung erfasst;D1;Hendl mit Pommes;#0070c0;Essen;12,5;0;NULL;;2026-05-09 19:26:18;Kellner 1;WAHR;12,5;voucher;;353
900;1001;222;ORDER: CREATED - Bestellung erfasst;D1;Hendl mit Pommes;#0070c0;Essen;12,5;0;NULL;;2026-05-09 19:26:18;Kellner 1;WAHR;12,5;voucher;;353
901;1000;222;ORDER: CREATED - Bestellung erfasst;D1;Hendl mit Pommes;#0070c0;Essen;12,5;0;NULL;;2026-05-09 19:26:18;Kellner 1;WAHR;12,5;voucher;;353
902;999;222;ORDER: CREATED - Bestellung erfasst;D1;Hendl mit Pommes;#0070c0;Essen;12,5;0;NULL;;2026-05-09 19:26:18;Kellner 1;WAHR;12,5;voucher;;353
903;998;222;ORDER: CREATED - Bestellung erfasst;D1;Sommer spritzer 0,5;#fff176;Alk;4,5;0;NULL;;2026-05-09 19:26:18;Kellner 1;WAHR;4,5;voucher;;
904;997;222;ORDER: CREATED - Bestellung erfasst;D1;Soda zitron 0,5;#4fc3f7;Anti;3;0;NULL;;2026-05-09 19:26:18;Kellner 1;WAHR;3;voucher;;
905;995;222;ORDER: CREATED - Bestellung erfasst;D1;Bier 0,5;#fbc02d;Alk;4,5;0;NULL;;2026-05-09 19:26:18;Kellner 1;WAHR;4,5;voucher;;
906;994;222;ORDER: CREATED - Bestellung erfasst;D1;Sommer spritzer 0,5;#fff176;Alk;4,5;0;NULL;;2026-05-09 19:26:18;Kellner 1;WAHR;4,5;voucher;;
907;1014;223;ORDER: CREATED - Bestellung erfasst;B9;Schnitzel mit Pommes;#827717;Essen;11,5;0;NULL;;2026-05-09 19:26:19;Kellner 11;WAHR;11,5;voucher;;96
908;1004;223;ORDER: CREATED - Bestellung erfasst;B9;Soda zitron 0,5;#4fc3f7;Anti;3;0;NULL;;2026-05-09 19:26:19;Kellner 11;WAHR;3;voucher;;
909;1005;223;ORDER: CREATED - Bestellung erfasst;B9;Hendl mit Pommes;#0070c0;Essen;12,5;0;NULL;;2026-05-09 19:26:19;Kellner 11;WAHR;12,5;voucher;;396
910;1006;223;ORDER: CREATED - Bestellung erfasst;B9;Grillwürstel mit Pommes;#8bc34a;Essen;8;0;NULL;;2026-05-09 19:26:19;Kellner 11;WAHR;8;voucher;;6
911;1007;223;ORDER: CREATED - Bestellung erfasst;B9;Soda zitron 0,5;#4fc3f7;Anti;3;0;NULL;;2026-05-09 19:26:19;Kellner 11;WAHR;3;voucher;;
912;1008;223;ORDER: CREATED - Bestellung erfasst;B9;Bier 0,5;#fbc02d;Alk;4,5;0;NULL;;2026-05-09 19:26:19;Kellner 11;WAHR;4,5;voucher;;
913;1009;223;ORDER: CREATED - Bestellung erfasst;B9;Grillwürstel mit Pommes;#8bc34a;Essen;8;0;NULL;;2026-05-09 19:26:19;Kellner 11;WAHR;8;voucher;;70
914;1010;223;ORDER: CREATED - Bestellung erfasst;B9;Hendl mit Pommes;#0070c0;Essen;12,5;0;NULL;;2026-05-09 19:26:19;Kellner 11;WAHR;12,5;voucher;;396
915;1011;223;ORDER: CREATED - Bestellung erfasst;B9;Bier 0,5;#fbc02d;Alk;4,5;0;NULL;;2026-05-09 19:26:19;Kellner 11;WAHR;4,5;voucher;;
916;1012;223;ORDER: CREATED - Bestellung erfasst;B9;Hendl mit Pommes;#0070c0;Essen;12,5;0;NULL;;2026-05-09 19:26:19;Kellner 11;WAHR;12,5;voucher;;396
917;1013;223;ORDER: CREATED - Bestellung erfasst;B9;Schnitzel mit Pommes;#827717;Essen;11,5;0;NULL;;2026-05-09 19:26:19;Kellner 11;WAHR;11,5;voucher;;96
918;1019;224;ORDER: CREATED - Bestellung erfasst;F5;Pommes;#ffc000;Essen;3,5;0;NULL;;2026-05-09 19:26:37;Kellner 6;WAHR;3,5;free;;53
919;1021;224;ORDER: CREATED - Bestellung erfasst;F5;Hendl mit Pommes;#0070c0;Essen;12,5;0;NULL;;2026-05-09 19:26:37;Kellner 6;WAHR;12,5;free;;378
920;1015;224;ORDER: CREATED - Bestellung erfasst;F5;Schnitzelsemmerl;#f57f17;Essen;4,5;0;NULL;;2026-05-09 19:26:37;Kellner 6;WAHR;4,5;free;;30
921;1016;224;ORDER: CREATED - Bestellung erfasst;F5;Hendl mit Pommes;#0070c0;Essen;12,5;0;NULL;;2026-05-09 19:26:37;Kellner 6;WAHR;12,5;free;;378
922;1017;224;ORDER: CREATED - Bestellung erfasst;F5;Grillwürstel mit Pommes;#8bc34a;Essen;8;0;NULL;;2026-05-09 19:26:37;Kellner 6;WAHR;8;free;;53
923;1018;224;ORDER: CREATED - Bestellung erfasst;F5;Schnitzelsemmerl;#f57f17;Essen;4,5;0;NULL;;2026-05-09 19:26:37;Kellner 6;WAHR;4,5;free;;30
924;1020;224;ORDER: CREATED - Bestellung erfasst;F5;Hendl mit Pommes;#0070c0;Essen;12,5;0;NULL;;2026-05-09 19:26:37;Kellner 6;WAHR;12,5;free;;378
925;1027;225;ORDER: CREATED - Bestellung erfasst;C7;Hendl mit Pommes;#0070c0;Essen;12,5;0;NULL;;2026-05-09 19:26:47;Kellner 12;WAHR;12,5;voucher;;368
926;1022;225;ORDER: CREATED - Bestellung erfasst;C7;Bier 0,5;#fbc02d;Alk;4,5;0;NULL;;2026-05-09 19:26:47;Kellner 12;WAHR;4,5;voucher;;
927;1023;225;ORDER: CREATED - Bestellung erfasst;C7;Bier 0,5;#fbc02d;Alk;4,5;0;NULL;;2026-05-09 19:26:47;Kellner 12;WAHR;4,5;voucher;;
928;1024;225;ORDER: CREATED - Bestellung erfasst;C7;Bier 0,5;#fbc02d;Alk;4,5;0;NULL;;2026-05-09 19:26:47;Kellner 12;WAHR;4,5;voucher;;
929;1025;225;ORDER: CREATED - Bestellung erfasst;C7;Bier 0,5;#fbc02d;Alk;4,5;0;NULL;;2026-05-09 19:26:47;Kellner 12;WAHR;4,5;voucher;;
930;1026;225;ORDER: CREATED - Bestellung erfasst;C7;Hendl mit Pommes;#0070c0;Essen;12,5;0;NULL;;2026-05-09 19:26:47;Kellner 12;WAHR;12,5;voucher;;368
931;1028;225;ORDER: CREATED - Bestellung erfasst;C7;Hendl mit Pommes;#0070c0;Essen;12,5;0;NULL;;2026-05-09 19:26:47;Kellner 12;WAHR;12,5;voucher;;464
932;1029;225;ORDER: CREATED - Bestellung erfasst;C7;Hendl mit Pommes;#0070c0;Essen;12,5;0;NULL;;2026-05-09 19:26:47;Kellner 12;WAHR;12,5;voucher;;464
933;1030;226;ORDER: CREATED - Bestellung erfasst;F5;Bier 0,5;#fbc02d;Alk;4,5;0;NULL;;2026-05-09 19:26:49;Kellner 6;WAHR;4,5;free;;
934;1031;227;ORDER: CREATED - Bestellung erfasst;G6;Schnitzel mit Pommes;#827717;Essen;11,5;0;NULL;;2026-05-09 19:26:50;Kellner 5;WAHR;11,5;free;;76
935;1033;227;ORDER: CREATED - Bestellung erfasst;G6;Sommer spritzer 0,5;#fff176;Alk;4,5;0;NULL;;2026-05-09 19:26:50;Kellner 5;WAHR;4,5;free;;
936;1034;227;ORDER: CREATED - Bestellung erfasst;G6;Schnitzel mit Pommes;#827717;Essen;11,5;0;NULL;;2026-05-09 19:26:50;Kellner 5;WAHR;11,5;free;;76
937;1032;227;ORDER: CREATED - Bestellung erfasst;G6;Radler 0,5;#afb42b;Alk;4,5;0;NULL;;2026-05-09 19:26:50;Kellner 5;WAHR;4,5;free;;
938;1036;228;ORDER: CREATED - Bestellung erfasst;U7;Radler 0,5;#afb42b;Alk;4,5;0;NULL;;2026-05-09 19:26:59;Kellner 7;WAHR;4,5;cash;;
939;1035;228;ORDER: CREATED - Bestellung erfasst;U7;Radler 0,5;#afb42b;Alk;4,5;0;NULL;;2026-05-09 19:26:59;Kellner 7;WAHR;4,5;cash;;
940;1037;229;ORDER: CREATED - Bestellung erfasst;F10;Bier 0,5;#fbc02d;Alk;4,5;0;NULL;;2026-05-09 19:27:05;Kellner 10;WAHR;4,5;voucher;;
941;1040;229;ORDER: CREATED - Bestellung erfasst;F10;Hendl mit Pommes;#0070c0;Essen;12,5;0;NULL;;2026-05-09 19:27:05;Kellner 10;WAHR;12,5;voucher;;446
942;1039;229;ORDER: CREATED - Bestellung erfasst;F10;Bier 0,5;#fbc02d;Alk;4,5;0;NULL;;2026-05-09 19:27:05;Kellner 10;WAHR;4,5;voucher;;
943;1038;229;ORDER: CREATED - Bestellung erfasst;F10;Backhendl Salat;#4fc3f7;Essen;9;0;NULL;;2026-05-09 19:27:05;Kellner 10;WAHR;9;voucher;;25
944;1041;230;ORDER: CREATED - Bestellung erfasst;E3;Pommes;#ffc000;Essen;3,5;0;NULL;;2026-05-09 19:27:16;Kellner 2;WAHR;3,5;cash;;91
945;1042;231;ORDER: CREATED - Bestellung erfasst;H4;Schnitzelsemmerl;#f57f17;Essen;4,5;0;NULL;;2026-05-09 19:27:19;Kellner 4;WAHR;4,5;cash;;57
946;1043;231;ORDER: CREATED - Bestellung erfasst;H4;Schnitzelsemmerl;#f57f17;Essen;4,5;0;NULL;;2026-05-09 19:27:19;Kellner 4;WAHR;4,5;cash;;57
947;1044;232;ORDER: CREATED - Bestellung erfasst;B1;Gemüselaibchen mit Salat;#ffeb3b;Essen;9;0;NULL;;2026-05-09 19:27:27;Kellner 1;WAHR;9;cash;;61
948;1047;233;ORDER: CREATED - Bestellung erfasst;U8;Pommes;#ffc000;Essen;3,5;0;NULL;;2026-05-09 19:27:37;Kellner 8;WAHR;3,5;cash;;70
949;1045;233;ORDER: CREATED - Bestellung erfasst;U8;Cola 0,33;#004d40;Anti;3;0;NULL;;2026-05-09 19:27:37;Kellner 8;WAHR;3;cash;;
950;1046;233;ORDER: CREATED - Bestellung erfasst;U8;Gemüselaibchen mit Salat;#ffeb3b;Essen;9;0;NULL;;2026-05-09 19:27:37;Kellner 8;WAHR;9;cash;;51
951;1051;234;ORDER: CREATED - Bestellung erfasst;B7;Pommes;#ffc000;Essen;3,5;0;NULL;;2026-05-09 19:27:38;Kellner 12;WAHR;3,5;cash;;69
952;1048;234;ORDER: CREATED - Bestellung erfasst;B7;Radler 0,5;#afb42b;Alk;4,5;0;NULL;;2026-05-09 19:27:38;Kellner 12;WAHR;4,5;cash;;
953;1050;234;ORDER: CREATED - Bestellung erfasst;B7;Hendl mit Pommes;#0070c0;Essen;12,5;0;NULL;;2026-05-09 19:27:38;Kellner 12;WAHR;12,5;cash;;412
954;1049;234;ORDER: CREATED - Bestellung erfasst;B7;Cola 0,33;#004d40;Anti;3;0;NULL;;2026-05-09 19:27:38;Kellner 12;WAHR;3;cash;;
955;1053;235;ORDER: CREATED - Bestellung erfasst;F5;Mineral 0,33;#b3e5fc;Anti;2,5;0;NULL;;2026-05-09 19:27:49;Kellner 5;WAHR;2,5;free;;
956;1052;235;ORDER: CREATED - Bestellung erfasst;F5;Sommer spritzer 0,5;#fff176;Alk;4,5;0;NULL;;2026-05-09 19:27:49;Kellner 5;WAHR;4,5;free;;
957;1055;236;ORDER: CREATED - Bestellung erfasst;G9;Hendl mit Pommes;#0070c0;Essen;12,5;0;NULL;;2026-05-09 19:28:10;Kellner 6;WAHR;12,5;voucher;;381
958;1056;236;ORDER: CREATED - Bestellung erfasst;G9;Bier 0,5;#fbc02d;Alk;4,5;0;NULL;;2026-05-09 19:28:10;Kellner 6;WAHR;4,5;voucher;;
959;1057;236;ORDER: CREATED - Bestellung erfasst;G9;Schnitzelsemmerl;#f57f17;Essen;4,5;0;NULL;;2026-05-09 19:28:10;Kellner 6;WAHR;4,5;voucher;;37
960;1059;236;ORDER: CREATED - Bestellung erfasst;G9;Cola 0,33;#004d40;Anti;3;0;NULL;;2026-05-09 19:28:10;Kellner 6;WAHR;3;voucher;;
961;1060;236;ORDER: CREATED - Bestellung erfasst;G9;Bier 0,5;#fbc02d;Alk;4,5;0;NULL;;2026-05-09 19:28:10;Kellner 6;WAHR;4,5;cash;;
962;1058;236;ORDER: CREATED - Bestellung erfasst;G9;Schnitzelsemmerl;#f57f17;Essen;4,5;0;NULL;;2026-05-09 19:28:10;Kellner 6;WAHR;4,5;cash;;37
963;1054;236;ORDER: CREATED - Bestellung erfasst;G9;Bier 0,5;#fbc02d;Alk;4,5;0;NULL;;2026-05-09 19:28:10;Kellner 6;WAHR;4,5;voucher;;
964;1062;237;ORDER: CREATED - Bestellung erfasst;A3;Sommer spritzer 0,5;#fff176;Alk;4,5;0;NULL;;2026-05-09 19:28:13;Kellner 2;WAHR;4,5;voucher;;
965;1061;237;ORDER: CREATED - Bestellung erfasst;A3;Sommer spritzer 0,5;#fff176;Alk;4,5;0;NULL;;2026-05-09 19:28:13;Kellner 2;WAHR;4,5;voucher;;
966;1063;238;ORDER: CREATED - Bestellung erfasst;C10;Bier 0,5;#fbc02d;Alk;4,5;0;NULL;;2026-05-09 19:28:15;Kellner 9;WAHR;4,5;voucher;;
967;1065;239;ORDER: CREATED - Bestellung erfasst;F3;Hendl mit Pommes;#0070c0;Essen;12,5;0;NULL;;2026-05-09 19:28:22;Kellner 4;WAHR;12,5;cash;;368
968;1068;239;ORDER: CREATED - Bestellung erfasst;F3;Hendl mit Pommes;#0070c0;Essen;12,5;0;NULL;;2026-05-09 19:28:22;Kellner 4;WAHR;12,5;cash;;463
969;1067;239;ORDER: CREATED - Bestellung erfasst;F3;Hendl mit Pommes;#0070c0;Essen;12,5;0;NULL;;2026-05-09 19:28:22;Kellner 4;WAHR;12,5;cash;;463
970;1066;239;ORDER: CREATED - Bestellung erfasst;F3;Hendl mit Pommes;#0070c0;Essen;12,5;0;NULL;;2026-05-09 19:28:22;Kellner 4;WAHR;12,5;cash;;368
971;1064;239;ORDER: CREATED - Bestellung erfasst;F3;Hendl mit Pommes;#0070c0;Essen;12,5;0;NULL;;2026-05-09 19:28:22;Kellner 4;WAHR;12,5;cash;;368
972;1069;240;ORDER: CREATED - Bestellung erfasst;H10;Radler 0,5;#afb42b;Alk;4,5;0;NULL;;2026-05-09 19:28:32;Kellner 10;WAHR;4,5;voucher;;
973;1074;240;ORDER: CREATED - Bestellung erfasst;H10;Bier 0,5;#fbc02d;Alk;4,5;0;NULL;;2026-05-09 19:28:32;Kellner 10;WAHR;4,5;voucher;;
974;1073;240;ORDER: CREATED - Bestellung erfasst;H10;Bier 0,5;#fbc02d;Alk;4,5;0;NULL;;2026-05-09 19:28:32;Kellner 10;WAHR;4,5;voucher;;
975;1072;240;ORDER: CREATED - Bestellung erfasst;H10;Bier 0,5;#fbc02d;Alk;4,5;0;NULL;;2026-05-09 19:28:32;Kellner 10;WAHR;4,5;voucher;;
976;1071;240;ORDER: CREATED - Bestellung erfasst;H10;Bier 0,5;#fbc02d;Alk;4,5;0;NULL;;2026-05-09 19:28:32;Kellner 10;WAHR;4,5;voucher;;
977;1070;240;ORDER: CREATED - Bestellung erfasst;H10;Bier 0,5;#fbc02d;Alk;4,5;0;NULL;;2026-05-09 19:28:32;Kellner 10;WAHR;4,5;voucher;;
978;1076;241;ORDER: CREATED - Bestellung erfasst;D5;Sommer spritzer 0,5;#fff176;Alk;4,5;0;NULL;;2026-05-09 19:28:45;Kellner 12;WAHR;4,5;cash;;
979;1075;241;ORDER: CREATED - Bestellung erfasst;D5;Hendl mit Pommes;#0070c0;Essen;12,5;0;NULL;;2026-05-09 19:28:45;Kellner 12;WAHR;12,5;cash;;441
980;1078;241;ORDER: CREATED - Bestellung erfasst;D5;Radler 0,5;#afb42b;Alk;4,5;0;NULL;;2026-05-09 19:28:45;Kellner 12;WAHR;4,5;cash;;
981;1077;241;ORDER: CREATED - Bestellung erfasst;D5;Bier 0,5;#fbc02d;Alk;4,5;0;NULL;;2026-05-09 19:28:45;Kellner 12;WAHR;4,5;cash;;
982;1079;242;ORDER: CREATED - Bestellung erfasst;C8;Sommer spritzer 0,5;#fff176;Alk;4,5;0;NULL;;2026-05-09 19:28:48;Kellner 11;WAHR;4,5;voucher;;
983;1080;243;ORDER: CREATED - Bestellung erfasst;A1;Schnitzelsemmerl;#f57f17;Essen;4,5;0;NULL;;2026-05-09 19:29:02;Abholstation;WAHR;4,5;cash;;28
984;1082;243;ORDER: CREATED - Bestellung erfasst;A1;Almdudler 0,33;#fbc02d;Anti;3;0;NULL;;2026-05-09 19:29:02;Abholstation;WAHR;3;cash;;
985;1081;243;ORDER: CREATED - Bestellung erfasst;A1;Pommes;#ffc000;Essen;3,5;0;NULL;;2026-05-09 19:29:02;Abholstation;WAHR;3,5;cash;;13
986;1083;244;ORDER: CREATED - Bestellung erfasst;F6;Hendl mit Pommes;#0070c0;Essen;12,5;0;NULL;;2026-05-09 19:29:04;Kellner 5;WAHR;12,5;free;;422
987;1084;245;ORDER: CREATED - Bestellung erfasst;D3;Sommer spritzer 0,5;#fff176;Alk;4,5;0;NULL;;2026-05-09 19:29:08;Kellner 2;WAHR;4,5;voucher;;
988;1085;246;ORDER: CREATED - Bestellung erfasst;H8;Sommer spritzer 0,5;#fff176;Alk;4,5;0;NULL;;2026-05-09 19:29:23;Kellner 6;WAHR;4,5;voucher;;
989;1086;246;ORDER: CREATED - Bestellung erfasst;H8;Sommer spritzer 0,5;#fff176;Alk;4,5;0;NULL;;2026-05-09 19:29:23;Kellner 6;WAHR;4,5;voucher;;
990;1087;246;ORDER: CREATED - Bestellung erfasst;H8;Hendl mit Pommes;#0070c0;Essen;12,5;0;NULL;;2026-05-09 19:29:23;Kellner 6;WAHR;12,5;voucher;;403
991;1088;247;ORDER: CREATED - Bestellung erfasst;D4;Pommes;#ffc000;Essen;3,5;0;NULL;;2026-05-09 19:29:29;Kellner 1;WAHR;3,5;cash;;23
992;1091;248;ORDER: CANCELED - Bestellung STORNO;E1;Backhendl Salat;#4fc3f7;Essen;9;0;NULL;;2026-05-09 19:29:44;Kellner 2;FALSCH;0;;;26
993;1089;248;ORDER: CREATED - Bestellung erfasst;E1;Backhendl Salat;#4fc3f7;Essen;9;0;NULL;;2026-05-09 19:29:44;Kellner 2;WAHR;9;cash;;26
994;1090;248;ORDER: CREATED - Bestellung erfasst;E1;Schnitzelsemmerl;#f57f17;Essen;4,5;0;NULL;;2026-05-09 19:29:44;Kellner 2;WAHR;4,5;cash;;58
995;1094;249;ORDER: CREATED - Bestellung erfasst;U1;Gemüselaibchen mit Salat;#ffeb3b;Essen;9;0;NULL;;2026-05-09 19:29:50;Kellner 8;WAHR;9;free;;38
996;1092;249;ORDER: CREATED - Bestellung erfasst;U1;Soda zitron 0,5;#4fc3f7;Anti;3;0;NULL;;2026-05-09 19:29:50;Kellner 8;WAHR;3;cash;;
997;1093;249;ORDER: CREATED - Bestellung erfasst;U1;Schnitzelsemmerl;#f57f17;Essen;4,5;0;NULL;;2026-05-09 19:29:50;Kellner 8;WAHR;4,5;cash;;52
998;1095;250;ORDER: CREATED - Bestellung erfasst;H10;Bier 0,5;#fbc02d;Alk;4,5;0;NULL;;2026-05-09 19:30:23;Kellner 10;WAHR;4,5;cash;;
999;1098;251;ORDER: CREATED - Bestellung erfasst;E6;Bier 0,5;#fbc02d;Alk;4,5;0;NULL;;2026-05-09 19:30:27;Kellner 12;WAHR;4,5;voucher;;
1000;1096;251;ORDER: CREATED - Bestellung erfasst;E6;Bier 0,5;#fbc02d;Alk;4,5;0;NULL;;2026-05-09 19:30:27;Kellner 12;WAHR;4,5;voucher;;
1001;1097;251;ORDER: CREATED - Bestellung erfasst;E6;Bier 0,5;#fbc02d;Alk;4,5;0;NULL;;2026-05-09 19:30:27;Kellner 12;WAHR;4,5;voucher;;
1002;1099;251;ORDER: CREATED - Bestellung erfasst;E6;Bier 0,5;#fbc02d;Alk;4,5;0;NULL;;2026-05-09 19:30:27;Kellner 12;WAHR;4,5;voucher;;
1003;1100;252;ORDER: CREATED - Bestellung erfasst;E1;Bier 0,5;#fbc02d;Alk;4,5;0;NULL;;2026-05-09 19:30:37;Kellner 2;WAHR;4,5;voucher;;
1004;1101;253;ORDER: CREATED - Bestellung erfasst;H1;Sommer spritzer 0,5;#fff176;Alk;4,5;0;NULL;;2026-05-09 19:30:38;Kellner 3;WAHR;4,5;voucher;;
1005;1102;254;ORDER: CREATED - Bestellung erfasst;G4;Sommer spritzer 0,5;#fff176;Alk;4,5;0;NULL;;2026-05-09 19:30:45;Kellner 4;WAHR;4,5;cash;;
1006;1103;255;ORDER: CREATED - Bestellung erfasst;I6;Bier 0,5;#fbc02d;Alk;4,5;0;NULL;;2026-05-09 19:30:49;Kellner 6;WAHR;4,5;voucher;;
1007;1105;255;ORDER: CREATED - Bestellung erfasst;I6;Bier 0,5;#fbc02d;Alk;4,5;0;NULL;;2026-05-09 19:30:49;Kellner 6;WAHR;4,5;voucher;;
1008;1104;255;ORDER: CREATED - Bestellung erfasst;I6;Bier 0,5;#fbc02d;Alk;4,5;0;NULL;;2026-05-09 19:30:49;Kellner 6;WAHR;4,5;voucher;;
1009;1106;256;ORDER: CREATED - Bestellung erfasst;D6;Hendl mit Pommes;#0070c0;Essen;12,5;0;NULL;;2026-05-09 19:30:50;Kellner 12;WAHR;12,5;voucher;;316
1010;1107;257;ORDER: CREATED - Bestellung erfasst;E5;Hendl mit Pommes;#0070c0;Essen;12,5;0;NULL;;2026-05-09 19:31:06;Kellner 11;WAHR;12,5;voucher;;300
1011;1108;258;ORDER: CREATED - Bestellung erfasst;D5;Bier 0,5;#fbc02d;Alk;4,5;0;NULL;;2026-05-09 19:31:23;Kellner 12;WAHR;4,5;voucher;;
1012;1109;259;ORDER: CREATED - Bestellung erfasst;F5;Bier 0,5;#fbc02d;Alk;4,5;0;NULL;;2026-05-09 19:31:34;Kellner 4;WAHR;4,5;free;;
1013;1110;259;ORDER: CREATED - Bestellung erfasst;F5;Hendl mit Pommes;#0070c0;Essen;12,5;0;NULL;;2026-05-09 19:31:34;Kellner 4;WAHR;12,5;free;;272
1014;1111;260;ORDER: CREATED - Bestellung erfasst;C8;Hendl mit Pommes;#0070c0;Essen;12,5;0;NULL;;2026-05-09 19:32:00;Kellner 11;WAHR;12,5;cash;;246
1015;1112;261;ORDER: CREATED - Bestellung erfasst;U1;Gemüselaibchen mit Salat;#ffeb3b;Essen;9;0;NULL;;2026-05-09 19:32:38;Kellner 8;WAHR;9;cash;;7
1016;1113;262;ORDER: CREATED - Bestellung erfasst;C8;Pommes;#ffc000;Essen;3,5;0;NULL;;2026-05-09 19:32:59;Kellner 11;WAHR;3,5;cash;;4
1017;1114;263;ORDER: CREATED - Bestellung erfasst;C8;Bier 0,5;#fbc02d;Alk;4,5;0;NULL;;2026-05-09 19:33:16;Kellner 11;WAHR;4,5;cash;;
1018;1116;264;ORDER: CREATED - Bestellung erfasst;G10;Soda zitron 0,5;#4fc3f7;Anti;3;0;NULL;;2026-05-09 19:33:17;Kellner 9;WAHR;3;voucher;;
1019;1117;264;ORDER: CREATED - Bestellung erfasst;G10;Bier 0,5;#fbc02d;Alk;4,5;0;NULL;;2026-05-09 19:33:17;Kellner 9;WAHR;4,5;voucher;;
1020;1115;264;ORDER: CREATED - Bestellung erfasst;G10;Radler 0,5;#afb42b;Alk;4,5;0;NULL;;2026-05-09 19:33:17;Kellner 9;WAHR;4,5;voucher;;
1021;1119;265;ORDER: CREATED - Bestellung erfasst;U1;Mineral 0,33;#b3e5fc;Anti;2,5;0;NULL;;2026-05-09 19:33:28;Kellner 2;WAHR;2,5;cash;;
1022;1118;265;ORDER: CREATED - Bestellung erfasst;U1;Bier 0,5;#fbc02d;Alk;4,5;0;NULL;;2026-05-09 19:33:28;Kellner 2;WAHR;4,5;cash;;
1023;1122;266;ORDER: CREATED - Bestellung erfasst;U9;Radler 0,5;#afb42b;Alk;4,5;0;NULL;;2026-05-09 19:33:32;Kellner 7;WAHR;4,5;cash;;
1024;1121;266;ORDER: CREATED - Bestellung erfasst;U9;Limo Orange 0,33;#ffc107;Anti;3;0;NULL;;2026-05-09 19:33:32;Kellner 7;WAHR;3;cash;;
1025;1120;266;ORDER: CREATED - Bestellung erfasst;U9;Pommes;#ffc000;Essen;3,5;0;NULL;;2026-05-09 19:33:32;Kellner 7;WAHR;3,5;cash;;11
1026;1124;267;ORDER: CREATED - Bestellung erfasst;H4;Bier 0,5;#fbc02d;Alk;4,5;0;NULL;;2026-05-09 19:33:48;Kellner 6;WAHR;4,5;cash;;
1027;1123;267;ORDER: CREATED - Bestellung erfasst;H4;Sommer spritzer 0,5;#fff176;Alk;4,5;0;NULL;;2026-05-09 19:33:48;Kellner 6;WAHR;4,5;cash;;
1028;1125;268;ORDER: CREATED - Bestellung erfasst;U10;Bier 0,5;#fbc02d;Alk;4,5;0;NULL;;2026-05-09 19:33:48;Kellner 8;WAHR;4,5;cash;;
1029;1130;269;ORDER: CREATED - Bestellung erfasst;U11;Hendl mit Pommes;#0070c0;Essen;12,5;0;NULL;;2026-05-09 19:34:30;Kellner 7;WAHR;12,5;free;;352
1030;1129;269;ORDER: CREATED - Bestellung erfasst;U11;Hendl mit Pommes;#0070c0;Essen;12,5;0;NULL;;2026-05-09 19:34:30;Kellner 7;WAHR;12,5;free;;352
1031;1128;269;ORDER: CREATED - Bestellung erfasst;U11;Hendl mit Pommes;#0070c0;Essen;12,5;0;NULL;;2026-05-09 19:34:30;Kellner 7;WAHR;12,5;free;;352
1032;1127;269;ORDER: CREATED - Bestellung erfasst;U11;Hendl mit Pommes;#0070c0;Essen;12,5;0;NULL;;2026-05-09 19:34:30;Kellner 7;WAHR;12,5;free;;352
1033;1126;269;ORDER: CREATED - Bestellung erfasst;U11;Hendl mit Pommes;#0070c0;Essen;12,5;0;NULL;;2026-05-09 19:34:30;Kellner 7;WAHR;12,5;free;;352
1034;1133;269;ORDER: CREATED - Bestellung erfasst;U11;Hendl mit Pommes;#0070c0;Essen;12,5;0;NULL;;2026-05-09 19:34:30;Kellner 7;WAHR;12,5;free;;352
1035;1134;269;ORDER: CREATED - Bestellung erfasst;U11;Backhendl Salat;#4fc3f7;Essen;9;0;NULL;;2026-05-09 19:34:30;Kellner 7;WAHR;9;free;;17
1036;1135;269;ORDER: CREATED - Bestellung erfasst;U11;Schnitzelsemmerl;#f57f17;Essen;4,5;0;NULL;;2026-05-09 19:34:30;Kellner 7;WAHR;4,5;free;;27
1037;1132;269;ORDER: CREATED - Bestellung erfasst;U11;Hendl mit Pommes;#0070c0;Essen;12,5;0;NULL;;2026-05-09 19:34:30;Kellner 7;WAHR;12,5;free;;352
1038;1131;269;ORDER: CREATED - Bestellung erfasst;U11;Hendl mit Pommes;#0070c0;Essen;12,5;0;NULL;;2026-05-09 19:34:30;Kellner 7;WAHR;12,5;free;;352
1039;1136;270;ORDER: CREATED - Bestellung erfasst;G7;Schnitzelsemmerl;#f57f17;Essen;4,5;0;NULL;;2026-05-09 19:34:59;Kellner 5;WAHR;4,5;free;;10
1040;1138;271;ORDER: CREATED - Bestellung erfasst;H4;Bier 0,5;#fbc02d;Alk;4,5;0;NULL;;2026-05-09 19:35:01;Kellner 6;WAHR;4,5;voucher;;
1041;1137;271;ORDER: CREATED - Bestellung erfasst;H4;Bier 0,5;#fbc02d;Alk;4,5;0;NULL;;2026-05-09 19:35:01;Kellner 6;WAHR;4,5;voucher;;
1042;1139;272;ORDER: CREATED - Bestellung erfasst;F1;Freibier 0.5;#ffeb3b;Alk;4,5;0;NULL;;2026-05-09 19:35:04;Kellner 3;WAHR;4,5;voucher;;
1043;1140;273;ORDER: CREATED - Bestellung erfasst;U9;Limo Zitrone 0,33;#ffeb3b;Anti;3;0;NULL;;2026-05-09 19:35:05;Kellner 8;WAHR;3;cash;;
1044;1143;274;ORDER: CREATED - Bestellung erfasst;E8;Bier 0,5;#fbc02d;Alk;4,5;0;NULL;;2026-05-09 19:35:21;Kellner 11;WAHR;4,5;voucher;;
1045;1142;274;ORDER: CREATED - Bestellung erfasst;E8;Bier 0,5;#fbc02d;Alk;4,5;0;NULL;;2026-05-09 19:35:21;Kellner 11;WAHR;4,5;voucher;;
1046;1141;274;ORDER: CREATED - Bestellung erfasst;E8;Bier 0,5;#fbc02d;Alk;4,5;0;NULL;;2026-05-09 19:35:21;Kellner 11;WAHR;4,5;voucher;;
1047;1144;274;ORDER: CREATED - Bestellung erfasst;E8;Cola 0,33;#004d40;Anti;3;0;NULL;;2026-05-09 19:35:21;Kellner 11;WAHR;3;voucher;;
1048;1145;275;ORDER: CREATED - Bestellung erfasst;H4;Bier 0,5;#fbc02d;Alk;4,5;0;NULL;;2026-05-09 19:35:29;Kellner 6;WAHR;4,5;voucher;;
1049;1147;276;ORDER: CREATED - Bestellung erfasst;I1;Bier 0,5;#fbc02d;Alk;4,5;0;NULL;;2026-05-09 19:35:33;Kellner 3;WAHR;4,5;voucher;;
1050;1148;276;ORDER: CREATED - Bestellung erfasst;I1;Sommer spritzer 0,5;#fff176;Alk;4,5;0;NULL;;2026-05-09 19:35:33;Kellner 3;WAHR;4,5;voucher;;
1051;1146;276;ORDER: CREATED - Bestellung erfasst;I1;Bier 0,5;#fbc02d;Alk;4,5;0;NULL;;2026-05-09 19:35:33;Kellner 3;WAHR;4,5;voucher;;
1052;1149;277;ORDER: CREATED - Bestellung erfasst;I2;Sommer spritzer 0,5;#fff176;Alk;4,5;0;NULL;;2026-05-09 19:35:46;Kellner 3;WAHR;4,5;cash;;
1053;1150;278;ORDER: CREATED - Bestellung erfasst;H4;Bier 0,5;#fbc02d;Alk;4,5;0;NULL;;2026-05-09 19:35:53;Kellner 6;WAHR;4,5;voucher;;
1054;1151;279;ORDER: CREATED - Bestellung erfasst;H5;Bier 0,5;#fbc02d;Alk;4,5;0;NULL;;2026-05-09 19:36:09;Kellner 6;WAHR;4,5;voucher;;
1055;1152;280;ORDER: CREATED - Bestellung erfasst;I2;Sommer spritzer 0,5;#fff176;Alk;4,5;0;NULL;;2026-05-09 19:36:38;Kellner 3;WAHR;4,5;voucher;;
1056;1153;281;ORDER: CREATED - Bestellung erfasst;U10;Schnitzelsemmerl;#f57f17;Essen;4,5;0;NULL;;2026-05-09 19:36:40;Kellner 7;WAHR;4,5;cash;;6
1057;1154;282;ORDER: CREATED - Bestellung erfasst;E9;Bier 0,5;#fbc02d;Alk;4,5;0;NULL;;2026-05-09 19:37:06;Kellner 10;WAHR;4,5;voucher;;
1058;1155;283;ORDER: CREATED - Bestellung erfasst;H3;Bier 0,5;#fbc02d;Alk;4,5;0;NULL;;2026-05-09 19:37:15;Kellner 3;WAHR;4,5;cash;;
1059;1158;283;ORDER: CREATED - Bestellung erfasst;H3;Bier 0,5;#fbc02d;Alk;4,5;0;NULL;;2026-05-09 19:37:15;Kellner 3;WAHR;4,5;cash;;
1060;1157;283;ORDER: CREATED - Bestellung erfasst;H3;Bier 0,5;#fbc02d;Alk;4,5;0;NULL;;2026-05-09 19:37:15;Kellner 3;WAHR;4,5;cash;;
1061;1156;283;ORDER: CREATED - Bestellung erfasst;H3;Bier 0,5;#fbc02d;Alk;4,5;0;NULL;;2026-05-09 19:37:15;Kellner 3;WAHR;4,5;cash;;
1062;1159;284;ORDER: CREATED - Bestellung erfasst;I8;Sommer spritzer 0,5;#fff176;Alk;4,5;0;NULL;;2026-05-09 19:37:21;Kellner 9;WAHR;4,5;cash;;
1063;1160;285;ORDER: CREATED - Bestellung erfasst;F4;Bier 0,5;#fbc02d;Alk;4,5;0;NULL;;2026-05-09 19:37:32;Kellner 4;WAHR;4,5;voucher;;
1064;1161;286;ORDER: CREATED - Bestellung erfasst;G9;Bier 0,5;#fbc02d;Alk;4,5;0;NULL;;2026-05-09 19:37:42;Kellner 6;WAHR;4,5;voucher;;
1065;1162;286;ORDER: CREATED - Bestellung erfasst;G9;Bier 0,5;#fbc02d;Alk;4,5;0;NULL;;2026-05-09 19:37:42;Kellner 6;WAHR;4,5;voucher;;
1066;1164;287;ORDER: CREATED - Bestellung erfasst;E7;Bier 0,5;#fbc02d;Alk;4,5;0;NULL;;2026-05-09 19:37:43;Kellner 11;WAHR;4,5;voucher;;
1067;1163;287;ORDER: CREATED - Bestellung erfasst;E7;Soda zitron 0,5;#4fc3f7;Anti;3;0;NULL;;2026-05-09 19:37:43;Kellner 11;WAHR;3;cash;;
1068;1165;287;ORDER: CREATED - Bestellung erfasst;E7;Cola 0,33;#004d40;Anti;3;0;NULL;;2026-05-09 19:37:43;Kellner 11;WAHR;3;voucher;;
1069;1166;288;ORDER: CREATED - Bestellung erfasst;C2;Sommer spritzer 0,5;#fff176;Alk;4,5;0;NULL;;2026-05-09 19:37:44;Kellner 1;WAHR;4,5;cash;;
1070;1167;289;ORDER: CREATED - Bestellung erfasst;A2;Cola 0,33;#004d40;Anti;3;0;NULL;;2026-05-09 19:37:53;Kellner 2;WAHR;3;voucher;;
1071;1169;290;ORDER: CREATED - Bestellung erfasst;G3;Bier 0,5;#fbc02d;Alk;4,5;0;NULL;;2026-05-09 19:37:53;Kellner 3;WAHR;4,5;voucher;;
1072;1168;290;ORDER: CREATED - Bestellung erfasst;G3;Sommer spritzer 0,5;#fff176;Alk;4,5;0;NULL;;2026-05-09 19:37:53;Kellner 3;WAHR;4,5;cash;;
1073;1170;291;ORDER: CREATED - Bestellung erfasst;E7;Bier 0,5;#fbc02d;Alk;4,5;0;NULL;;2026-05-09 19:37:58;Kellner 11;WAHR;4,5;voucher;;
1074;1173;292;ORDER: CREATED - Bestellung erfasst;G4;Sommer spritzer 0,5;#fff176;Alk;4,5;0;NULL;;2026-05-09 19:37:59;Kellner 5;WAHR;4,5;voucher;;
1075;1171;292;ORDER: CREATED - Bestellung erfasst;G4;Bier 0,5;#fbc02d;Alk;4,5;0;NULL;;2026-05-09 19:37:59;Kellner 5;WAHR;4,5;voucher;;
1076;1172;292;ORDER: CREATED - Bestellung erfasst;G4;Sommer spritzer 0,5;#fff176;Alk;4,5;0;NULL;;2026-05-09 19:37:59;Kellner 5;WAHR;4,5;voucher;;
1077;1175;293;ORDER: CREATED - Bestellung erfasst;A2;Bier 0,5;#fbc02d;Alk;4,5;0;NULL;;2026-05-09 19:38:14;Kellner 2;WAHR;4,5;voucher;;
1078;1174;293;ORDER: CREATED - Bestellung erfasst;A2;Bier 0,5;#fbc02d;Alk;4,5;0;NULL;;2026-05-09 19:38:14;Kellner 2;WAHR;4,5;voucher;;
1079;1181;294;ORDER: CREATED - Bestellung erfasst;U10;Sommer spritzer 0,5;#fff176;Alk;4,5;0;NULL;;2026-05-09 19:38:19;Kellner 7;WAHR;4,5;cash;;
1080;1176;294;ORDER: CREATED - Bestellung erfasst;U10;Bier 0,5;#fbc02d;Alk;4,5;0;NULL;;2026-05-09 19:38:19;Kellner 7;WAHR;4,5;cash;;
1081;1177;294;ORDER: CREATED - Bestellung erfasst;U10;Soda zitron 0,5;#4fc3f7;Anti;3;0;NULL;;2026-05-09 19:38:19;Kellner 7;WAHR;3;cash;;
1082;1178;294;ORDER: CREATED - Bestellung erfasst;U10;Radler 0,5;#afb42b;Alk;4,5;0;NULL;;2026-05-09 19:38:19;Kellner 7;WAHR;4,5;cash;;
1083;1179;294;ORDER: CREATED - Bestellung erfasst;U10;Bier 0,5;#fbc02d;Alk;4,5;0;NULL;;2026-05-09 19:38:19;Kellner 7;WAHR;4,5;cash;;
1084;1180;294;ORDER: CREATED - Bestellung erfasst;U10;Bier 0,5;#fbc02d;Alk;4,5;0;NULL;;2026-05-09 19:38:19;Kellner 7;WAHR;4,5;cash;;
1085;1186;295;ORDER: CREATED - Bestellung erfasst;U12;Bier 0,5;#fbc02d;Alk;4,5;0;NULL;;2026-05-09 19:38:38;Kellner 8;WAHR;4,5;cash;;
1086;1182;295;ORDER: CREATED - Bestellung erfasst;U12;Almdudler 0,33;#fbc02d;Anti;3;0;NULL;;2026-05-09 19:38:38;Kellner 8;WAHR;3;cash;;
1087;1183;295;ORDER: CREATED - Bestellung erfasst;U12;Sommer spritzer 0,5;#fff176;Alk;4,5;0;NULL;;2026-05-09 19:38:38;Kellner 8;WAHR;4,5;cash;;
1088;1184;295;ORDER: CREATED - Bestellung erfasst;U12;Limo Orange 0,33;#ffc107;Anti;3;0;NULL;;2026-05-09 19:38:38;Kellner 8;WAHR;3;cash;;
1089;1185;295;ORDER: CREATED - Bestellung erfasst;U12;Cola 0,33;#004d40;Anti;3;0;NULL;;2026-05-09 19:38:38;Kellner 8;WAHR;3;cash;;
1090;1190;295;ORDER: CREATED - Bestellung erfasst;U12;Pommes;#ffc000;Essen;3,5;0;NULL;;2026-05-09 19:38:38;Kellner 8;WAHR;3,5;cash;;14
1091;1189;295;ORDER: CREATED - Bestellung erfasst;U12;Gemüselaibchen mit Salat;#ffeb3b;Essen;9;0;NULL;;2026-05-09 19:38:38;Kellner 8;WAHR;9;cash;;14
1092;1188;295;ORDER: CREATED - Bestellung erfasst;U12;Pommes;#ffc000;Essen;3,5;0;NULL;;2026-05-09 19:38:38;Kellner 8;WAHR;3,5;cash;;14
1093;1187;295;ORDER: CREATED - Bestellung erfasst;U12;Pommes;#ffc000;Essen;3,5;0;NULL;;2026-05-09 19:38:38;Kellner 8;WAHR;3,5;cash;;14
1094;1196;296;ORDER: CREATED - Bestellung erfasst;B2;Bier 0,5;#fbc02d;Alk;4,5;0;NULL;;2026-05-09 19:38:46;Kellner 2;WAHR;4,5;voucher;;
1095;1194;296;ORDER: CREATED - Bestellung erfasst;B2;Bier 0,5;#fbc02d;Alk;4,5;0;NULL;;2026-05-09 19:38:46;Kellner 2;WAHR;4,5;voucher;;
1096;1193;296;ORDER: CREATED - Bestellung erfasst;B2;Bier 0,5;#fbc02d;Alk;4,5;0;NULL;;2026-05-09 19:38:46;Kellner 2;WAHR;4,5;voucher;;
1097;1192;296;ORDER: CREATED - Bestellung erfasst;B2;Bier 0,5;#fbc02d;Alk;4,5;0;NULL;;2026-05-09 19:38:46;Kellner 2;WAHR;4,5;voucher;;
1098;1191;296;ORDER: CREATED - Bestellung erfasst;B2;Bier 0,5;#fbc02d;Alk;4,5;0;NULL;;2026-05-09 19:38:46;Kellner 2;WAHR;4,5;voucher;;
1099;1195;296;ORDER: CREATED - Bestellung erfasst;B2;Bier 0,5;#fbc02d;Alk;4,5;0;NULL;;2026-05-09 19:38:46;Kellner 2;WAHR;4,5;voucher;;
1100;1197;297;ORDER: CREATED - Bestellung erfasst;G2;Bier 0,5;#fbc02d;Alk;4,5;0;NULL;;2026-05-09 19:38:49;Kellner 3;WAHR;4,5;cash;;
1101;1202;298;ORDER: CREATED - Bestellung erfasst;A1;Sommer spritzer 0,5;#fff176;Alk;4,5;0;NULL;;2026-05-09 19:38:51;Kellner 1;WAHR;4,5;voucher;;
1102;1204;298;ORDER: CREATED - Bestellung erfasst;A1;Sommer spritzer 0,5;#fff176;Alk;4,5;0;NULL;;2026-05-09 19:38:51;Kellner 1;WAHR;4,5;voucher;;
1103;1203;298;ORDER: CREATED - Bestellung erfasst;A1;Sommer spritzer 0,5;#fff176;Alk;4,5;0;NULL;;2026-05-09 19:38:51;Kellner 1;WAHR;4,5;voucher;;
1104;1201;298;ORDER: CREATED - Bestellung erfasst;A1;Bier 0,5;#fbc02d;Alk;4,5;0;NULL;;2026-05-09 19:38:51;Kellner 1;WAHR;4,5;voucher;;
1105;1200;298;ORDER: CREATED - Bestellung erfasst;A1;Bier 0,5;#fbc02d;Alk;4,5;0;NULL;;2026-05-09 19:38:51;Kellner 1;WAHR;4,5;voucher;;
1106;1199;298;ORDER: CREATED - Bestellung erfasst;A1;Bier 0,5;#fbc02d;Alk;4,5;0;NULL;;2026-05-09 19:38:51;Kellner 1;WAHR;4,5;voucher;;
1107;1198;298;ORDER: CREATED - Bestellung erfasst;A1;Sommer spritzer 0,5;#fff176;Alk;4,5;0;NULL;;2026-05-09 19:38:51;Kellner 1;WAHR;4,5;voucher;;
1108;1206;299;ORDER: CREATED - Bestellung erfasst;H3;Sommer spritzer 0,5;#fff176;Alk;4,5;0;NULL;;2026-05-09 19:38:51;Kellner 4;WAHR;4,5;cash;;
1109;1207;299;ORDER: CREATED - Bestellung erfasst;H3;Sommer spritzer 0,5;#fff176;Alk;4,5;0;NULL;;2026-05-09 19:38:51;Kellner 4;WAHR;4,5;cash;;
1110;1205;299;ORDER: CREATED - Bestellung erfasst;H3;Sommer spritzer 0,5;#fff176;Alk;4,5;0;NULL;;2026-05-09 19:38:51;Kellner 4;WAHR;4,5;cash;;
1111;1208;300;ORDER: CREATED - Bestellung erfasst;G4;Sommer spritzer 0,5;#fff176;Alk;4,5;0;NULL;;2026-05-09 19:38:56;Kellner 5;WAHR;4,5;voucher;;
1112;1209;301;ORDER: CREATED - Bestellung erfasst;B2;Sommer spritzer 0,5;#fff176;Alk;4,5;0;NULL;;2026-05-09 19:39:32;Kellner 2;WAHR;4,5;voucher;;
1113;1210;302;ORDER: CREATED - Bestellung erfasst;H10;Hendl mit Pommes;#0070c0;Essen;12,5;0;NULL;;2026-05-09 19:39:35;Kellner 9;WAHR;12,5;voucher;;26
1114;1211;303;ORDER: CREATED - Bestellung erfasst;B6;Sommer spritzer 0,5;#fff176;Alk;4,5;0;NULL;;2026-05-09 19:39:48;Kellner 12;WAHR;4,5;voucher;;
1115;1214;304;ORDER: CREATED - Bestellung erfasst;F9;Bier 0,5;#fbc02d;Alk;4,5;0;NULL;;2026-05-09 19:39:51;Kellner 10;WAHR;4,5;voucher;;
1116;1213;304;ORDER: CREATED - Bestellung erfasst;F9;Bier 0,5;#fbc02d;Alk;4,5;0;NULL;;2026-05-09 19:39:51;Kellner 10;WAHR;4,5;voucher;;
1117;1212;304;ORDER: CREATED - Bestellung erfasst;F9;Bier 0,5;#fbc02d;Alk;4,5;0;NULL;;2026-05-09 19:39:51;Kellner 10;WAHR;4,5;voucher;;
1118;1216;305;ORDER: CREATED - Bestellung erfasst;G3;Sommer spritzer 0,5;#fff176;Alk;4,5;0;NULL;;2026-05-09 19:39:52;Kellner 4;WAHR;4,5;voucher;;
1119;1215;305;ORDER: CREATED - Bestellung erfasst;G3;Bier 0,5;#fbc02d;Alk;4,5;0;NULL;;2026-05-09 19:39:52;Kellner 4;WAHR;4,5;voucher;;
1120;1219;306;ORDER: CREATED - Bestellung erfasst;B6;Radler 0,5;#afb42b;Alk;4,5;0;NULL;;2026-05-09 19:40:00;Kellner 11;WAHR;4,5;voucher;;
1121;1217;306;ORDER: CREATED - Bestellung erfasst;B6;Bier 0,5;#fbc02d;Alk;4,5;0;NULL;;2026-05-09 19:40:00;Kellner 11;WAHR;4,5;voucher;;
1122;1218;306;ORDER: CREATED - Bestellung erfasst;B6;Bier 0,5;#fbc02d;Alk;4,5;0;NULL;;2026-05-09 19:40:00;Kellner 11;WAHR;4,5;voucher;;
1123;1220;307;ORDER: CREATED - Bestellung erfasst;U3;Bier 0,5;#fbc02d;Alk;4,5;0;NULL;;2026-05-09 19:40:12;Kellner 8;WAHR;4,5;cash;;
1124;1221;308;ORDER: CREATED - Bestellung erfasst;F4;Bier 0,5;#fbc02d;Alk;4,5;0;NULL;;2026-05-09 19:40:32;Kellner 4;WAHR;4,5;cash;;
1125;1223;309;ORDER: CREATED - Bestellung erfasst;F1;Bier 0,5;#fbc02d;Alk;4,5;0;NULL;;2026-05-09 19:40:38;Kellner 3;WAHR;4,5;voucher;;
1126;1222;309;ORDER: CREATED - Bestellung erfasst;F1;Sommer spritzer 0,5;#fff176;Alk;4,5;0;NULL;;2026-05-09 19:40:38;Kellner 3;WAHR;4,5;voucher;;
1127;1227;310;ORDER: CREATED - Bestellung erfasst;U5;Bier 0,5;#fbc02d;Alk;4,5;0;NULL;;2026-05-09 19:40:53;Kellner 7;WAHR;4,5;cash;;
1128;1226;310;ORDER: CREATED - Bestellung erfasst;U5;Bier 0,5;#fbc02d;Alk;4,5;0;NULL;;2026-05-09 19:40:53;Kellner 7;WAHR;4,5;cash;;
1129;1225;310;ORDER: CREATED - Bestellung erfasst;U5;Sommer spritzer 0,5;#fff176;Alk;4,5;0;NULL;;2026-05-09 19:40:53;Kellner 7;WAHR;4,5;cash;;
1130;1232;310;ORDER: CREATED - Bestellung erfasst;U5;Hendl mit Pommes;#0070c0;Essen;12,5;0;NULL;;2026-05-09 19:40:53;Kellner 7;WAHR;12,5;cash;;18
1131;1230;310;ORDER: CREATED - Bestellung erfasst;U5;Mineral 0,33;#b3e5fc;Anti;2,5;0;NULL;;2026-05-09 19:40:53;Kellner 7;WAHR;2,5;cash;;
1132;1231;310;ORDER: CREATED - Bestellung erfasst;U5;Hendl mit Pommes;#0070c0;Essen;12,5;0;NULL;;2026-05-09 19:40:53;Kellner 7;WAHR;12,5;cash;;18
1133;1224;310;ORDER: CREATED - Bestellung erfasst;U5;Sommer spritzer 0,5;#fff176;Alk;4,5;0;NULL;;2026-05-09 19:40:53;Kellner 7;WAHR;4,5;cash;;
1134;1229;310;ORDER: CREATED - Bestellung erfasst;U5;Mineral 0,33;#b3e5fc;Anti;2,5;0;NULL;;2026-05-09 19:40:53;Kellner 7;WAHR;2,5;cash;;
1135;1228;310;ORDER: CREATED - Bestellung erfasst;U5;Bier 0,5;#fbc02d;Alk;4,5;0;NULL;;2026-05-09 19:40:53;Kellner 7;WAHR;4,5;cash;;
1136;1233;311;ORDER: CREATED - Bestellung erfasst;H8;Bier 0,5;#fbc02d;Alk;4,5;0;NULL;;2026-05-09 19:41:01;Kellner 6;WAHR;4,5;voucher;;
1137;1234;312;ORDER: CREATED - Bestellung erfasst;E1;Bier 0,5;#fbc02d;Alk;4,5;0;NULL;;2026-05-09 19:41:07;Kellner 2;WAHR;4,5;voucher;;
1138;1235;313;ORDER: CREATED - Bestellung erfasst;D8;Bier 0,5;#fbc02d;Alk;4,5;0;NULL;;2026-05-09 19:41:21;Kellner 12;WAHR;4,5;voucher;;
1139;1242;314;ORDER: CREATED - Bestellung erfasst;C6;Freibier 0.5;#ffeb3b;Alk;4,5;0;NULL;;2026-05-09 19:41:36;Kellner 11;WAHR;4,5;voucher;;
1140;1241;314;ORDER: CREATED - Bestellung erfasst;C6;Sommer spritzer 0,5;#fff176;Alk;4,5;0;NULL;;2026-05-09 19:41:36;Kellner 11;WAHR;4,5;voucher;;
1141;1240;314;ORDER: CREATED - Bestellung erfasst;C6;Sommer spritzer 0,5;#fff176;Alk;4,5;0;NULL;;2026-05-09 19:41:36;Kellner 11;WAHR;4,5;voucher;;
1142;1239;314;ORDER: CREATED - Bestellung erfasst;C6;Sommer spritzer 0,5;#fff176;Alk;4,5;0;NULL;;2026-05-09 19:41:36;Kellner 11;WAHR;4,5;voucher;;
1143;1238;314;ORDER: CREATED - Bestellung erfasst;C6;Bier 0,5;#fbc02d;Alk;4,5;0;NULL;;2026-05-09 19:41:36;Kellner 11;WAHR;4,5;voucher;;
1144;1237;314;ORDER: CREATED - Bestellung erfasst;C6;Bier 0,5;#fbc02d;Alk;4,5;0;NULL;;2026-05-09 19:41:36;Kellner 11;WAHR;4,5;voucher;;
1145;1236;314;ORDER: CREATED - Bestellung erfasst;C6;Bier 0,5;#fbc02d;Alk;4,5;0;NULL;;2026-05-09 19:41:36;Kellner 11;WAHR;4,5;voucher;;
1146;1243;314;ORDER: CREATED - Bestellung erfasst;C6;Soda zitron 0,5;#4fc3f7;Anti;3;0;NULL;;2026-05-09 19:41:36;Kellner 11;WAHR;3;cash;;
1147;1246;315;ORDER: CREATED - Bestellung erfasst;D4;Bier 0,5;#fbc02d;Alk;4,5;0;NULL;;2026-05-09 19:41:44;Kellner 3;WAHR;4,5;voucher;;
1148;1247;315;ORDER: CREATED - Bestellung erfasst;D4;Bier 0,5;#fbc02d;Alk;4,5;0;NULL;;2026-05-09 19:41:44;Kellner 3;WAHR;4,5;voucher;;
1149;1248;315;ORDER: CREATED - Bestellung erfasst;D4;Sommer spritzer 0,5;#fff176;Alk;4,5;0;NULL;;2026-05-09 19:41:44;Kellner 3;WAHR;4,5;voucher;;
1150;1244;315;ORDER: CREATED - Bestellung erfasst;D4;Bier 0,5;#fbc02d;Alk;4,5;0;NULL;;2026-05-09 19:41:44;Kellner 3;WAHR;4,5;voucher;;
1151;1245;315;ORDER: CREATED - Bestellung erfasst;D4;Bier 0,5;#fbc02d;Alk;4,5;0;NULL;;2026-05-09 19:41:44;Kellner 3;WAHR;4,5;voucher;;
1152;1249;316;ORDER: CREATED - Bestellung erfasst;D7;Bier 0,5;#fbc02d;Alk;4,5;0;NULL;;2026-05-09 19:41:44;Kellner 12;WAHR;4,5;voucher;;
1153;1253;317;ORDER: CREATED - Bestellung erfasst;U3;Hendl mit Pommes;#0070c0;Essen;12,5;0;NULL;;2026-05-09 19:41:54;Kellner 8;WAHR;12,5;cash;;20
1154;1252;317;ORDER: CREATED - Bestellung erfasst;U3;Hendl mit Pommes;#0070c0;Essen;12,5;0;NULL;;2026-05-09 19:41:54;Kellner 8;WAHR;12,5;cash;;20
1155;1251;317;ORDER: CREATED - Bestellung erfasst;U3;Hendl mit Pommes;#0070c0;Essen;12,5;0;NULL;;2026-05-09 19:41:54;Kellner 8;WAHR;12,5;cash;;20
1156;1250;317;ORDER: CREATED - Bestellung erfasst;U3;Hendl mit Pommes;#0070c0;Essen;12,5;0;NULL;;2026-05-09 19:41:54;Kellner 8;WAHR;12,5;cash;;20
1157;1257;318;ORDER: CREATED - Bestellung erfasst;F8;Bier 0,5;#fbc02d;Alk;4,5;0;NULL;;2026-05-09 19:41:58;Kellner 6;WAHR;4,5;voucher;;
1158;1254;318;ORDER: CREATED - Bestellung erfasst;F8;Radler 0,5;#afb42b;Alk;4,5;0;NULL;;2026-05-09 19:41:58;Kellner 6;WAHR;4,5;voucher;;
1159;1255;318;ORDER: CREATED - Bestellung erfasst;F8;Bier 0,5;#fbc02d;Alk;4,5;0;NULL;;2026-05-09 19:41:58;Kellner 6;WAHR;4,5;voucher;;
1160;1256;318;ORDER: CREATED - Bestellung erfasst;F8;Bier 0,5;#fbc02d;Alk;4,5;0;NULL;;2026-05-09 19:41:58;Kellner 6;WAHR;4,5;voucher;;
1161;1261;319;ORDER: CREATED - Bestellung erfasst;F10;Bier 0,5;#fbc02d;Alk;4,5;0;NULL;;2026-05-09 19:42:08;Kellner 9;WAHR;4,5;voucher;;
1162;1260;319;ORDER: CREATED - Bestellung erfasst;F10;Bier 0,5;#fbc02d;Alk;4,5;0;NULL;;2026-05-09 19:42:08;Kellner 9;WAHR;4,5;voucher;;
1163;1258;319;ORDER: CREATED - Bestellung erfasst;F10;Bier 0,5;#fbc02d;Alk;4,5;0;NULL;;2026-05-09 19:42:08;Kellner 9;WAHR;4,5;voucher;;
1164;1259;319;ORDER: CREATED - Bestellung erfasst;F10;Bier 0,5;#fbc02d;Alk;4,5;0;NULL;;2026-05-09 19:42:08;Kellner 9;WAHR;4,5;voucher;;
1165;1262;320;ORDER: CREATED - Bestellung erfasst;D6;Bier 0,5;#fbc02d;Alk;4,5;0;NULL;;2026-05-09 19:42:28;Kellner 12;WAHR;4,5;voucher;;
1166;1263;320;ORDER: CREATED - Bestellung erfasst;D6;Bier 0,5;#fbc02d;Alk;4,5;0;NULL;;2026-05-09 19:42:28;Kellner 12;WAHR;4,5;voucher;;
1167;1265;321;ORDER: CREATED - Bestellung erfasst;G1;Soda zitron 0,5;#4fc3f7;Anti;3;0;NULL;;2026-05-09 19:42:38;Kellner 3;WAHR;3;voucher;;
1168;1264;321;ORDER: CREATED - Bestellung erfasst;G1;Bier 0,5;#fbc02d;Alk;4,5;0;NULL;;2026-05-09 19:42:38;Kellner 3;WAHR;4,5;voucher;;
1169;1266;322;ORDER: CREATED - Bestellung erfasst;F8;Sommer spritzer 0,5;#fff176;Alk;4,5;0;NULL;;2026-05-09 19:42:41;Kellner 6;WAHR;4,5;voucher;;
1170;1268;323;ORDER: CREATED - Bestellung erfasst;D6;Radler 0,5;#afb42b;Alk;4,5;0;NULL;;2026-05-09 19:42:58;Kellner 12;WAHR;4,5;voucher;;
1171;1267;323;ORDER: CREATED - Bestellung erfasst;D6;Radler 0,5;#afb42b;Alk;4,5;0;NULL;;2026-05-09 19:42:58;Kellner 12;WAHR;4,5;voucher;;
1172;1269;323;ORDER: CREATED - Bestellung erfasst;D6;Radler 0,5;#afb42b;Alk;4,5;0;NULL;;2026-05-09 19:42:58;Kellner 12;WAHR;4,5;voucher;;
1173;1270;324;ORDER: CREATED - Bestellung erfasst;U5;Sommer spritzer 0,5;#fff176;Alk;4,5;0;NULL;;2026-05-09 19:43:16;Kellner 7;WAHR;4,5;cash;;
1174;1271;324;ORDER: CREATED - Bestellung erfasst;U5;Schnitzelsemmerl;#f57f17;Essen;4,5;0;NULL;;2026-05-09 19:43:16;Kellner 7;WAHR;4,5;cash;;18
1175;1272;325;ORDER: CREATED - Bestellung erfasst;G10;Radler 0,5;#afb42b;Alk;4,5;0;NULL;;2026-05-09 19:43:19;Kellner 9;WAHR;4,5;voucher;;
1176;1273;326;ORDER: CREATED - Bestellung erfasst;E6;Sommer spritzer 0,5;#fff176;Alk;4,5;0;NULL;;2026-05-09 19:43:25;Kellner 5;WAHR;4,5;voucher;;
1177;1274;327;ORDER: CREATED - Bestellung erfasst;C6;Sommer spritzer 0,5;#fff176;Alk;4,5;0;NULL;;2026-05-09 19:43:25;Kellner 12;WAHR;4,5;voucher;;
1178;1275;328;ORDER: CREATED - Bestellung erfasst;U11;Bier 0,5;#fbc02d;Alk;4,5;0;NULL;;2026-05-09 19:43:29;Kellner 8;WAHR;4,5;cash;;
1179;1276;329;ORDER: CREATED - Bestellung erfasst;U5;Soda zitron 0,5;#4fc3f7;Anti;3;0;NULL;;2026-05-09 19:43:55;Kellner 7;WAHR;3;cash;;
1180;1278;330;ORDER: CREATED - Bestellung erfasst;B5;Bier 0,5;#fbc02d;Alk;4,5;0;NULL;;2026-05-09 19:44:11;Kellner 12;WAHR;4,5;voucher;;
1181;1277;330;ORDER: CREATED - Bestellung erfasst;B5;Bier 0,5;#fbc02d;Alk;4,5;0;NULL;;2026-05-09 19:44:11;Kellner 12;WAHR;4,5;voucher;;
1182;1280;331;ORDER: CREATED - Bestellung erfasst;E4;Bier 0,5;#fbc02d;Alk;4,5;0;NULL;;2026-05-09 19:44:12;Kellner 1;WAHR;4,5;voucher;;
1183;1281;331;ORDER: CREATED - Bestellung erfasst;E4;Bier 0,5;#fbc02d;Alk;4,5;0;NULL;;2026-05-09 19:44:12;Kellner 1;WAHR;4,5;voucher;;
1184;1282;331;ORDER: CREATED - Bestellung erfasst;E4;Bier 0,5;#fbc02d;Alk;4,5;0;NULL;;2026-05-09 19:44:12;Kellner 1;WAHR;4,5;voucher;;
1185;1279;331;ORDER: CREATED - Bestellung erfasst;E4;Bier 0,5;#fbc02d;Alk;4,5;0;NULL;;2026-05-09 19:44:12;Kellner 1;WAHR;4,5;voucher;;
1186;1283;332;ORDER: CREATED - Bestellung erfasst;U5;Bier 0,5;#fbc02d;Alk;4,5;0;NULL;;2026-05-09 19:44:14;Kellner 7;WAHR;4,5;cash;;
1187;1284;332;ORDER: CREATED - Bestellung erfasst;U5;Bier 0,5;#fbc02d;Alk;4,5;0;NULL;;2026-05-09 19:44:14;Kellner 7;WAHR;4,5;cash;;
1188;1285;333;ORDER: CREATED - Bestellung erfasst;H3;Bier 0,5;#fbc02d;Alk;4,5;0;NULL;;2026-05-09 19:44:25;Kellner 3;WAHR;4,5;voucher;;
1189;1286;333;ORDER: CREATED - Bestellung erfasst;H3;Bier 0,5;#fbc02d;Alk;4,5;0;NULL;;2026-05-09 19:44:25;Kellner 3;WAHR;4,5;voucher;;
1190;1287;334;ORDER: CREATED - Bestellung erfasst;F5;Sommer spritzer 0,5;#fff176;Alk;4,5;0;NULL;;2026-05-09 19:44:29;Kellner 5;WAHR;4,5;free;;
1191;1288;334;ORDER: CREATED - Bestellung erfasst;F5;Bier 0,5;#fbc02d;Alk;4,5;0;NULL;;2026-05-09 19:44:29;Kellner 5;WAHR;4,5;free;;
1192;1289;334;ORDER: CREATED - Bestellung erfasst;F5;Bier 0,5;#fbc02d;Alk;4,5;0;NULL;;2026-05-09 19:44:29;Kellner 5;WAHR;4,5;free;;
1193;1291;335;ORDER: CREATED - Bestellung erfasst;U5;Schnitzelsemmerl;#f57f17;Essen;4,5;0;NULL;;2026-05-09 19:44:45;Kellner 7;WAHR;4,5;cash;;15
1194;1290;335;ORDER: CREATED - Bestellung erfasst;U5;Schnitzelsemmerl;#f57f17;Essen;4,5;0;NULL;;2026-05-09 19:44:45;Kellner 7;WAHR;4,5;cash;;15
1195;1292;336;ORDER: CREATED - Bestellung erfasst;B9;Mineral 0,33;#b3e5fc;Anti;2,5;0;NULL;;2026-05-09 19:44:47;Kellner 10;WAHR;2,5;voucher;;
1196;1295;337;ORDER: CREATED - Bestellung erfasst;F9;Radler 0,5;#afb42b;Alk;4,5;0;NULL;;2026-05-09 19:44:56;Kellner 6;WAHR;4,5;voucher;;
1197;1293;337;ORDER: CREATED - Bestellung erfasst;F9;Bier 0,5;#fbc02d;Alk;4,5;0;NULL;;2026-05-09 19:44:56;Kellner 6;WAHR;4,5;voucher;;
1198;1294;337;ORDER: CREATED - Bestellung erfasst;F9;Bier 0,5;#fbc02d;Alk;4,5;0;NULL;;2026-05-09 19:44:56;Kellner 6;WAHR;4,5;voucher;;
1199;1296;338;ORDER: CREATED - Bestellung erfasst;G6;Sommer spritzer 0,5;#fff176;Alk;4,5;0;NULL;;2026-05-09 19:45:03;Kellner 5;WAHR;4,5;free;;
1200;1298;339;ORDER: CREATED - Bestellung erfasst;U5;Backhendl Salat;#4fc3f7;Essen;9;0;NULL;;2026-05-09 19:45:06;Kellner 7;WAHR;9;cash;;16
1201;1297;339;ORDER: CREATED - Bestellung erfasst;U5;Grillwürstel mit Pommes;#8bc34a;Essen;8;0;NULL;;2026-05-09 19:45:06;Kellner 7;WAHR;8;cash;;50
1202;1299;340;ORDER: CREATED - Bestellung erfasst;B10;Bier 0,5;#fbc02d;Alk;4,5;0;NULL;;2026-05-09 19:45:20;Kellner 10;WAHR;4,5;voucher;;
1203;1301;341;ORDER: CREATED - Bestellung erfasst;I6;Radler 0,5;#afb42b;Alk;4,5;0;NULL;;2026-05-09 19:45:41;Kellner 5;WAHR;4,5;free;;
1204;1300;341;ORDER: CREATED - Bestellung erfasst;I6;Radler 0,5;#afb42b;Alk;4,5;0;NULL;;2026-05-09 19:45:41;Kellner 5;WAHR;4,5;free;;
1205;1302;342;ORDER: CREATED - Bestellung erfasst;E6;Bier 0,5;#fbc02d;Alk;4,5;0;NULL;;2026-05-09 19:45:46;Kellner 11;WAHR;4,5;voucher;;
1206;1303;343;ORDER: CREATED - Bestellung erfasst;D10;Sommer spritzer 0,5;#fff176;Alk;4,5;0;NULL;;2026-05-09 19:45:47;Kellner 10;WAHR;4,5;voucher;;
1207;1304;344;ORDER: CREATED - Bestellung erfasst;U5;Grillwürstel mit Pommes;#8bc34a;Essen;8;0;NULL;;2026-05-09 19:45:56;Kellner 7;WAHR;8;cash;;39
1208;1305;345;ORDER: CREATED - Bestellung erfasst;B8;Bier 0,5;#fbc02d;Alk;4,5;0;NULL;;2026-05-09 19:45:59;Kellner 9;WAHR;4,5;voucher;;
1209;1306;345;ORDER: CREATED - Bestellung erfasst;B8;Freibier 0.5;#ffeb3b;Alk;4,5;0;NULL;;2026-05-09 19:45:59;Kellner 9;WAHR;4,5;voucher;;
1210;1309;346;ORDER: CREATED - Bestellung erfasst;E5;Bier 0,5;#fbc02d;Alk;4,5;0;NULL;;2026-05-09 19:46:00;Kellner 12;WAHR;4,5;voucher;;
1211;1310;346;ORDER: CREATED - Bestellung erfasst;E5;Bier 0,5;#fbc02d;Alk;4,5;0;NULL;;2026-05-09 19:46:00;Kellner 12;WAHR;4,5;voucher;;
1212;1307;346;ORDER: CREATED - Bestellung erfasst;E5;Almdudler 0,33;#fbc02d;Anti;3;0;NULL;;2026-05-09 19:46:00;Kellner 12;WAHR;3;voucher;;
1213;1308;346;ORDER: CREATED - Bestellung erfasst;E5;Bier 0,5;#fbc02d;Alk;4,5;0;NULL;;2026-05-09 19:46:00;Kellner 12;WAHR;4,5;voucher;;
1214;1311;346;ORDER: CREATED - Bestellung erfasst;E5;Bier 0,5;#fbc02d;Alk;4,5;0;NULL;;2026-05-09 19:46:00;Kellner 12;WAHR;4,5;voucher;;
1215;1313;347;ORDER: CREATED - Bestellung erfasst;H3;Bier 0,5;#fbc02d;Alk;4,5;0;NULL;;2026-05-09 19:46:03;Kellner 3;WAHR;4,5;voucher;;
1216;1312;347;ORDER: CREATED - Bestellung erfasst;H3;Sommer spritzer 0,5;#fff176;Alk;4,5;0;NULL;;2026-05-09 19:46:03;Kellner 3;WAHR;4,5;voucher;;
1217;1320;348;ORDER: CREATED - Bestellung erfasst;A4;Bier 0,5;#fbc02d;Alk;4,5;0;NULL;;2026-05-09 19:46:11;Kellner 2;WAHR;4,5;voucher;;
1218;1319;348;ORDER: CREATED - Bestellung erfasst;A4;Bier 0,5;#fbc02d;Alk;4,5;0;NULL;;2026-05-09 19:46:11;Kellner 2;WAHR;4,5;voucher;;
1219;1318;348;ORDER: CREATED - Bestellung erfasst;A4;Sommer spritzer 0,5;#fff176;Alk;4,5;0;NULL;;2026-05-09 19:46:11;Kellner 2;WAHR;4,5;voucher;;
1220;1317;348;ORDER: CREATED - Bestellung erfasst;A4;Sommer spritzer 0,5;#fff176;Alk;4,5;0;NULL;;2026-05-09 19:46:11;Kellner 2;WAHR;4,5;voucher;;
1221;1316;348;ORDER: CREATED - Bestellung erfasst;A4;Soda zitron 0,5;#4fc3f7;Anti;3;0;NULL;;2026-05-09 19:46:11;Kellner 2;WAHR;3;voucher;;
1222;1315;348;ORDER: CREATED - Bestellung erfasst;A4;Bier 0,5;#fbc02d;Alk;4,5;0;NULL;;2026-05-09 19:46:11;Kellner 2;WAHR;4,5;voucher;;
1223;1314;348;ORDER: CREATED - Bestellung erfasst;A4;Bier 0,5;#fbc02d;Alk;4,5;0;NULL;;2026-05-09 19:46:11;Kellner 2;WAHR;4,5;voucher;;
1224;1324;348;ORDER: CREATED - Bestellung erfasst;A4;Soda zitron 0,5;#4fc3f7;Anti;3;0;NULL;;2026-05-09 19:46:11;Kellner 2;WAHR;3;voucher;;
1225;1323;348;ORDER: CREATED - Bestellung erfasst;A4;Bier 0,5;#fbc02d;Alk;4,5;0;NULL;;2026-05-09 19:46:11;Kellner 2;WAHR;4,5;voucher;;
1226;1322;348;ORDER: CREATED - Bestellung erfasst;A4;Bier 0,5;#fbc02d;Alk;4,5;0;NULL;;2026-05-09 19:46:11;Kellner 2;WAHR;4,5;voucher;;
1227;1321;348;ORDER: CREATED - Bestellung erfasst;A4;Bier 0,5;#fbc02d;Alk;4,5;0;NULL;;2026-05-09 19:46:11;Kellner 2;WAHR;4,5;voucher;;
1228;1325;349;ORDER: CREATED - Bestellung erfasst;E10;Sommer spritzer 0,5;#fff176;Alk;4,5;0;NULL;;2026-05-09 19:46:18;Kellner 1;WAHR;4,5;voucher;;
1229;1326;349;ORDER: CREATED - Bestellung erfasst;E10;Sommer spritzer 0,5;#fff176;Alk;4,5;0;NULL;;2026-05-09 19:46:18;Kellner 1;WAHR;4,5;voucher;;
1230;1327;350;ORDER: CREATED - Bestellung erfasst;F7;Bier 0,5;#fbc02d;Alk;4,5;0;NULL;;2026-05-09 19:47:11;Kellner 6;WAHR;4,5;voucher;;
1231;1328;350;ORDER: CREATED - Bestellung erfasst;F7;Bier 0,5;#fbc02d;Alk;4,5;0;NULL;;2026-05-09 19:47:11;Kellner 6;WAHR;4,5;voucher;;
1232;1329;351;ORDER: CREATED - Bestellung erfasst;H6;Freibier 0.5;#ffeb3b;Alk;4,5;0;NULL;;2026-05-09 19:47:24;Kellner 5;WAHR;4,5;voucher;;
1233;1330;352;ORDER: CREATED - Bestellung erfasst;A2;Bier 0,5;#fbc02d;Alk;4,5;0;NULL;;2026-05-09 19:47:54;Kellner 3;WAHR;4,5;voucher;;
1234;1331;353;ORDER: CREATED - Bestellung erfasst;H4;Bier 0,5;#fbc02d;Alk;4,5;0;NULL;;2026-05-09 19:48:02;Kellner 6;WAHR;4,5;voucher;;
1235;1332;353;ORDER: CREATED - Bestellung erfasst;H4;Sommer spritzer 0,5;#fff176;Alk;4,5;0;NULL;;2026-05-09 19:48:02;Kellner 6;WAHR;4,5;voucher;;
1236;1333;354;ORDER: CREATED - Bestellung erfasst;U9;Bier 0,5;#fbc02d;Alk;4,5;0;NULL;;2026-05-09 19:48:08;Kellner 7;WAHR;4,5;cash;;
1237;1334;355;ORDER: CREATED - Bestellung erfasst;C8;Radler 0,5;#afb42b;Alk;4,5;0;NULL;;2026-05-09 19:48:19;Kellner 11;WAHR;4,5;voucher;;
1238;1337;356;ORDER: CREATED - Bestellung erfasst;G4;Sommer spritzer 0,5;#fff176;Alk;4,5;0;NULL;;2026-05-09 19:48:39;Kellner 1;WAHR;4,5;cash;;
1239;1335;356;ORDER: CREATED - Bestellung erfasst;G4;Bier 0,5;#fbc02d;Alk;4,5;0;NULL;;2026-05-09 19:48:39;Kellner 1;WAHR;4,5;voucher;;
1240;1336;356;ORDER: CREATED - Bestellung erfasst;G4;Radler 0,5;#afb42b;Alk;4,5;0;NULL;;2026-05-09 19:48:39;Kellner 1;WAHR;4,5;voucher;;
1241;1338;357;ORDER: CREATED - Bestellung erfasst;U9;Schnitzelsemmerl;#f57f17;Essen;4,5;0;NULL;;2026-05-09 19:48:39;Kellner 7;WAHR;4,5;cash;;17
1242;1339;358;ORDER: CREATED - Bestellung erfasst;C4;Bier 0,5;#fbc02d;Alk;4,5;0;NULL;;2026-05-09 19:49:22;Kellner 12;WAHR;4,5;voucher;;
1243;1340;359;ORDER: CREATED - Bestellung erfasst;H6;Bier 0,5;#fbc02d;Alk;4,5;0;NULL;;2026-05-09 19:49:30;Kellner 5;WAHR;4,5;voucher;;
1244;1341;360;ORDER: CREATED - Bestellung erfasst;U10;Backhendl Salat;#4fc3f7;Essen;9;0;NULL;;2026-05-09 19:49:35;Kellner 8;WAHR;9;cash;;8
1245;1342;361;ORDER: CREATED - Bestellung erfasst;C1;Soda zitron 0,5;#4fc3f7;Anti;3;0;NULL;;2026-05-09 19:49:38;Kellner 3;WAHR;3;voucher;;
1246;1343;362;ORDER: CREATED - Bestellung erfasst;C3;Bier 0,5;#fbc02d;Alk;4,5;0;NULL;;2026-05-09 19:49:55;Kellner 12;WAHR;4,5;voucher;;
1247;1346;362;ORDER: CREATED - Bestellung erfasst;C3;Bier 0,5;#fbc02d;Alk;4,5;0;NULL;;2026-05-09 19:49:55;Kellner 12;WAHR;4,5;voucher;;
1248;1347;362;ORDER: CREATED - Bestellung erfasst;C3;Bier 0,5;#fbc02d;Alk;4,5;0;NULL;;2026-05-09 19:49:55;Kellner 12;WAHR;4,5;voucher;;
1249;1345;362;ORDER: CREATED - Bestellung erfasst;C3;Bier 0,5;#fbc02d;Alk;4,5;0;NULL;;2026-05-09 19:49:55;Kellner 12;WAHR;4,5;voucher;;
1250;1344;362;ORDER: CREATED - Bestellung erfasst;C3;Bier 0,5;#fbc02d;Alk;4,5;0;NULL;;2026-05-09 19:49:55;Kellner 12;WAHR;4,5;voucher;;
1251;1349;363;ORDER: CREATED - Bestellung erfasst;G10;Soda zitron 0,5;#4fc3f7;Anti;3;0;NULL;;2026-05-09 19:50:18;Kellner 10;WAHR;3;voucher;;
1252;1350;363;ORDER: CREATED - Bestellung erfasst;G10;Soda zitron 0,5;#4fc3f7;Anti;3;0;NULL;;2026-05-09 19:50:18;Kellner 10;WAHR;3;voucher;;
1253;1348;363;ORDER: CREATED - Bestellung erfasst;G10;Bier 0,5;#fbc02d;Alk;4,5;0;NULL;;2026-05-09 19:50:18;Kellner 10;WAHR;4,5;voucher;;
1254;1352;364;ORDER: CREATED - Bestellung erfasst;H10;Sommer spritzer 0,5;#fff176;Alk;4,5;0;NULL;;2026-05-09 19:50:18;Kellner 9;WAHR;4,5;voucher;;
1255;1351;364;ORDER: CREATED - Bestellung erfasst;H10;Bier 0,5;#fbc02d;Alk;4,5;0;NULL;;2026-05-09 19:50:18;Kellner 9;WAHR;4,5;cash;;
1256;1353;365;ORDER: CREATED - Bestellung erfasst;C3;Grillwürstel mit Pommes;#8bc34a;Essen;8;0;NULL;;2026-05-09 19:50:22;Kellner 12;WAHR;8;voucher;;33
1257;1354;366;ORDER: CREATED - Bestellung erfasst;F10;Bier 0,5;#fbc02d;Alk;4,5;0;NULL;;2026-05-09 19:50:28;Kellner 7;WAHR;4,5;cash;;
1258;1357;366;ORDER: CREATED - Bestellung erfasst;F10;Bier 0,5;#fbc02d;Alk;4,5;0;NULL;;2026-05-09 19:50:28;Kellner 7;WAHR;4,5;cash;;
1259;1356;366;ORDER: CREATED - Bestellung erfasst;F10;Bier 0,5;#fbc02d;Alk;4,5;0;NULL;;2026-05-09 19:50:28;Kellner 7;WAHR;4,5;cash;;
1260;1355;366;ORDER: CREATED - Bestellung erfasst;F10;Bier 0,5;#fbc02d;Alk;4,5;0;NULL;;2026-05-09 19:50:28;Kellner 7;WAHR;4,5;cash;;
1261;1358;367;ORDER: CREATED - Bestellung erfasst;A1;Cola 0,33;#004d40;Anti;3;0;NULL;;2026-05-09 19:50:45;Abholstation;WAHR;3;cash;;
1262;1359;368;ORDER: CREATED - Bestellung erfasst;G7;Bier 0,5;#fbc02d;Alk;4,5;0;NULL;;2026-05-09 19:50:50;Kellner 5;WAHR;4,5;cash;;
1263;1360;368;ORDER: CREATED - Bestellung erfasst;G7;Sommer spritzer 0,5;#fff176;Alk;4,5;0;NULL;;2026-05-09 19:50:50;Kellner 5;WAHR;4,5;cash;;
1264;1363;369;ORDER: CREATED - Bestellung erfasst;D2;Sommer spritzer 0,5;#fff176;Alk;4,5;0;NULL;;2026-05-09 19:51:07;Kellner 2;WAHR;4,5;voucher;;
1265;1361;369;ORDER: CREATED - Bestellung erfasst;D2;Sommer spritzer 0,5;#fff176;Alk;4,5;0;NULL;;2026-05-09 19:51:07;Kellner 2;WAHR;4,5;voucher;;
1266;1362;369;ORDER: CREATED - Bestellung erfasst;D2;Sommer spritzer 0,5;#fff176;Alk;4,5;0;NULL;;2026-05-09 19:51:07;Kellner 2;WAHR;4,5;voucher;;
1267;1364;369;ORDER: CREATED - Bestellung erfasst;D2;Sommer spritzer 0,5;#fff176;Alk;4,5;0;NULL;;2026-05-09 19:51:07;Kellner 2;WAHR;4,5;voucher;;
1268;1365;369;ORDER: CREATED - Bestellung erfasst;D2;Sommer spritzer 0,5;#fff176;Alk;4,5;0;NULL;;2026-05-09 19:51:07;Kellner 2;WAHR;4,5;voucher;;
1269;1366;370;ORDER: CREATED - Bestellung erfasst;E4;Radler 0,5;#afb42b;Alk;4,5;0;NULL;;2026-05-09 19:51:10;Kellner 1;WAHR;4,5;voucher;;
1270;1368;371;ORDER: CREATED - Bestellung erfasst;H1;Bier 0,5;#fbc02d;Alk;4,5;0;NULL;;2026-05-09 19:51:12;Kellner 3;WAHR;4,5;voucher;;
1271;1369;371;ORDER: CREATED - Bestellung erfasst;H1;Soda zitron 0,5;#4fc3f7;Anti;3;0;NULL;;2026-05-09 19:51:12;Kellner 3;WAHR;3;voucher;;
1272;1367;371;ORDER: CREATED - Bestellung erfasst;H1;Soda zitron 0,5;#4fc3f7;Anti;3;0;NULL;;2026-05-09 19:51:12;Kellner 3;WAHR;3;voucher;;
1273;1370;372;ORDER: CREATED - Bestellung erfasst;C5;Bier 0,5;#fbc02d;Alk;4,5;0;NULL;;2026-05-09 19:51:18;Kellner 12;WAHR;4,5;voucher;;
1274;1373;372;ORDER: CREATED - Bestellung erfasst;C5;Bier 0,5;#fbc02d;Alk;4,5;0;NULL;;2026-05-09 19:51:18;Kellner 12;WAHR;4,5;voucher;;
1275;1372;372;ORDER: CREATED - Bestellung erfasst;C5;Sommer spritzer 0,5;#fff176;Alk;4,5;0;NULL;;2026-05-09 19:51:18;Kellner 12;WAHR;4,5;voucher;;
1276;1371;372;ORDER: CREATED - Bestellung erfasst;C5;Bier 0,5;#fbc02d;Alk;4,5;0;NULL;;2026-05-09 19:51:18;Kellner 12;WAHR;4,5;voucher;;
1277;1374;373;ORDER: CREATED - Bestellung erfasst;F10;Bier 0,5;#fbc02d;Alk;4,5;0;NULL;;2026-05-09 19:51:28;Kellner 10;WAHR;4,5;voucher;;
1278;1375;373;ORDER: CREATED - Bestellung erfasst;F10;Mineral 0,33;#b3e5fc;Anti;2,5;0;NULL;;2026-05-09 19:51:28;Kellner 10;WAHR;2,5;cash;;
1279;1376;374;ORDER: CREATED - Bestellung erfasst;C8;Sommer spritzer 0,5;#fff176;Alk;4,5;0;NULL;;2026-05-09 19:51:34;Kellner 11;WAHR;4,5;voucher;;
1280;1377;374;ORDER: CREATED - Bestellung erfasst;C8;Bier 0,5;#fbc02d;Alk;4,5;0;NULL;;2026-05-09 19:51:34;Kellner 11;WAHR;4,5;voucher;;
1281;1378;374;ORDER: CREATED - Bestellung erfasst;C8;Limo Orange 0,33;#ffc107;Anti;3;0;NULL;;2026-05-09 19:51:34;Kellner 11;WAHR;3;cash;;
1282;1380;375;ORDER: CREATED - Bestellung erfasst;H9;Bier 0,5;#fbc02d;Alk;4,5;0;NULL;;2026-05-09 19:51:43;Kellner 9;WAHR;4,5;voucher;;
1283;1379;375;ORDER: CREATED - Bestellung erfasst;H9;Radler 0,5;#afb42b;Alk;4,5;0;NULL;;2026-05-09 19:51:43;Kellner 9;WAHR;4,5;voucher;;
1284;1382;376;ORDER: CREATED - Bestellung erfasst;E4;Sommer spritzer 0,5;#fff176;Alk;4,5;0;NULL;;2026-05-09 19:51:45;Kellner 1;WAHR;4,5;voucher;;
1285;1381;376;ORDER: CREATED - Bestellung erfasst;E4;Bier 0,5;#fbc02d;Alk;4,5;0;NULL;;2026-05-09 19:51:45;Kellner 1;WAHR;4,5;voucher;;
1286;1383;377;ORDER: CREATED - Bestellung erfasst;H10;Bier 0,5;#fbc02d;Alk;4,5;0;NULL;;2026-05-09 19:52:16;Kellner 9;WAHR;4,5;voucher;;
1287;1388;378;ORDER: CREATED - Bestellung erfasst;G5;Backhendl Salat;#4fc3f7;Essen;9;0;NULL;;2026-05-09 19:52:18;Kellner 6;WAHR;9;cash;;15
1288;1386;378;ORDER: CREATED - Bestellung erfasst;G5;Radler 0,5;#afb42b;Alk;4,5;0;NULL;;2026-05-09 19:52:18;Kellner 6;WAHR;4,5;cash;;
1289;1385;378;ORDER: CREATED - Bestellung erfasst;G5;Schnitzel mit Pommes;#827717;Essen;11,5;0;NULL;;2026-05-09 19:52:18;Kellner 6;WAHR;11,5;cash;;44
1290;1384;378;ORDER: CREATED - Bestellung erfasst;G5;Cola 0,33;#004d40;Anti;3;0;NULL;;2026-05-09 19:52:18;Kellner 6;WAHR;3;cash;;
1291;1390;378;ORDER: CREATED - Bestellung erfasst;G5;Radler 0,5;#afb42b;Alk;4,5;0;NULL;;2026-05-09 19:52:18;Kellner 6;WAHR;4,5;cash;;
1292;1391;378;ORDER: CREATED - Bestellung erfasst;G5;Grillwürstel mit Pommes;#8bc34a;Essen;8;0;NULL;;2026-05-09 19:52:18;Kellner 6;WAHR;8;cash;;44
1293;1392;378;ORDER: CREATED - Bestellung erfasst;G5;Schnitzel mit Pommes;#827717;Essen;11,5;0;NULL;;2026-05-09 19:52:18;Kellner 6;WAHR;11,5;cash;;44
1294;1393;378;ORDER: CREATED - Bestellung erfasst;G5;Schnitzel mit Pommes;#827717;Essen;11,5;0;NULL;;2026-05-09 19:52:18;Kellner 6;WAHR;11,5;cash;;44
1295;1389;378;ORDER: CREATED - Bestellung erfasst;G5;Bier 0,5;#fbc02d;Alk;4,5;0;NULL;;2026-05-09 19:52:18;Kellner 6;WAHR;4,5;cash;;
1296;1387;378;ORDER: CREATED - Bestellung erfasst;G5;Schnitzel mit Pommes;#827717;Essen;11,5;0;NULL;;2026-05-09 19:52:18;Kellner 6;WAHR;11,5;cash;;44
1297;1394;379;ORDER: CREATED - Bestellung erfasst;F6;Sommer spritzer 0,5;#fff176;Alk;4,5;0;NULL;;2026-05-09 19:52:56;Kellner 5;WAHR;4,5;free;;
1298;1395;379;ORDER: CREATED - Bestellung erfasst;F6;Cola 0,33;#004d40;Anti;3;0;NULL;;2026-05-09 19:52:56;Kellner 5;WAHR;3;free;;
1299;1396;380;ORDER: CREATED - Bestellung erfasst;E8;Radler 0,5;#afb42b;Alk;4,5;0;NULL;;2026-05-09 19:52:57;Kellner 11;WAHR;4,5;voucher;;
1300;1397;380;ORDER: CREATED - Bestellung erfasst;E8;Bier 0,5;#fbc02d;Alk;4,5;0;NULL;;2026-05-09 19:52:57;Kellner 11;WAHR;4,5;voucher;;
1301;1400;381;ORDER: CANCELED - Bestellung STORNO;D6;Bier 0,5;#fbc02d;Alk;4,5;0;NULL;;2026-05-09 19:53:01;Kellner 12;FALSCH;0;;;
1302;1401;381;ORDER: CREATED - Bestellung erfasst;D6;Bier 0,5;#fbc02d;Alk;4,5;0;NULL;;2026-05-09 19:53:01;Kellner 12;WAHR;4,5;voucher;;
1303;1402;381;ORDER: CREATED - Bestellung erfasst;D6;Bier 0,5;#fbc02d;Alk;4,5;0;NULL;;2026-05-09 19:53:01;Kellner 12;WAHR;4,5;voucher;;
1304;1398;381;ORDER: CREATED - Bestellung erfasst;D6;Sommer spritzer 0,5;#fff176;Alk;4,5;0;NULL;;2026-05-09 19:53:01;Kellner 12;WAHR;4,5;voucher;;
1305;1399;381;ORDER: CREATED - Bestellung erfasst;D6;Sommer spritzer 0,5;#fff176;Alk;4,5;0;NULL;;2026-05-09 19:53:01;Kellner 12;WAHR;4,5;voucher;;
1306;1403;382;ORDER: CREATED - Bestellung erfasst;U1;Bier 0,5;#fbc02d;Alk;4,5;0;NULL;;2026-05-09 19:53:34;Kellner 8;WAHR;4,5;cash;;
1307;1406;383;ORDER: CREATED - Bestellung erfasst;E3;Sommer spritzer 0,5;#fff176;Alk;4,5;0;NULL;;2026-05-09 19:53:37;Kellner 3;WAHR;4,5;voucher;;
1308;1404;383;ORDER: CREATED - Bestellung erfasst;E3;Sommer spritzer 0,5;#fff176;Alk;4,5;0;NULL;;2026-05-09 19:53:37;Kellner 3;WAHR;4,5;voucher;;
1309;1407;383;ORDER: CREATED - Bestellung erfasst;E3;Sommer spritzer 0,5;#fff176;Alk;4,5;0;NULL;;2026-05-09 19:53:37;Kellner 3;WAHR;4,5;voucher;;
1310;1405;383;ORDER: CREATED - Bestellung erfasst;E3;Sommer spritzer 0,5;#fff176;Alk;4,5;0;NULL;;2026-05-09 19:53:37;Kellner 3;WAHR;4,5;voucher;;
1311;1409;384;ORDER: CREATED - Bestellung erfasst;D10;Bier 0,5;#fbc02d;Alk;4,5;0;NULL;;2026-05-09 19:53:59;Kellner 9;WAHR;4,5;voucher;;
1312;1411;384;ORDER: CREATED - Bestellung erfasst;D10;Bier 0,5;#fbc02d;Alk;4,5;0;NULL;;2026-05-09 19:53:59;Kellner 9;WAHR;4,5;voucher;;
1313;1408;384;ORDER: CREATED - Bestellung erfasst;D10;Bier 0,5;#fbc02d;Alk;4,5;0;NULL;;2026-05-09 19:53:59;Kellner 9;WAHR;4,5;voucher;;
1314;1410;384;ORDER: CREATED - Bestellung erfasst;D10;Bier 0,5;#fbc02d;Alk;4,5;0;NULL;;2026-05-09 19:53:59;Kellner 9;WAHR;4,5;voucher;;
1315;1412;385;ORDER: CREATED - Bestellung erfasst;F6;Cola 0,33;#004d40;Anti;3;0;NULL;;2026-05-09 19:54:00;Kellner 5;WAHR;3;free;;
1316;1413;386;ORDER: CREATED - Bestellung erfasst;U2;Bier 0,5;#fbc02d;Alk;4,5;0;NULL;;2026-05-09 19:54:10;Kellner 8;WAHR;4,5;cash;;
1317;1414;387;ORDER: CREATED - Bestellung erfasst;H3;Bier 0,5;#fbc02d;Alk;4,5;0;NULL;;2026-05-09 19:54:23;Kellner 4;WAHR;4,5;cash;;
1318;1416;388;ORDER: CREATED - Bestellung erfasst;E3;Sommer spritzer 0,5;#fff176;Alk;4,5;0;NULL;;2026-05-09 19:54:27;Kellner 3;WAHR;4,5;voucher;;
1319;1415;388;ORDER: CREATED - Bestellung erfasst;E3;Sommer spritzer 0,5;#fff176;Alk;4,5;0;NULL;;2026-05-09 19:54:27;Kellner 3;WAHR;4,5;voucher;;
1320;1417;389;ORDER: CREATED - Bestellung erfasst;D8;Soda zitron 0,5;#4fc3f7;Anti;3;0;NULL;;2026-05-09 19:54:34;Kellner 12;WAHR;3;cash;;
1321;1418;390;ORDER: CREATED - Bestellung erfasst;D10;Bier 0,5;#fbc02d;Alk;4,5;0;NULL;;2026-05-09 19:54:46;Kellner 9;WAHR;4,5;voucher;;
1322;1419;391;ORDER: CREATED - Bestellung erfasst;F9;Bier 0,5;#fbc02d;Alk;4,5;0;NULL;;2026-05-09 19:54:52;Kellner 10;WAHR;4,5;voucher;;
1323;1420;392;ORDER: CANCELED - Bestellung STORNO;G10;Bier 0,5;#fbc02d;Alk;4,5;0;NULL;;2026-05-09 19:54:57;Kellner 11;FALSCH;0;;;
1324;1421;393;ORDER: CREATED - Bestellung erfasst;D7;Radler 0,5;#afb42b;Alk;4,5;0;NULL;;2026-05-09 19:54:59;Kellner 12;WAHR;4,5;voucher;;
1325;1423;394;ORDER: CREATED - Bestellung erfasst;B1;Sommer spritzer 0,5;#fff176;Alk;4,5;0;NULL;;2026-05-09 19:55:15;Kellner 3;WAHR;4,5;voucher;;
1326;1422;394;ORDER: CREATED - Bestellung erfasst;B1;Bier 0,5;#fbc02d;Alk;4,5;0;NULL;;2026-05-09 19:55:15;Kellner 3;WAHR;4,5;voucher;;
1327;1424;395;ORDER: CREATED - Bestellung erfasst;F9;Mineral 0,33;#b3e5fc;Anti;2,5;0;NULL;;2026-05-09 19:55:17;Kellner 10;WAHR;2,5;cash;;
1328;1426;396;ORDER: CREATED - Bestellung erfasst;C8;Bier 0,5;#fbc02d;Alk;4,5;0;NULL;;2026-05-09 19:55:21;Kellner 12;WAHR;4,5;voucher;;
1329;1425;396;ORDER: CREATED - Bestellung erfasst;C8;Bier 0,5;#fbc02d;Alk;4,5;0;NULL;;2026-05-09 19:55:21;Kellner 12;WAHR;4,5;voucher;;
1330;1427;396;ORDER: CREATED - Bestellung erfasst;C8;Bier 0,5;#fbc02d;Alk;4,5;0;NULL;;2026-05-09 19:55:21;Kellner 12;WAHR;4,5;voucher;;
1331;1428;397;ORDER: CREATED - Bestellung erfasst;C10;Bier 0,5;#fbc02d;Alk;4,5;0;NULL;;2026-05-09 19:55:40;Kellner 9;WAHR;4,5;voucher;;
1332;1431;397;ORDER: CREATED - Bestellung erfasst;C10;Sommer spritzer 0,5;#fff176;Alk;4,5;0;NULL;;2026-05-09 19:55:40;Kellner 9;WAHR;4,5;voucher;;
1333;1430;397;ORDER: CREATED - Bestellung erfasst;C10;Sommer spritzer 0,5;#fff176;Alk;4,5;0;NULL;;2026-05-09 19:55:40;Kellner 9;WAHR;4,5;voucher;;
1334;1429;397;ORDER: CREATED - Bestellung erfasst;C10;Sommer spritzer 0,5;#fff176;Alk;4,5;0;NULL;;2026-05-09 19:55:40;Kellner 9;WAHR;4,5;voucher;;
1335;1432;398;ORDER: CREATED - Bestellung erfasst;A1;Radler 0,5;#afb42b;Alk;4,5;0;NULL;;2026-05-09 19:56:00;Kellner 3;WAHR;4,5;voucher;;
1336;1433;399;ORDER: CREATED - Bestellung erfasst;U7;Freibier 0.5;#ffeb3b;Alk;4,5;0;NULL;;2026-05-09 19:56:07;Kellner 7;WAHR;4,5;cash;;
1337;1436;400;ORDER: CREATED - Bestellung erfasst;B6;Bier 0,5;#fbc02d;Alk;4,5;0;NULL;;2026-05-09 19:56:08;Kellner 8;WAHR;4,5;voucher;;
1338;1434;400;ORDER: CREATED - Bestellung erfasst;B6;Radler 0,5;#afb42b;Alk;4,5;0;NULL;;2026-05-09 19:56:08;Kellner 8;WAHR;4,5;voucher;;
1339;1435;400;ORDER: CREATED - Bestellung erfasst;B6;Limo Orange 0,33;#ffc107;Anti;3;0;NULL;;2026-05-09 19:56:08;Kellner 8;WAHR;3;voucher;;
1340;1438;401;ORDER: CREATED - Bestellung erfasst;H5;Bier 0,5;#fbc02d;Alk;4,5;0;NULL;;2026-05-09 19:56:21;Kellner 5;WAHR;4,5;voucher;;
1341;1437;401;ORDER: CREATED - Bestellung erfasst;H5;Bier 0,5;#fbc02d;Alk;4,5;0;NULL;;2026-05-09 19:56:21;Kellner 5;WAHR;4,5;voucher;;
1342;1439;401;ORDER: CREATED - Bestellung erfasst;H5;Sommer spritzer 0,5;#fff176;Alk;4,5;0;NULL;;2026-05-09 19:56:21;Kellner 5;WAHR;4,5;voucher;;
1343;1440;402;ORDER: CREATED - Bestellung erfasst;B5;Bier 0,5;#fbc02d;Alk;4,5;0;NULL;;2026-05-09 19:56:52;Kellner 12;WAHR;4,5;voucher;;
1344;1441;403;ORDER: CREATED - Bestellung erfasst;E1;Bier 0,5;#fbc02d;Alk;4,5;0;NULL;;2026-05-09 19:56:53;Kellner 3;WAHR;4,5;voucher;;
1345;1442;403;ORDER: CREATED - Bestellung erfasst;E1;Radler 0,5;#afb42b;Alk;4,5;0;NULL;;2026-05-09 19:56:53;Kellner 3;WAHR;4,5;voucher;;
1346;1446;404;ORDER: CREATED - Bestellung erfasst;G5;Schnitzel mit Pommes;#827717;Essen;11,5;0;NULL;;2026-05-09 19:57:00;Kellner 6;WAHR;11,5;cash;;13
1347;1445;404;ORDER: CREATED - Bestellung erfasst;G5;Schnitzel mit Pommes;#827717;Essen;11,5;0;NULL;;2026-05-09 19:57:00;Kellner 6;WAHR;11,5;cash;;13
1348;1444;404;ORDER: CREATED - Bestellung erfasst;G5;Bier 0,5;#fbc02d;Alk;4,5;0;NULL;;2026-05-09 19:57:00;Kellner 6;WAHR;4,5;cash;;
1349;1443;404;ORDER: CREATED - Bestellung erfasst;G5;Bier 0,5;#fbc02d;Alk;4,5;0;NULL;;2026-05-09 19:57:00;Kellner 6;WAHR;4,5;cash;;
1350;1447;405;ORDER: CREATED - Bestellung erfasst;B5;Radler 0,5;#afb42b;Alk;4,5;0;NULL;;2026-05-09 19:57:08;Kellner 12;WAHR;4,5;voucher;;
1351;1451;406;ORDER: CREATED - Bestellung erfasst;G9;Bier 0,5;#fbc02d;Alk;4,5;0;NULL;;2026-05-09 19:57:19;Kellner 10;WAHR;4,5;voucher;;
1352;1453;406;ORDER: CREATED - Bestellung erfasst;G9;Bier 0,5;#fbc02d;Alk;4,5;0;NULL;;2026-05-09 19:57:19;Kellner 10;WAHR;4,5;cash;;
1353;1452;406;ORDER: CREATED - Bestellung erfasst;G9;Cola 0,33;#004d40;Anti;3;0;NULL;;2026-05-09 19:57:19;Kellner 10;WAHR;3;voucher;;
1354;1448;406;ORDER: CREATED - Bestellung erfasst;G9;Bier 0,5;#fbc02d;Alk;4,5;0;NULL;;2026-05-09 19:57:19;Kellner 10;WAHR;4,5;cash;;
1355;1449;406;ORDER: CREATED - Bestellung erfasst;G9;Bier 0,5;#fbc02d;Alk;4,5;0;NULL;;2026-05-09 19:57:19;Kellner 10;WAHR;4,5;cash;;
1356;1450;406;ORDER: CREATED - Bestellung erfasst;G9;Sommer spritzer 0,5;#fff176;Alk;4,5;0;NULL;;2026-05-09 19:57:19;Kellner 10;WAHR;4,5;voucher;;
1357;1454;407;ORDER: CREATED - Bestellung erfasst;U1;Bier 0,5;#fbc02d;Alk;4,5;0;NULL;;2026-05-09 19:57:27;Kellner 8;WAHR;4,5;cash;;
1358;1455;408;ORDER: CREATED - Bestellung erfasst;E2;Bier 0,5;#fbc02d;Alk;4,5;0;NULL;;2026-05-09 19:57:58;Kellner 3;WAHR;4,5;voucher;;
1359;1456;408;ORDER: CREATED - Bestellung erfasst;E2;Bier 0,5;#fbc02d;Alk;4,5;0;NULL;;2026-05-09 19:57:58;Kellner 3;WAHR;4,5;voucher;;
1360;1457;409;ORDER: CREATED - Bestellung erfasst;D9;Sommer spritzer 0,5;#fff176;Alk;4,5;0;NULL;;2026-05-09 19:58:04;Kellner 11;WAHR;4,5;voucher;;
1361;1458;409;ORDER: CANCELED - Bestellung STORNO;D9;Sommer spritzer 0,5;#fff176;Alk;4,5;0;NULL;;2026-05-09 19:58:04;Kellner 11;FALSCH;0;;;
1362;1460;410;ORDER: CREATED - Bestellung erfasst;I5;Radler 0,5;#afb42b;Alk;4,5;0;NULL;;2026-05-09 19:58:14;Kellner 5;WAHR;4,5;voucher;;
1363;1462;410;ORDER: CREATED - Bestellung erfasst;I5;Sommer spritzer 0,5;#fff176;Alk;4,5;0;NULL;;2026-05-09 19:58:14;Kellner 5;WAHR;4,5;voucher;;
1364;1461;410;ORDER: CREATED - Bestellung erfasst;I5;Sommer spritzer 0,5;#fff176;Alk;4,5;0;NULL;;2026-05-09 19:58:14;Kellner 5;WAHR;4,5;voucher;;
1365;1459;410;ORDER: CREATED - Bestellung erfasst;I5;Sommer spritzer 0,5;#fff176;Alk;4,5;0;NULL;;2026-05-09 19:58:14;Kellner 5;WAHR;4,5;voucher;;
1366;1464;411;ORDER: CREATED - Bestellung erfasst;H4;Bier 0,5;#fbc02d;Alk;4,5;0;NULL;;2026-05-09 19:58:34;Kellner 6;WAHR;4,5;voucher;;
1367;1463;411;ORDER: CREATED - Bestellung erfasst;H4;Bier 0,5;#fbc02d;Alk;4,5;0;NULL;;2026-05-09 19:58:34;Kellner 6;WAHR;4,5;voucher;;
1368;1465;412;ORDER: CREATED - Bestellung erfasst;I5;Sommer spritzer 0,5;#fff176;Alk;4,5;0;NULL;;2026-05-09 19:58:39;Kellner 5;WAHR;4,5;voucher;;
1369;1466;413;ORDER: CREATED - Bestellung erfasst;E6;Bier 0,5;#fbc02d;Alk;4,5;0;NULL;;2026-05-09 19:58:53;Kellner 12;WAHR;4,5;voucher;;
1370;1467;414;ORDER: CREATED - Bestellung erfasst;D5;Bier 0,5;#fbc02d;Alk;4,5;0;NULL;;2026-05-09 19:59:37;Kellner 12;WAHR;4,5;voucher;;
1371;1468;414;ORDER: CREATED - Bestellung erfasst;D5;Sommer spritzer 0,5;#fff176;Alk;4,5;0;NULL;;2026-05-09 19:59:37;Kellner 12;WAHR;4,5;voucher;;
1372;1469;415;ORDER: CREATED - Bestellung erfasst;U3;Bier 0,5;#fbc02d;Alk;4,5;0;NULL;;2026-05-09 19:59:56;Kellner 4;WAHR;4,5;cash;;
1373;1471;416;ORDER: CREATED - Bestellung erfasst;I1;Sommer spritzer 0,5;#fff176;Alk;4,5;0;NULL;;2026-05-09 20:00:06;Kellner 3;WAHR;4,5;voucher;;
1374;1474;416;ORDER: CREATED - Bestellung erfasst;I1;Cola 0,33;#004d40;Anti;3;0;NULL;;2026-05-09 20:00:06;Kellner 3;WAHR;3;voucher;;
1375;1473;416;ORDER: CREATED - Bestellung erfasst;I1;Sommer spritzer 0,5;#fff176;Alk;4,5;0;NULL;;2026-05-09 20:00:06;Kellner 3;WAHR;4,5;voucher;;
1376;1472;416;ORDER: CREATED - Bestellung erfasst;I1;Sommer spritzer 0,5;#fff176;Alk;4,5;0;NULL;;2026-05-09 20:00:06;Kellner 3;WAHR;4,5;voucher;;
1377;1470;416;ORDER: CREATED - Bestellung erfasst;I1;Bier 0,5;#fbc02d;Alk;4,5;0;NULL;;2026-05-09 20:00:06;Kellner 3;WAHR;4,5;voucher;;
1378;1476;417;ORDER: CREATED - Bestellung erfasst;H6;Radler 0,5;#afb42b;Alk;4,5;0;NULL;;2026-05-09 20:00:08;Kellner 11;WAHR;4,5;voucher;;
1379;1475;417;ORDER: CREATED - Bestellung erfasst;H6;Radler 0,5;#afb42b;Alk;4,5;0;NULL;;2026-05-09 20:00:08;Kellner 11;WAHR;4,5;voucher;;
1380;1477;418;ORDER: CREATED - Bestellung erfasst;C6;Sommer spritzer 0,5;#fff176;Alk;4,5;0;NULL;;2026-05-09 20:00:08;Kellner 12;WAHR;4,5;voucher;;
1381;1478;419;ORDER: CREATED - Bestellung erfasst;G8;Pommes;#ffc000;Essen;3,5;0;NULL;;2026-05-09 20:00:11;Kellner 5;WAHR;3,5;cash;;20
1382;1479;420;ORDER: CREATED - Bestellung erfasst;V2;Bier 0,5;#fbc02d;Alk;4,5;0;NULL;;2026-05-09 20:00:21;Kellner 8;WAHR;4,5;cash;;
1383;1480;420;ORDER: CREATED - Bestellung erfasst;V2;Limo Orange 0,33;#ffc107;Anti;3;0;NULL;;2026-05-09 20:00:21;Kellner 8;WAHR;3;cash;;
1384;1482;421;ORDER: CREATED - Bestellung erfasst;G1;Bier 0,5;#fbc02d;Alk;4,5;0;NULL;;2026-05-09 20:00:54;Kellner 3;WAHR;4,5;voucher;;
1385;1481;421;ORDER: CREATED - Bestellung erfasst;G1;Soda zitron 0,5;#4fc3f7;Anti;3;0;NULL;;2026-05-09 20:00:54;Kellner 3;WAHR;3;voucher;;
1386;1483;422;ORDER: CREATED - Bestellung erfasst;E7;Sommer spritzer 0,5;#fff176;Alk;4,5;0;NULL;;2026-05-09 20:00:55;Kellner 11;WAHR;4,5;voucher;;
1387;1485;423;ORDER: CREATED - Bestellung erfasst;F4;Mineral 0,33;#b3e5fc;Anti;2,5;0;NULL;;2026-05-09 20:01:26;Kellner 6;WAHR;2,5;voucher;;
1388;1484;423;ORDER: CREATED - Bestellung erfasst;F4;Sommer spritzer 0,5;#fff176;Alk;4,5;0;NULL;;2026-05-09 20:01:26;Kellner 6;WAHR;4,5;voucher;;
1389;1486;424;ORDER: CREATED - Bestellung erfasst;C8;Radler 0,5;#afb42b;Alk;4,5;0;NULL;;2026-05-09 20:01:32;Kellner 11;WAHR;4,5;voucher;;
1390;1487;425;ORDER: CREATED - Bestellung erfasst;C4;Schnitzel mit Pommes;#827717;Essen;11,5;0;NULL;;2026-05-09 20:01:46;Kellner 12;WAHR;11,5;voucher;;13
1391;1488;425;ORDER: CREATED - Bestellung erfasst;C4;Cola 0,33;#004d40;Anti;3;0;NULL;;2026-05-09 20:01:46;Kellner 12;WAHR;3;voucher;;
1392;1489;426;ORDER: CREATED - Bestellung erfasst;F3;Soda zitron 0,5;#4fc3f7;Anti;3;0;NULL;;2026-05-09 20:02:02;Kellner 4;WAHR;3;voucher;;
1393;1490;427;ORDER: CREATED - Bestellung erfasst;F3;Bier 0,5;#fbc02d;Alk;4,5;0;NULL;;2026-05-09 20:02:18;Kellner 4;WAHR;4,5;voucher;;
1394;1491;428;ORDER: CREATED - Bestellung erfasst;F3;Bier 0,5;#fbc02d;Alk;4,5;0;NULL;;2026-05-09 20:02:29;Kellner 4;WAHR;4,5;voucher;;
1395;1494;429;ORDER: CREATED - Bestellung erfasst;B2;Bier 0,5;#fbc02d;Alk;4,5;0;NULL;;2026-05-09 20:02:48;Kellner 2;WAHR;4,5;cash;;
1396;1492;429;ORDER: CREATED - Bestellung erfasst;B2;Bier 0,5;#fbc02d;Alk;4,5;0;NULL;;2026-05-09 20:02:48;Kellner 2;WAHR;4,5;cash;;
1397;1493;429;ORDER: CREATED - Bestellung erfasst;B2;Bier 0,5;#fbc02d;Alk;4,5;0;NULL;;2026-05-09 20:02:48;Kellner 2;WAHR;4,5;cash;;
1398;1495;429;ORDER: CREATED - Bestellung erfasst;B2;Bier 0,5;#fbc02d;Alk;4,5;0;NULL;;2026-05-09 20:02:48;Kellner 2;WAHR;4,5;cash;;
1399;1496;429;ORDER: CREATED - Bestellung erfasst;B2;Bier 0,5;#fbc02d;Alk;4,5;0;NULL;;2026-05-09 20:02:48;Kellner 2;WAHR;4,5;cash;;
1400;1497;429;ORDER: CREATED - Bestellung erfasst;B2;Cola 0,33;#004d40;Anti;3;0;NULL;;2026-05-09 20:02:48;Kellner 2;WAHR;3;voucher;;
1401;1498;430;ORDER: CREATED - Bestellung erfasst;F6;Bier 0,5;#fbc02d;Alk;4,5;0;NULL;;2026-05-09 20:02:56;Kellner 5;WAHR;4,5;free;;
1402;1499;431;ORDER: CREATED - Bestellung erfasst;I6;Bier 0,5;#fbc02d;Alk;4,5;0;NULL;;2026-05-09 20:03:06;Kellner 5;WAHR;4,5;cash;;
1403;1500;432;ORDER: CREATED - Bestellung erfasst;U1;Sommer spritzer 0,5;#fff176;Alk;4,5;0;NULL;;2026-05-09 20:03:25;Kellner 7;WAHR;4,5;cash;;
1404;1501;433;ORDER: CREATED - Bestellung erfasst;C5;Bier 0,5;#fbc02d;Alk;4,5;0;NULL;;2026-05-09 20:03:27;Kellner 12;WAHR;4,5;voucher;;
1405;1502;434;ORDER: CREATED - Bestellung erfasst;G4;Sommer spritzer 0,5;#fff176;Alk;4,5;0;NULL;;2026-05-09 20:03:29;Kellner 6;WAHR;4,5;cash;;
1406;1507;435;ORDER: CREATED - Bestellung erfasst;C7;Sommer spritzer 0,5;#fff176;Alk;4,5;0;NULL;;2026-05-09 20:04:10;Kellner 11;WAHR;4,5;voucher;;
1407;1503;435;ORDER: CREATED - Bestellung erfasst;C7;Radler 0,5;#afb42b;Alk;4,5;0;NULL;;2026-05-09 20:04:10;Kellner 11;WAHR;4,5;voucher;;
1408;1504;435;ORDER: CREATED - Bestellung erfasst;C7;Bier 0,5;#fbc02d;Alk;4,5;0;NULL;;2026-05-09 20:04:10;Kellner 11;WAHR;4,5;voucher;;
1409;1505;435;ORDER: CREATED - Bestellung erfasst;C7;Bier 0,5;#fbc02d;Alk;4,5;0;NULL;;2026-05-09 20:04:10;Kellner 11;WAHR;4,5;voucher;;
1410;1506;435;ORDER: CREATED - Bestellung erfasst;C7;Sommer spritzer 0,5;#fff176;Alk;4,5;0;NULL;;2026-05-09 20:04:10;Kellner 11;WAHR;4,5;voucher;;
1411;1508;436;ORDER: CREATED - Bestellung erfasst;B2;Bier 0,5;#fbc02d;Alk;4,5;0;NULL;;2026-05-09 20:04:16;Kellner 2;WAHR;4,5;cash;;
1412;1511;437;ORDER: CREATED - Bestellung erfasst;I6;Cola 0,33;#004d40;Anti;3;0;NULL;;2026-05-09 20:04:20;Kellner 5;WAHR;3;free;;
1413;1510;437;ORDER: CREATED - Bestellung erfasst;I6;Cola 0,33;#004d40;Anti;3;0;NULL;;2026-05-09 20:04:20;Kellner 5;WAHR;3;free;;
1414;1509;437;ORDER: CREATED - Bestellung erfasst;I6;Bier 0,5;#fbc02d;Alk;4,5;0;NULL;;2026-05-09 20:04:20;Kellner 5;WAHR;4,5;voucher;;
1415;1513;438;ORDER: CREATED - Bestellung erfasst;F8;Radler 0,5;#afb42b;Alk;4,5;0;NULL;;2026-05-09 20:04:23;Kellner 6;WAHR;4,5;voucher;;
1416;1512;438;ORDER: CREATED - Bestellung erfasst;F8;Bier 0,5;#fbc02d;Alk;4,5;0;NULL;;2026-05-09 20:04:23;Kellner 6;WAHR;4,5;voucher;;
1417;1514;439;ORDER: CREATED - Bestellung erfasst;B3;Sommer spritzer 0,5;#fff176;Alk;4,5;0;NULL;;2026-05-09 20:04:31;Kellner 2;WAHR;4,5;free;;
1418;1515;440;ORDER: CREATED - Bestellung erfasst;H10;Bier 0,5;#fbc02d;Alk;4,5;0;NULL;;2026-05-09 20:04:38;Kellner 9;WAHR;4,5;voucher;;
1419;1516;440;ORDER: CREATED - Bestellung erfasst;H10;Bier 0,5;#fbc02d;Alk;4,5;0;NULL;;2026-05-09 20:04:38;Kellner 9;WAHR;4,5;voucher;;
1420;1517;440;ORDER: CREATED - Bestellung erfasst;H10;Sommer spritzer 0,5;#fff176;Alk;4,5;0;NULL;;2026-05-09 20:04:38;Kellner 9;WAHR;4,5;voucher;;
1421;1518;440;ORDER: CREATED - Bestellung erfasst;H10;Sommer spritzer 0,5;#fff176;Alk;4,5;0;NULL;;2026-05-09 20:04:38;Kellner 9;WAHR;4,5;voucher;;
1422;1519;441;ORDER: CREATED - Bestellung erfasst;I6;Bier 0,5;#fbc02d;Alk;4,5;0;NULL;;2026-05-09 20:04:40;Kellner 5;WAHR;4,5;cash;;
1423;1520;442;ORDER: CREATED - Bestellung erfasst;B7;Bier 0,5;#fbc02d;Alk;4,5;0;NULL;;2026-05-09 20:04:57;Kellner 12;WAHR;4,5;cash;;
1424;1521;442;ORDER: CREATED - Bestellung erfasst;B7;Bier 0,5;#fbc02d;Alk;4,5;0;NULL;;2026-05-09 20:04:57;Kellner 12;WAHR;4,5;cash;;
1425;1522;443;ORDER: CREATED - Bestellung erfasst;V2;Radler 0,5;#afb42b;Alk;4,5;0;NULL;;2026-05-09 20:05:14;Kellner 7;WAHR;4,5;voucher;;
1426;1526;443;ORDER: CREATED - Bestellung erfasst;V2;Bier 0,5;#fbc02d;Alk;4,5;0;NULL;;2026-05-09 20:05:14;Kellner 7;WAHR;4,5;voucher;;
1427;1525;443;ORDER: CREATED - Bestellung erfasst;V2;Bier 0,5;#fbc02d;Alk;4,5;0;NULL;;2026-05-09 20:05:14;Kellner 7;WAHR;4,5;voucher;;
1428;1524;443;ORDER: CREATED - Bestellung erfasst;V2;Bier 0,5;#fbc02d;Alk;4,5;0;NULL;;2026-05-09 20:05:14;Kellner 7;WAHR;4,5;voucher;;
1429;1523;443;ORDER: CREATED - Bestellung erfasst;V2;Bier 0,5;#fbc02d;Alk;4,5;0;NULL;;2026-05-09 20:05:14;Kellner 7;WAHR;4,5;voucher;;
1430;1529;444;ORDER: CREATED - Bestellung erfasst;E1;Bier 0,5;#fbc02d;Alk;4,5;0;NULL;;2026-05-09 20:05:22;Kellner 2;WAHR;4,5;cash;;
1431;1527;444;ORDER: CREATED - Bestellung erfasst;E1;Bier 0,5;#fbc02d;Alk;4,5;0;NULL;;2026-05-09 20:05:22;Kellner 2;WAHR;4,5;voucher;;
1432;1528;444;ORDER: CREATED - Bestellung erfasst;E1;Bier 0,5;#fbc02d;Alk;4,5;0;NULL;;2026-05-09 20:05:22;Kellner 2;WAHR;4,5;cash;;
1433;1530;445;ORDER: CANCELED - Bestellung STORNO;B7;Radler 0,5;#afb42b;Alk;4,5;0;NULL;;2026-05-09 20:05:25;Kellner 12;FALSCH;0;;;
1434;1531;446;ORDER: CREATED - Bestellung erfasst;C7;Bier 0,5;#fbc02d;Alk;4,5;0;NULL;;2026-05-09 20:05:44;Kellner 11;WAHR;4,5;voucher;;
1435;1532;447;ORDER: CREATED - Bestellung erfasst;B7;Kaffee;#bf360c;Anti;3;0;NULL;;2026-05-09 20:05:48;Kellner 12;WAHR;3;cash;;
1436;1533;448;ORDER: CREATED - Bestellung erfasst;U10;Bier 0,5;#fbc02d;Alk;4,5;0;NULL;;2026-05-09 20:05:56;Kellner 7;WAHR;4,5;cash;;
1437;1535;448;ORDER: CREATED - Bestellung erfasst;U10;Sommer spritzer 0,5;#fff176;Alk;4,5;0;NULL;;2026-05-09 20:05:56;Kellner 7;WAHR;4,5;cash;;
1438;1534;448;ORDER: CREATED - Bestellung erfasst;U10;Bier 0,5;#fbc02d;Alk;4,5;0;NULL;;2026-05-09 20:05:56;Kellner 7;WAHR;4,5;cash;;
1439;1536;449;ORDER: CREATED - Bestellung erfasst;D1;Bier 0,5;#fbc02d;Alk;4,5;0;NULL;;2026-05-09 20:06:06;Kellner 1;WAHR;4,5;voucher;;
1440;1537;450;ORDER: CREATED - Bestellung erfasst;E10;Bier 0,5;#fbc02d;Alk;4,5;0;NULL;;2026-05-09 20:06:12;Kellner 9;WAHR;4,5;voucher;;
1441;1538;451;ORDER: CREATED - Bestellung erfasst;B10;Sommer spritzer 0,5;#fff176;Alk;4,5;0;NULL;;2026-05-09 20:06:32;Kellner 12;WAHR;4,5;voucher;;
1442;1540;452;ORDER: CREATED - Bestellung erfasst;E2;Soda zitron 0,5;#4fc3f7;Anti;3;0;NULL;;2026-05-09 20:06:57;Kellner 2;WAHR;3;voucher;;
1443;1539;452;ORDER: CREATED - Bestellung erfasst;E2;Sommer spritzer 0,5;#fff176;Alk;4,5;0;NULL;;2026-05-09 20:06:57;Kellner 2;WAHR;4,5;voucher;;
1444;1541;453;ORDER: CREATED - Bestellung erfasst;F5;Sommer spritzer 0,5;#fff176;Alk;4,5;0;NULL;;2026-05-09 20:07:05;Kellner 5;WAHR;4,5;free;;
1445;1542;454;ORDER: CREATED - Bestellung erfasst;U9;Pommes;#ffc000;Essen;3,5;0;NULL;;2026-05-09 20:07:09;Kellner 8;WAHR;3,5;cash;;21
1446;1543;454;ORDER: CREATED - Bestellung erfasst;U9;Schnitzelsemmerl;#f57f17;Essen;4,5;0;NULL;;2026-05-09 20:07:09;Kellner 8;WAHR;4,5;cash;;21
1447;1544;454;ORDER: CREATED - Bestellung erfasst;U9;Backhendl Salat;#4fc3f7;Essen;9;0;NULL;;2026-05-09 20:07:09;Kellner 8;WAHR;9;cash;;21
1448;1545;454;ORDER: CREATED - Bestellung erfasst;U9;Backhendl Salat;#4fc3f7;Essen;9;0;NULL;;2026-05-09 20:07:09;Kellner 8;WAHR;9;cash;;21
1449;1547;455;ORDER: CREATED - Bestellung erfasst;I8;Sommer spritzer 0,5;#fff176;Alk;4,5;0;NULL;;2026-05-09 20:07:21;Kellner 7;WAHR;4,5;cash;;
1450;1546;455;ORDER: CREATED - Bestellung erfasst;I8;Sommer spritzer 0,5;#fff176;Alk;4,5;0;NULL;;2026-05-09 20:07:21;Kellner 7;WAHR;4,5;cash;;
1451;1548;456;ORDER: CREATED - Bestellung erfasst;H8;Sommer spritzer 0,5;#fff176;Alk;4,5;0;NULL;;2026-05-09 20:07:58;Kellner 7;WAHR;4,5;voucher;;
1452;1549;457;ORDER: CREATED - Bestellung erfasst;H3;Sommer spritzer 0,5;#fff176;Alk;4,5;0;NULL;;2026-05-09 20:08:08;Kellner 4;WAHR;4,5;cash;;
1453;1550;458;ORDER: CREATED - Bestellung erfasst;U7;Radler 0,5;#afb42b;Alk;4,5;0;NULL;;2026-05-09 20:08:08;Kellner 8;WAHR;4,5;cash;;
1454;1552;459;ORDER: CREATED - Bestellung erfasst;D9;Sommer spritzer 0,5;#fff176;Alk;4,5;0;NULL;;2026-05-09 20:08:09;Kellner 10;WAHR;4,5;voucher;;
1455;1551;459;ORDER: CREATED - Bestellung erfasst;D9;Bier 0,5;#fbc02d;Alk;4,5;0;NULL;;2026-05-09 20:08:09;Kellner 10;WAHR;4,5;voucher;;
1456;1553;460;ORDER: CREATED - Bestellung erfasst;D3;Sommer spritzer 0,5;#fff176;Alk;4,5;0;NULL;;2026-05-09 20:08:12;Kellner 2;WAHR;4,5;voucher;;
1457;1554;460;ORDER: CREATED - Bestellung erfasst;D3;Sommer spritzer 0,5;#fff176;Alk;4,5;0;NULL;;2026-05-09 20:08:12;Kellner 2;WAHR;4,5;voucher;;
1458;1555;461;ORDER: CREATED - Bestellung erfasst;H3;Sommer spritzer 0,5;#fff176;Alk;4,5;0;NULL;;2026-05-09 20:08:28;Kellner 4;WAHR;4,5;cash;;
1459;1558;462;ORDER: CREATED - Bestellung erfasst;E6;Bier 0,5;#fbc02d;Alk;4,5;0;NULL;;2026-05-09 20:08:34;Kellner 11;WAHR;4,5;voucher;;
1460;1559;462;ORDER: CREATED - Bestellung erfasst;E6;Sommer spritzer 0,5;#fff176;Alk;4,5;0;NULL;;2026-05-09 20:08:34;Kellner 11;WAHR;4,5;voucher;;
1461;1557;462;ORDER: CREATED - Bestellung erfasst;E6;Bier 0,5;#fbc02d;Alk;4,5;0;NULL;;2026-05-09 20:08:34;Kellner 11;WAHR;4,5;voucher;;
1462;1556;462;ORDER: CREATED - Bestellung erfasst;E6;Bier 0,5;#fbc02d;Alk;4,5;0;NULL;;2026-05-09 20:08:34;Kellner 11;WAHR;4,5;voucher;;
1463;1560;463;ORDER: CREATED - Bestellung erfasst;B6;Sommer spritzer 0,5;#fff176;Alk;4,5;0;NULL;;2026-05-09 20:08:41;Kellner 12;WAHR;4,5;voucher;;
1464;1561;463;ORDER: CREATED - Bestellung erfasst;B6;Sommer spritzer 0,5;#fff176;Alk;4,5;0;NULL;;2026-05-09 20:08:41;Kellner 12;WAHR;4,5;voucher;;
1465;1563;464;ORDER: CREATED - Bestellung erfasst;E3;Sommer spritzer 0,5;#fff176;Alk;4,5;0;NULL;;2026-05-09 20:08:51;Kellner 2;WAHR;4,5;voucher;;
1466;1562;464;ORDER: CREATED - Bestellung erfasst;E3;Sommer spritzer 0,5;#fff176;Alk;4,5;0;NULL;;2026-05-09 20:08:51;Kellner 2;WAHR;4,5;voucher;;
1467;1564;465;ORDER: CREATED - Bestellung erfasst;B6;Radler 0,5;#afb42b;Alk;4,5;0;NULL;;2026-05-09 20:09:02;Kellner 12;WAHR;4,5;voucher;;
1468;1565;466;ORDER: CREATED - Bestellung erfasst;B9;Cola 0,33;#004d40;Anti;3;0;NULL;;2026-05-09 20:09:07;Kellner 7;WAHR;3;voucher;;
1469;1566;467;ORDER: CREATED - Bestellung erfasst;U8;Almdudler 0,33;#fbc02d;Anti;3;0;NULL;;2026-05-09 20:09:08;Kellner 8;WAHR;3;cash;;
1470;1567;467;ORDER: CREATED - Bestellung erfasst;U8;Backhendl Salat;#4fc3f7;Essen;9;0;NULL;;2026-05-09 20:09:08;Kellner 8;WAHR;9;cash;;16
1471;1568;467;ORDER: CREATED - Bestellung erfasst;U8;Backhendl Salat;#4fc3f7;Essen;9;0;NULL;;2026-05-09 20:09:08;Kellner 8;WAHR;9;cash;;16
1472;1569;467;ORDER: CREATED - Bestellung erfasst;U8;Pommes;#ffc000;Essen;3,5;0;NULL;;2026-05-09 20:09:08;Kellner 8;WAHR;3,5;cash;;16
1473;1570;467;ORDER: CREATED - Bestellung erfasst;U8;Limo Orange 0,33;#ffc107;Anti;3;0;NULL;;2026-05-09 20:09:08;Kellner 8;WAHR;3;cash;;
1474;1571;468;ORDER: CREATED - Bestellung erfasst;U7;Backhendl Salat;#4fc3f7;Essen;9;0;NULL;;2026-05-09 20:09:40;Kellner 8;WAHR;9;cash;;14
1475;1573;469;ORDER: CREATED - Bestellung erfasst;C10;Soda zitron 0,5;#4fc3f7;Anti;3;0;NULL;;2026-05-09 20:10:10;Kellner 10;WAHR;3;voucher;;
1476;1572;469;ORDER: CREATED - Bestellung erfasst;C10;Sommer spritzer 0,5;#fff176;Alk;4,5;0;NULL;;2026-05-09 20:10:10;Kellner 10;WAHR;4,5;voucher;;
1477;1578;470;ORDER: CREATED - Bestellung erfasst;I8;Bier 0,5;#fbc02d;Alk;4,5;0;NULL;;2026-05-09 20:10:31;Kellner 9;WAHR;4,5;cash;;
1478;1574;470;ORDER: CREATED - Bestellung erfasst;I8;Bier 0,5;#fbc02d;Alk;4,5;0;NULL;;2026-05-09 20:10:31;Kellner 9;WAHR;4,5;cash;;
1479;1575;470;ORDER: CREATED - Bestellung erfasst;I8;Bier 0,5;#fbc02d;Alk;4,5;0;NULL;;2026-05-09 20:10:31;Kellner 9;WAHR;4,5;cash;;
1480;1581;470;ORDER: CREATED - Bestellung erfasst;I8;Bier 0,5;#fbc02d;Alk;4,5;0;NULL;;2026-05-09 20:10:31;Kellner 9;WAHR;4,5;cash;;
1481;1580;470;ORDER: CREATED - Bestellung erfasst;I8;Bier 0,5;#fbc02d;Alk;4,5;0;NULL;;2026-05-09 20:10:31;Kellner 9;WAHR;4,5;cash;;
1482;1576;470;ORDER: CREATED - Bestellung erfasst;I8;Bier 0,5;#fbc02d;Alk;4,5;0;NULL;;2026-05-09 20:10:31;Kellner 9;WAHR;4,5;cash;;
1483;1577;470;ORDER: CREATED - Bestellung erfasst;I8;Bier 0,5;#fbc02d;Alk;4,5;0;NULL;;2026-05-09 20:10:31;Kellner 9;WAHR;4,5;cash;;
1484;1579;470;ORDER: CREATED - Bestellung erfasst;I8;Bier 0,5;#fbc02d;Alk;4,5;0;NULL;;2026-05-09 20:10:31;Kellner 9;WAHR;4,5;cash;;
1485;1583;471;ORDER: CREATED - Bestellung erfasst;F4;Sommer spritzer 0,5;#fff176;Alk;4,5;0;NULL;;2026-05-09 20:10:34;Kellner 3;WAHR;4,5;cash;;
1486;1582;471;ORDER: CREATED - Bestellung erfasst;F4;Kaffee;#bf360c;Anti;3;0;NULL;;2026-05-09 20:10:34;Kellner 3;WAHR;3;cash;;
1487;1584;472;ORDER: CREATED - Bestellung erfasst;B10;Bier 0,5;#fbc02d;Alk;4,5;0;NULL;;2026-05-09 20:10:37;Kellner 10;WAHR;4,5;voucher;;
1488;1585;473;ORDER: CREATED - Bestellung erfasst;U1;Bier 0,5;#fbc02d;Alk;4,5;0;NULL;;2026-05-09 20:10:43;Kellner 7;WAHR;4,5;cash;;
1489;1586;474;ORDER: CREATED - Bestellung erfasst;B8;Bier 0,5;#fbc02d;Alk;4,5;0;NULL;;2026-05-09 20:10:47;Kellner 4;WAHR;4,5;cash;;
1490;1587;475;ORDER: CREATED - Bestellung erfasst;U10;Bier 0,5;#fbc02d;Alk;4,5;0;NULL;;2026-05-09 20:11:25;Kellner 8;WAHR;4,5;cash;;
1491;1588;476;ORDER: CREATED - Bestellung erfasst;F1;Bier 0,5;#fbc02d;Alk;4,5;0;NULL;;2026-05-09 20:11:29;Kellner 3;WAHR;4,5;voucher;;
1492;1589;477;ORDER: CREATED - Bestellung erfasst;D2;Bier 0,5;#fbc02d;Alk;4,5;0;NULL;;2026-05-09 20:12:02;Kellner 2;WAHR;4,5;voucher;;
1493;1590;477;ORDER: CREATED - Bestellung erfasst;D2;Sommer spritzer 0,5;#fff176;Alk;4,5;0;NULL;;2026-05-09 20:12:02;Kellner 2;WAHR;4,5;voucher;;
1494;1591;478;ORDER: CREATED - Bestellung erfasst;H4;Sommer spritzer 0,5;#fff176;Alk;4,5;0;NULL;;2026-05-09 20:12:51;Kellner 4;WAHR;4,5;cash;;
1495;1592;479;ORDER: CREATED - Bestellung erfasst;I5;Bier 0,5;#fbc02d;Alk;4,5;0;NULL;;2026-05-09 20:12:57;Kellner 5;WAHR;4,5;voucher;;
1496;1593;480;ORDER: CREATED - Bestellung erfasst;U5;Sommer spritzer 0,5;#fff176;Alk;4,5;0;NULL;;2026-05-09 20:12:58;Kellner 7;WAHR;4,5;cash;;
1497;1594;481;ORDER: CREATED - Bestellung erfasst;G4;Bier 0,5;#fbc02d;Alk;4,5;0;NULL;;2026-05-09 20:13:00;Kellner 1;WAHR;4,5;cash;;
1498;1597;482;ORDER: CREATED - Bestellung erfasst;F10;Bier 0,5;#fbc02d;Alk;4,5;0;NULL;;2026-05-09 20:13:16;Kellner 10;WAHR;4,5;voucher;;
1499;1596;482;ORDER: CREATED - Bestellung erfasst;F10;Bier 0,5;#fbc02d;Alk;4,5;0;NULL;;2026-05-09 20:13:16;Kellner 10;WAHR;4,5;voucher;;
1500;1595;482;ORDER: CREATED - Bestellung erfasst;F10;Bier 0,5;#fbc02d;Alk;4,5;0;NULL;;2026-05-09 20:13:16;Kellner 10;WAHR;4,5;voucher;;
1501;1598;483;ORDER: CREATED - Bestellung erfasst;A1;Bier 0,5;#fbc02d;Alk;4,5;0;NULL;;2026-05-09 20:13:23;Kellner 2;WAHR;4,5;cash;;
1502;1601;483;ORDER: CREATED - Bestellung erfasst;A1;Bier 0,5;#fbc02d;Alk;4,5;0;NULL;;2026-05-09 20:13:23;Kellner 2;WAHR;4,5;cash;;
1503;1599;483;ORDER: CREATED - Bestellung erfasst;A1;Sommer spritzer 0,5;#fff176;Alk;4,5;0;NULL;;2026-05-09 20:13:23;Kellner 2;WAHR;4,5;cash;;
1504;1600;483;ORDER: CREATED - Bestellung erfasst;A1;Sommer spritzer 0,5;#fff176;Alk;4,5;0;NULL;;2026-05-09 20:13:23;Kellner 2;WAHR;4,5;cash;;
1505;1604;484;ORDER: CREATED - Bestellung erfasst;U11;Mineral 0,33;#b3e5fc;Anti;2,5;0;NULL;;2026-05-09 20:13:35;Kellner 8;WAHR;2,5;cash;;
1506;1603;484;ORDER: CREATED - Bestellung erfasst;U11;Grillwürstel mit Pommes;#8bc34a;Essen;8;0;NULL;;2026-05-09 20:13:35;Kellner 8;WAHR;8;cash;;43
1507;1605;484;ORDER: CREATED - Bestellung erfasst;U11;Grillwürstel mit Pommes;#8bc34a;Essen;8;0;NULL;;2026-05-09 20:13:35;Kellner 8;WAHR;8;cash;;65
1508;1602;484;ORDER: CREATED - Bestellung erfasst;U11;Almdudler 0,33;#fbc02d;Anti;3;0;NULL;;2026-05-09 20:13:35;Kellner 8;WAHR;3;cash;;
1509;1606;485;ORDER: CREATED - Bestellung erfasst;U5;Mineral 0,33;#b3e5fc;Anti;2,5;0;NULL;;2026-05-09 20:13:43;Kellner 7;WAHR;2,5;cash;;
1510;1607;486;ORDER: CREATED - Bestellung erfasst;A1;Sommer spritzer 0,5;#fff176;Alk;4,5;0;NULL;;2026-05-09 20:13:59;Kellner 2;WAHR;4,5;cash;;
1511;1608;487;ORDER: CREATED - Bestellung erfasst;U1;Grillwürstel mit Pommes;#8bc34a;Essen;8;0;NULL;;2026-05-09 20:14:20;Kellner 8;WAHR;8;cash;;19
1512;1609;488;ORDER: CREATED - Bestellung erfasst;F5;Bier 0,5;#fbc02d;Alk;4,5;0;NULL;;2026-05-09 20:14:25;Kellner 5;WAHR;4,5;free;;
1513;1610;489;ORDER: CREATED - Bestellung erfasst;C1;Bier 0,5;#fbc02d;Alk;4,5;0;NULL;;2026-05-09 20:14:27;Kellner 2;WAHR;4,5;voucher;;
1514;1611;490;ORDER: CREATED - Bestellung erfasst;D4;Soda zitron 0,5;#4fc3f7;Anti;3;0;NULL;;2026-05-09 20:14:32;Kellner 1;WAHR;3;voucher;;
1515;1613;491;ORDER: CREATED - Bestellung erfasst;B5;Bier 0,5;#fbc02d;Alk;4,5;0;NULL;;2026-05-09 20:14:43;Kellner 12;WAHR;4,5;voucher;;
1516;1612;491;ORDER: CREATED - Bestellung erfasst;B5;Bier 0,5;#fbc02d;Alk;4,5;0;NULL;;2026-05-09 20:14:43;Kellner 12;WAHR;4,5;voucher;;
1517;1614;491;ORDER: CREATED - Bestellung erfasst;B5;Bier 0,5;#fbc02d;Alk;4,5;0;NULL;;2026-05-09 20:14:43;Kellner 12;WAHR;4,5;voucher;;
1518;1615;492;ORDER: CREATED - Bestellung erfasst;U12;Cola 0,33;#004d40;Anti;3;0;NULL;;2026-05-09 20:14:44;Kellner 7;WAHR;3;cash;;
1519;1616;492;ORDER: CREATED - Bestellung erfasst;U12;Kaffee;#bf360c;Anti;3;0;NULL;;2026-05-09 20:14:44;Kellner 7;WAHR;3;cash;;
1520;1618;493;ORDER: CREATED - Bestellung erfasst;F8;Bier 0,5;#fbc02d;Alk;4,5;0;NULL;;2026-05-09 20:14:45;Kellner 6;WAHR;4,5;voucher;;
1521;1617;493;ORDER: CREATED - Bestellung erfasst;F8;Bier 0,5;#fbc02d;Alk;4,5;0;NULL;;2026-05-09 20:14:45;Kellner 6;WAHR;4,5;voucher;;
1522;1619;494;ORDER: CREATED - Bestellung erfasst;U12;Limo Orange 0,33;#ffc107;Anti;3;0;NULL;;2026-05-09 20:14:57;Kellner 7;WAHR;3;cash;;
1523;1620;495;ORDER: CREATED - Bestellung erfasst;D4;Radler 0,5;#afb42b;Alk;4,5;0;NULL;;2026-05-09 20:14:58;Kellner 1;WAHR;4,5;voucher;;
1524;1621;496;ORDER: CREATED - Bestellung erfasst;F7;Sommer spritzer 0,5;#fff176;Alk;4,5;0;NULL;;2026-05-09 20:15:06;Kellner 6;WAHR;4,5;voucher;;
1525;1622;496;ORDER: CREATED - Bestellung erfasst;F7;Bier 0,5;#fbc02d;Alk;4,5;0;NULL;;2026-05-09 20:15:06;Kellner 6;WAHR;4,5;voucher;;
1526;1626;497;ORDER: CREATED - Bestellung erfasst;I2;Sommer spritzer 0,5;#fff176;Alk;4,5;0;NULL;;2026-05-09 20:15:35;Kellner 3;WAHR;4,5;voucher;;
1527;1625;497;ORDER: CREATED - Bestellung erfasst;I2;Sommer spritzer 0,5;#fff176;Alk;4,5;0;NULL;;2026-05-09 20:15:35;Kellner 3;WAHR;4,5;voucher;;
1528;1624;497;ORDER: CREATED - Bestellung erfasst;I2;Bier 0,5;#fbc02d;Alk;4,5;0;NULL;;2026-05-09 20:15:35;Kellner 3;WAHR;4,5;cash;;
1529;1623;497;ORDER: CREATED - Bestellung erfasst;I2;Bier 0,5;#fbc02d;Alk;4,5;0;NULL;;2026-05-09 20:15:35;Kellner 3;WAHR;4,5;cash;;
1530;1628;497;ORDER: CREATED - Bestellung erfasst;I2;Sommer spritzer 0,5;#fff176;Alk;4,5;0;NULL;;2026-05-09 20:15:35;Kellner 3;WAHR;4,5;cash;;
1531;1627;497;ORDER: CREATED - Bestellung erfasst;I2;Sommer spritzer 0,5;#fff176;Alk;4,5;0;NULL;;2026-05-09 20:15:35;Kellner 3;WAHR;4,5;cash;;
1532;1631;498;ORDER: CREATED - Bestellung erfasst;A3;Sommer spritzer 0,5;#fff176;Alk;4,5;0;NULL;;2026-05-09 20:15:36;Kellner 2;WAHR;4,5;voucher;;
1533;1634;498;ORDER: CREATED - Bestellung erfasst;A3;Sommer spritzer 0,5;#fff176;Alk;4,5;0;NULL;;2026-05-09 20:15:36;Kellner 2;WAHR;4,5;voucher;;
1534;1633;498;ORDER: CREATED - Bestellung erfasst;A3;Cola 0,33;#004d40;Anti;3;0;NULL;;2026-05-09 20:15:36;Kellner 2;WAHR;3;voucher;;
1535;1632;498;ORDER: CREATED - Bestellung erfasst;A3;Sommer spritzer 0,5;#fff176;Alk;4,5;0;NULL;;2026-05-09 20:15:36;Kellner 2;WAHR;4,5;voucher;;
1536;1630;498;ORDER: CREATED - Bestellung erfasst;A3;Sommer spritzer 0,5;#fff176;Alk;4,5;0;NULL;;2026-05-09 20:15:36;Kellner 2;WAHR;4,5;voucher;;
1537;1629;498;ORDER: CREATED - Bestellung erfasst;A3;Sommer spritzer 0,5;#fff176;Alk;4,5;0;NULL;;2026-05-09 20:15:36;Kellner 2;WAHR;4,5;voucher;;
1538;1636;499;ORDER: CREATED - Bestellung erfasst;G7;Bier 0,5;#fbc02d;Alk;4,5;0;NULL;;2026-05-09 20:15:44;Kellner 5;WAHR;4,5;cash;;
1539;1635;499;ORDER: CREATED - Bestellung erfasst;G7;Grillwürstel mit Pommes;#8bc34a;Essen;8;0;NULL;;2026-05-09 20:15:44;Kellner 5;WAHR;8;cash;;34
1540;1637;500;ORDER: CREATED - Bestellung erfasst;D6;Bier 0,5;#fbc02d;Alk;4,5;0;NULL;;2026-05-09 20:15:55;Kellner 12;WAHR;4,5;cash;;
1541;1639;500;ORDER: CREATED - Bestellung erfasst;D6;Bier 0,5;#fbc02d;Alk;4,5;0;NULL;;2026-05-09 20:15:55;Kellner 12;WAHR;4,5;cash;;
1542;1638;500;ORDER: CREATED - Bestellung erfasst;D6;Bier 0,5;#fbc02d;Alk;4,5;0;NULL;;2026-05-09 20:15:55;Kellner 12;WAHR;4,5;cash;;
1543;1640;501;ORDER: CREATED - Bestellung erfasst;C3;Bier 0,5;#fbc02d;Alk;4,5;0;NULL;;2026-05-09 20:15:58;Kellner 1;WAHR;4,5;voucher;;
1544;1641;502;ORDER: CREATED - Bestellung erfasst;B3;Schnitzelsemmerl;#f57f17;Essen;4,5;0;NULL;;2026-05-09 20:16:26;Kellner 1;WAHR;4,5;voucher;;13
1545;1642;503;ORDER: CREATED - Bestellung erfasst;I6;Bier 0,5;#fbc02d;Alk;4,5;0;NULL;;2026-05-09 20:16:27;Kellner 6;WAHR;4,5;cash;;
1546;1643;504;ORDER: CREATED - Bestellung erfasst;U4;Bier 0,5;#fbc02d;Alk;4,5;0;NULL;;2026-05-09 20:16:33;Kellner 8;WAHR;4,5;cash;;
1547;1644;504;ORDER: CREATED - Bestellung erfasst;U4;Radler 0,5;#afb42b;Alk;4,5;0;NULL;;2026-05-09 20:16:33;Kellner 8;WAHR;4,5;cash;;
1548;1645;505;ORDER: CREATED - Bestellung erfasst;U4;Almdudler 0,33;#fbc02d;Anti;3;0;NULL;;2026-05-09 20:16:50;Kellner 8;WAHR;3;cash;;
1549;1646;506;ORDER: CREATED - Bestellung erfasst;E7;Soda zitron 0,5;#4fc3f7;Anti;3;0;NULL;;2026-05-09 20:16:51;Kellner 10;WAHR;3;cash;;
1550;1647;506;ORDER: CREATED - Bestellung erfasst;E7;Bier 0,5;#fbc02d;Alk;4,5;0;NULL;;2026-05-09 20:16:51;Kellner 10;WAHR;4,5;cash;;
1551;1648;507;ORDER: CREATED - Bestellung erfasst;E3;Sommer spritzer 0,5;#fff176;Alk;4,5;0;NULL;;2026-05-09 20:16:52;Kellner 2;WAHR;4,5;voucher;;
1552;1649;507;ORDER: CREATED - Bestellung erfasst;E3;Sommer spritzer 0,5;#fff176;Alk;4,5;0;NULL;;2026-05-09 20:16:52;Kellner 2;WAHR;4,5;cash;;
1553;1650;508;ORDER: CREATED - Bestellung erfasst;C1;Almdudler 0,33;#fbc02d;Anti;3;0;NULL;;2026-05-09 20:17:17;Kellner 1;WAHR;3;voucher;;
1554;1651;509;ORDER: CREATED - Bestellung erfasst;U4;Bier 0,5;#fbc02d;Alk;4,5;0;NULL;;2026-05-09 20:17:26;Kellner 8;WAHR;4,5;cash;;
1555;1652;510;ORDER: CREATED - Bestellung erfasst;G3;Sommer spritzer 0,5;#fff176;Alk;4,5;0;NULL;;2026-05-09 20:17:30;Kellner 4;WAHR;4,5;voucher;;
1556;1653;511;ORDER: CREATED - Bestellung erfasst;D3;Sommer spritzer 0,5;#fff176;Alk;4,5;0;NULL;;2026-05-09 20:17:33;Kellner 2;WAHR;4,5;cash;;
1557;1654;512;ORDER: CREATED - Bestellung erfasst;G3;Radler 0,5;#afb42b;Alk;4,5;0;NULL;;2026-05-09 20:17:43;Kellner 4;WAHR;4,5;cash;;
1558;1655;512;ORDER: CREATED - Bestellung erfasst;G3;Bier 0,5;#fbc02d;Alk;4,5;0;NULL;;2026-05-09 20:17:43;Kellner 4;WAHR;4,5;cash;;
1559;1656;513;ORDER: CREATED - Bestellung erfasst;D1;Sommer spritzer 0,5;#fff176;Alk;4,5;0;NULL;;2026-05-09 20:17:47;Kellner 1;WAHR;4,5;voucher;;
1560;1657;514;ORDER: CREATED - Bestellung erfasst;D8;Cola 0,33;#004d40;Anti;3;0;NULL;;2026-05-09 20:18:07;Kellner 10;WAHR;3;voucher;;
1561;1660;514;ORDER: CREATED - Bestellung erfasst;D8;Sommer spritzer 0,5;#fff176;Alk;4,5;0;NULL;;2026-05-09 20:18:07;Kellner 10;WAHR;4,5;voucher;;
1562;1661;514;ORDER: CREATED - Bestellung erfasst;D8;Bier 0,5;#fbc02d;Alk;4,5;0;NULL;;2026-05-09 20:18:07;Kellner 10;WAHR;4,5;voucher;;
1563;1659;514;ORDER: CREATED - Bestellung erfasst;D8;Bier 0,5;#fbc02d;Alk;4,5;0;NULL;;2026-05-09 20:18:07;Kellner 10;WAHR;4,5;voucher;;
1564;1658;514;ORDER: CREATED - Bestellung erfasst;D8;Bier 0,5;#fbc02d;Alk;4,5;0;NULL;;2026-05-09 20:18:07;Kellner 10;WAHR;4,5;voucher;;
1565;1662;515;ORDER: CREATED - Bestellung erfasst;C4;Bier 0,5;#fbc02d;Alk;4,5;0;NULL;;2026-05-09 20:18:18;Kellner 2;WAHR;4,5;cash;;
1566;1663;516;ORDER: CREATED - Bestellung erfasst;G2;Bier 0,5;#fbc02d;Alk;4,5;0;NULL;;2026-05-09 20:18:32;Kellner 4;WAHR;4,5;voucher;;
1567;1664;517;ORDER: CREATED - Bestellung erfasst;H2;Soda zitron 0,5;#4fc3f7;Anti;3;0;NULL;;2026-05-09 20:18:51;Kellner 3;WAHR;3;voucher;;
1568;1665;518;ORDER: CREATED - Bestellung erfasst;D8;Sommer spritzer 0,5;#fff176;Alk;4,5;0;NULL;;2026-05-09 20:19:06;Kellner 10;WAHR;4,5;cash;;
1569;1666;519;ORDER: CREATED - Bestellung erfasst;H4;Bier 0,5;#fbc02d;Alk;4,5;0;NULL;;2026-05-09 20:19:14;Kellner 4;WAHR;4,5;cash;;
1570;1668;520;ORDER: CREATED - Bestellung erfasst;G8;Kaffee;#bf360c;Anti;3;0;NULL;;2026-05-09 20:19:22;Kellner 12;WAHR;3;cash;;
1571;1669;520;ORDER: CREATED - Bestellung erfasst;G8;Almdudler 0,33;#fbc02d;Anti;3;0;NULL;;2026-05-09 20:19:22;Kellner 12;WAHR;3;cash;;
1572;1667;520;ORDER: CREATED - Bestellung erfasst;G8;Kaffee;#bf360c;Anti;3;0;NULL;;2026-05-09 20:19:22;Kellner 12;WAHR;3;cash;;
1573;1670;521;ORDER: CREATED - Bestellung erfasst;C9;Bier 0,5;#fbc02d;Alk;4,5;0;NULL;;2026-05-09 20:19:29;Kellner 7;WAHR;4,5;voucher;;
1574;1672;522;ORDER: CREATED - Bestellung erfasst;B8;Bier 0,5;#fbc02d;Alk;4,5;0;NULL;;2026-05-09 20:19:33;Kellner 9;WAHR;4,5;cash;;
1575;1671;522;ORDER: CREATED - Bestellung erfasst;B8;Bier 0,5;#fbc02d;Alk;4,5;0;NULL;;2026-05-09 20:19:33;Kellner 9;WAHR;4,5;cash;;
1576;1673;523;ORDER: CREATED - Bestellung erfasst;B4;Soda zitron 0,5;#4fc3f7;Anti;3;0;NULL;;2026-05-09 20:19:39;Kellner 2;WAHR;3;voucher;;
1577;1675;523;ORDER: CREATED - Bestellung erfasst;B4;Cola 0,33;#004d40;Anti;3;0;NULL;;2026-05-09 20:19:39;Kellner 2;WAHR;3;voucher;;
1578;1674;523;ORDER: CREATED - Bestellung erfasst;B4;Bier 0,5;#fbc02d;Alk;4,5;0;NULL;;2026-05-09 20:19:39;Kellner 2;WAHR;4,5;voucher;;
1579;1676;523;ORDER: CREATED - Bestellung erfasst;B4;Bier 0,5;#fbc02d;Alk;4,5;0;NULL;;2026-05-09 20:19:39;Kellner 2;WAHR;4,5;voucher;;
1580;1677;524;ORDER: CREATED - Bestellung erfasst;C6;Bier 0,5;#fbc02d;Alk;4,5;0;NULL;;2026-05-09 20:20:05;Kellner 7;WAHR;4,5;voucher;;
1581;1679;525;ORDER: CREATED - Bestellung erfasst;A4;Sommer spritzer 0,5;#fff176;Alk;4,5;0;NULL;;2026-05-09 20:20:23;Kellner 2;WAHR;4,5;cash;;
1582;1678;525;ORDER: CREATED - Bestellung erfasst;A4;Sommer spritzer 0,5;#fff176;Alk;4,5;0;NULL;;2026-05-09 20:20:23;Kellner 2;WAHR;4,5;cash;;
1583;1680;526;ORDER: CREATED - Bestellung erfasst;E9;Bier 0,5;#fbc02d;Alk;4,5;0;NULL;;2026-05-09 20:20:37;Kellner 11;WAHR;4,5;voucher;;
1584;1681;527;ORDER: CREATED - Bestellung erfasst;I8;Schnitzel mit Pommes;#827717;Essen;11,5;0;NULL;;2026-05-09 20:21:26;Kellner 9;WAHR;11,5;cash;;15
1585;1682;527;ORDER: CREATED - Bestellung erfasst;I8;Bier 0,5;#fbc02d;Alk;4,5;0;NULL;;2026-05-09 20:21:26;Kellner 9;WAHR;4,5;cash;;
1586;1683;528;ORDER: CREATED - Bestellung erfasst;C6;Soda zitron 0,5;#4fc3f7;Anti;3;0;NULL;;2026-05-09 20:22:00;Kellner 7;WAHR;3;cash;;
1587;1684;529;ORDER: CREATED - Bestellung erfasst;G1;Sommer spritzer 0,5;#fff176;Alk;4,5;0;NULL;;2026-05-09 20:22:15;Kellner 3;WAHR;4,5;voucher;;
1588;1685;530;ORDER: CREATED - Bestellung erfasst;H6;Bier 0,5;#fbc02d;Alk;4,5;0;NULL;;2026-05-09 20:23:22;Kellner 6;WAHR;4,5;voucher;;
1589;1686;531;ORDER: CREATED - Bestellung erfasst;I6;Radler 0,5;#afb42b;Alk;4,5;0;NULL;;2026-05-09 20:23:48;Kellner 6;WAHR;4,5;cash;;
1590;1688;532;ORDER: CREATED - Bestellung erfasst;B9;Bier 0,5;#fbc02d;Alk;4,5;0;NULL;;2026-05-09 20:24:54;Kellner 4;WAHR;4,5;cash;;
1591;1687;532;ORDER: CREATED - Bestellung erfasst;B9;Bier 0,5;#fbc02d;Alk;4,5;0;NULL;;2026-05-09 20:24:54;Kellner 4;WAHR;4,5;cash;;
1592;1689;533;ORDER: CREATED - Bestellung erfasst;F7;Bier 0,5;#fbc02d;Alk;4,5;0;NULL;;2026-05-09 20:25:12;Kellner 6;WAHR;4,5;cash;;
1593;1690;533;ORDER: CREATED - Bestellung erfasst;F7;Cola 0,33;#004d40;Anti;3;0;NULL;;2026-05-09 20:25:12;Kellner 6;WAHR;3;cash;;
1594;1691;534;ORDER: CREATED - Bestellung erfasst;U8;Soda zitron 0,5;#4fc3f7;Anti;3;0;NULL;;2026-05-09 20:25:18;Kellner 7;WAHR;3;cash;;
1595;1692;535;ORDER: CREATED - Bestellung erfasst;B5;Soda zitron 0,5;#4fc3f7;Anti;3;0;NULL;;2026-05-09 20:25:28;Kellner 12;WAHR;3;cash;;
1596;1693;536;ORDER: CREATED - Bestellung erfasst;E2;Sommer spritzer 0,5;#fff176;Alk;4,5;0;NULL;;2026-05-09 20:25:52;Kellner 3;WAHR;4,5;voucher;;
1597;1694;537;ORDER: CREATED - Bestellung erfasst;D10;Mineral 0,33;#b3e5fc;Anti;2,5;0;NULL;;2026-05-09 20:25:55;Kellner 11;WAHR;2,5;cash;;
1598;1695;537;ORDER: CREATED - Bestellung erfasst;D10;Soda zitron 0,5;#4fc3f7;Anti;3;0;NULL;;2026-05-09 20:25:55;Kellner 11;WAHR;3;cash;;
1599;1698;538;ORDER: CREATED - Bestellung erfasst;U3;Bier 0,5;#fbc02d;Alk;4,5;0;NULL;;2026-05-09 20:25:56;Kellner 8;WAHR;4,5;cash;;
1600;1696;538;ORDER: CREATED - Bestellung erfasst;U3;Bier 0,5;#fbc02d;Alk;4,5;0;NULL;;2026-05-09 20:25:56;Kellner 8;WAHR;4,5;cash;;
1601;1697;538;ORDER: CREATED - Bestellung erfasst;U3;Bier 0,5;#fbc02d;Alk;4,5;0;NULL;;2026-05-09 20:25:56;Kellner 8;WAHR;4,5;cash;;
1602;1701;539;ORDER: CREATED - Bestellung erfasst;C5;Bier 0,5;#fbc02d;Alk;4,5;0;NULL;;2026-05-09 20:26:06;Kellner 12;WAHR;4,5;voucher;;
1603;1700;539;ORDER: CREATED - Bestellung erfasst;C5;Sommer spritzer 0,5;#fff176;Alk;4,5;0;NULL;;2026-05-09 20:26:06;Kellner 12;WAHR;4,5;voucher;;
1604;1699;539;ORDER: CREATED - Bestellung erfasst;C5;Sommer spritzer 0,5;#fff176;Alk;4,5;0;NULL;;2026-05-09 20:26:06;Kellner 12;WAHR;4,5;voucher;;
1605;1702;540;ORDER: CREATED - Bestellung erfasst;C5;Bier 0,5;#fbc02d;Alk;4,5;0;NULL;;2026-05-09 20:26:19;Kellner 12;WAHR;4,5;voucher;;
1606;1704;541;ORDER: CREATED - Bestellung erfasst;U8;Radler 0,5;#afb42b;Alk;4,5;0;NULL;;2026-05-09 20:26:36;Kellner 7;WAHR;4,5;cash;;
1607;1703;541;ORDER: CREATED - Bestellung erfasst;U8;Bier 0,5;#fbc02d;Alk;4,5;0;NULL;;2026-05-09 20:26:36;Kellner 7;WAHR;4,5;cash;;
1608;1705;542;ORDER: CREATED - Bestellung erfasst;F8;Mineral 0,33;#b3e5fc;Anti;2,5;0;NULL;;2026-05-09 20:27:24;Kellner 6;WAHR;2,5;voucher;;
1609;1707;543;ORDER: CREATED - Bestellung erfasst;U6;Bier 0,5;#fbc02d;Alk;4,5;0;NULL;;2026-05-09 20:27:31;Kellner 7;WAHR;4,5;cash;;
1610;1706;543;ORDER: CREATED - Bestellung erfasst;U6;Bier 0,5;#fbc02d;Alk;4,5;0;NULL;;2026-05-09 20:27:31;Kellner 7;WAHR;4,5;cash;;
1611;1708;544;ORDER: CREATED - Bestellung erfasst;U6;Soda zitron 0,5;#4fc3f7;Anti;3;0;NULL;;2026-05-09 20:28:23;Kellner 7;WAHR;3;cash;;
1612;1709;545;ORDER: CREATED - Bestellung erfasst;U1;Schnitzelsemmerl;#f57f17;Essen;4,5;0;NULL;;2026-05-09 20:29:00;Kellner 8;WAHR;4,5;cash;;10
1613;1710;545;ORDER: CREATED - Bestellung erfasst;U1;Pommes;#ffc000;Essen;3,5;0;NULL;;2026-05-09 20:29:00;Kellner 8;WAHR;3,5;cash;;10
1614;1711;546;ORDER: CREATED - Bestellung erfasst;E6;Bier 0,5;#fbc02d;Alk;4,5;0;NULL;;2026-05-09 20:29:10;Kellner 12;WAHR;4,5;cash;;
1615;1712;547;ORDER: CREATED - Bestellung erfasst;B7;Schnitzelsemmerl;#f57f17;Essen;4,5;0;NULL;;2026-05-09 20:29:35;Kellner 12;WAHR;4,5;cash;;15
1616;1713;548;ORDER: CREATED - Bestellung erfasst;D9;Sommer spritzer 0,5;#fff176;Alk;4,5;0;NULL;;2026-05-09 20:29:45;Kellner 10;WAHR;4,5;voucher;;
1617;1720;549;ORDER: CREATED - Bestellung erfasst;E4;Cola 0,33;#004d40;Anti;3;0;NULL;;2026-05-09 20:30:04;Kellner 2;WAHR;3;cash;;
1618;1719;549;ORDER: CREATED - Bestellung erfasst;E4;Bier 0,5;#fbc02d;Alk;4,5;0;NULL;;2026-05-09 20:30:04;Kellner 2;WAHR;4,5;cash;;
1619;1718;549;ORDER: CREATED - Bestellung erfasst;E4;Bier 0,5;#fbc02d;Alk;4,5;0;NULL;;2026-05-09 20:30:04;Kellner 2;WAHR;4,5;cash;;
1620;1717;549;ORDER: CREATED - Bestellung erfasst;E4;Sommer spritzer 0,5;#fff176;Alk;4,5;0;NULL;;2026-05-09 20:30:04;Kellner 2;WAHR;4,5;cash;;
1621;1716;549;ORDER: CREATED - Bestellung erfasst;E4;Bier 0,5;#fbc02d;Alk;4,5;0;NULL;;2026-05-09 20:30:04;Kellner 2;WAHR;4,5;cash;;
1622;1715;549;ORDER: CREATED - Bestellung erfasst;E4;Bier 0,5;#fbc02d;Alk;4,5;0;NULL;;2026-05-09 20:30:04;Kellner 2;WAHR;4,5;voucher;;
1623;1714;549;ORDER: CREATED - Bestellung erfasst;E4;Radler 0,5;#afb42b;Alk;4,5;0;NULL;;2026-05-09 20:30:04;Kellner 2;WAHR;4,5;cash;;
1624;1723;550;ORDER: CREATED - Bestellung erfasst;E3;Sommer spritzer 0,5;#fff176;Alk;4,5;0;NULL;;2026-05-09 20:30:05;Kellner 1;WAHR;4,5;cash;;
1625;1722;550;ORDER: CREATED - Bestellung erfasst;E3;Sommer spritzer 0,5;#fff176;Alk;4,5;0;NULL;;2026-05-09 20:30:05;Kellner 1;WAHR;4,5;cash;;
1626;1721;550;ORDER: CREATED - Bestellung erfasst;E3;Sommer spritzer 0,5;#fff176;Alk;4,5;0;NULL;;2026-05-09 20:30:05;Kellner 1;WAHR;4,5;cash;;
1627;1724;551;ORDER: CREATED - Bestellung erfasst;E8;Cola 0,33;#004d40;Anti;3;0;NULL;;2026-05-09 20:30:09;Kellner 11;WAHR;3;cash;;
1628;1725;552;ORDER: CREATED - Bestellung erfasst;H9;Bier 0,5;#fbc02d;Alk;4,5;0;NULL;;2026-05-09 20:30:12;Kellner 9;WAHR;4,5;cash;;
1629;1726;552;ORDER: CREATED - Bestellung erfasst;H9;Bier 0,5;#fbc02d;Alk;4,5;0;NULL;;2026-05-09 20:30:12;Kellner 9;WAHR;4,5;cash;;
1630;1727;553;ORDER: CREATED - Bestellung erfasst;D9;Soda zitron 0,5;#4fc3f7;Anti;3;0;NULL;;2026-05-09 20:30:14;Kellner 10;WAHR;3;voucher;;
1631;1728;554;ORDER: CREATED - Bestellung erfasst;F6;Mineral 0,33;#b3e5fc;Anti;2,5;0;NULL;;2026-05-09 20:30:20;Kellner 6;WAHR;2,5;free;;
1632;1729;554;ORDER: CREATED - Bestellung erfasst;F6;Sommer spritzer 0,5;#fff176;Alk;4,5;0;NULL;;2026-05-09 20:30:20;Kellner 6;WAHR;4,5;free;;
1633;1731;555;ORDER: CREATED - Bestellung erfasst;U3;Bier 0,5;#fbc02d;Alk;4,5;0;NULL;;2026-05-09 20:30:22;Kellner 7;WAHR;4,5;cash;;
1634;1730;555;ORDER: CREATED - Bestellung erfasst;U3;Sommer spritzer 0,5;#fff176;Alk;4,5;0;NULL;;2026-05-09 20:30:22;Kellner 7;WAHR;4,5;cash;;
1635;1733;556;ORDER: CREATED - Bestellung erfasst;C6;Sommer spritzer 0,5;#fff176;Alk;4,5;0;NULL;;2026-05-09 20:30:47;Kellner 12;WAHR;4,5;voucher;;
1636;1732;556;ORDER: CREATED - Bestellung erfasst;C6;Freibier 0.5;#ffeb3b;Alk;4,5;0;NULL;;2026-05-09 20:30:47;Kellner 12;WAHR;4,5;voucher;;
1637;1734;557;ORDER: CREATED - Bestellung erfasst;E5;Soda zitron 0,5;#4fc3f7;Anti;3;0;NULL;;2026-05-09 20:30:50;Kellner 4;WAHR;3;voucher;;
1638;1735;558;ORDER: CREATED - Bestellung erfasst;C5;Bier 0,5;#fbc02d;Alk;4,5;0;NULL;;2026-05-09 20:31:07;Kellner 12;WAHR;4,5;voucher;;
1639;1736;559;ORDER: CREATED - Bestellung erfasst;U3;Sommer spritzer 0,5;#fff176;Alk;4,5;0;NULL;;2026-05-09 20:31:07;Kellner 7;WAHR;4,5;cash;;
1640;1737;559;ORDER: CREATED - Bestellung erfasst;U3;Freibier 0.5;#ffeb3b;Alk;4,5;0;NULL;;2026-05-09 20:31:07;Kellner 7;WAHR;4,5;cash;;
1641;1738;560;ORDER: CREATED - Bestellung erfasst;E5;Bier 0,5;#fbc02d;Alk;4,5;0;NULL;;2026-05-09 20:31:10;Kellner 4;WAHR;4,5;voucher;;
1642;1739;561;ORDER: CREATED - Bestellung erfasst;D4;Backhendl Salat;#4fc3f7;Essen;9;0;NULL;;2026-05-09 20:31:12;Kellner 2;WAHR;9;voucher;;7
1643;1740;562;ORDER: CREATED - Bestellung erfasst;H9;Bier 0,5;#fbc02d;Alk;4,5;0;NULL;;2026-05-09 20:31:41;Kellner 9;WAHR;4,5;cash;;
1644;1741;563;ORDER: CREATED - Bestellung erfasst;F4;Soda zitron 0,5;#4fc3f7;Anti;3;0;NULL;;2026-05-09 20:32:27;Kellner 6;WAHR;3;cash;;
1645;1742;564;ORDER: CREATED - Bestellung erfasst;H8;Soda zitron 0,5;#4fc3f7;Anti;3;0;NULL;;2026-05-09 20:32:40;Kellner 9;WAHR;3;voucher;;
1646;1743;565;ORDER: CREATED - Bestellung erfasst;A4;Schnitzelsemmerl;#f57f17;Essen;4,5;0;NULL;;2026-05-09 20:32:47;Kellner 1;WAHR;4,5;voucher;;16
1647;1745;566;ORDER: CREATED - Bestellung erfasst;D1;Sommer spritzer 0,5;#fff176;Alk;4,5;0;NULL;;2026-05-09 20:32:49;Kellner 2;WAHR;4,5;voucher;;
1648;1744;566;ORDER: CREATED - Bestellung erfasst;D1;Sommer spritzer 0,5;#fff176;Alk;4,5;0;NULL;;2026-05-09 20:32:49;Kellner 2;WAHR;4,5;voucher;;
1649;1746;567;ORDER: CREATED - Bestellung erfasst;E10;Bier 0,5;#fbc02d;Alk;4,5;0;NULL;;2026-05-09 20:32:50;Kellner 5;WAHR;4,5;cash;;
1650;1747;568;ORDER: CREATED - Bestellung erfasst;E8;Bier 0,5;#fbc02d;Alk;4,5;0;NULL;;2026-05-09 20:32:52;Kellner 4;WAHR;4,5;cash;;
1651;1748;569;ORDER: CREATED - Bestellung erfasst;F4;Bier 0,5;#fbc02d;Alk;4,5;0;NULL;;2026-05-09 20:33:20;Kellner 6;WAHR;4,5;cash;;
1652;1749;570;ORDER: CREATED - Bestellung erfasst;G10;Schnitzelsemmerl;#f57f17;Essen;4,5;0;NULL;;2026-05-09 20:33:20;Kellner 10;WAHR;4,5;cash;;10
1653;1750;570;ORDER: CREATED - Bestellung erfasst;G10;Schnitzelsemmerl;#f57f17;Essen;4,5;0;NULL;;2026-05-09 20:33:20;Kellner 10;WAHR;4,5;cash;;10
1654;1751;570;ORDER: CREATED - Bestellung erfasst;G10;Bier 0,5;#fbc02d;Alk;4,5;0;NULL;;2026-05-09 20:33:20;Kellner 10;WAHR;4,5;cash;;
1655;1755;571;ORDER: CREATED - Bestellung erfasst;B1;Bier 0,5;#fbc02d;Alk;4,5;0;NULL;;2026-05-09 20:33:24;Kellner 2;WAHR;4,5;voucher;;
1656;1754;571;ORDER: CREATED - Bestellung erfasst;B1;Sommer spritzer 0,5;#fff176;Alk;4,5;0;NULL;;2026-05-09 20:33:24;Kellner 2;WAHR;4,5;cash;;
1657;1752;571;ORDER: CREATED - Bestellung erfasst;B1;Bier 0,5;#fbc02d;Alk;4,5;0;NULL;;2026-05-09 20:33:24;Kellner 2;WAHR;4,5;voucher;;
1658;1753;571;ORDER: CREATED - Bestellung erfasst;B1;Soda zitron 0,5;#4fc3f7;Anti;3;0;NULL;;2026-05-09 20:33:24;Kellner 2;WAHR;3;voucher;;
1659;1756;572;ORDER: CREATED - Bestellung erfasst;D4;Backhendl Salat;#4fc3f7;Essen;9;0;NULL;;2026-05-09 20:33:36;Kellner 1;WAHR;9;voucher;;19
1660;1757;573;ORDER: CREATED - Bestellung erfasst;D4;Gemüselaibchen mit Salat;#ffeb3b;Essen;9;0;NULL;;2026-05-09 20:33:57;Kellner 1;WAHR;9;voucher;;20
1661;1760;574;ORDER: CREATED - Bestellung erfasst;H3;Sommer spritzer 0,5;#fff176;Alk;4,5;0;NULL;;2026-05-09 20:34:13;Kellner 4;WAHR;4,5;cash;;
1662;1759;574;ORDER: CREATED - Bestellung erfasst;H3;Mineral 0,33;#b3e5fc;Anti;2,5;0;NULL;;2026-05-09 20:34:13;Kellner 4;WAHR;2,5;cash;;
1663;1758;574;ORDER: CREATED - Bestellung erfasst;H3;Bier 0,5;#fbc02d;Alk;4,5;0;NULL;;2026-05-09 20:34:13;Kellner 4;WAHR;4,5;cash;;
1664;1761;575;ORDER: CREATED - Bestellung erfasst;F8;Bier 0,5;#fbc02d;Alk;4,5;0;NULL;;2026-05-09 20:34:13;Kellner 9;WAHR;4,5;voucher;;
1665;1764;576;ORDER: CREATED - Bestellung erfasst;A1;Bier 0,5;#fbc02d;Alk;4,5;0;NULL;;2026-05-09 20:34:25;Kellner 2;WAHR;4,5;cash;;
1666;1766;576;ORDER: CREATED - Bestellung erfasst;A1;Bier 0,5;#fbc02d;Alk;4,5;0;NULL;;2026-05-09 20:34:25;Kellner 2;WAHR;4,5;cash;;
1667;1765;576;ORDER: CREATED - Bestellung erfasst;A1;Bier 0,5;#fbc02d;Alk;4,5;0;NULL;;2026-05-09 20:34:25;Kellner 2;WAHR;4,5;cash;;
1668;1763;576;ORDER: CREATED - Bestellung erfasst;A1;Sommer spritzer 0,5;#fff176;Alk;4,5;0;NULL;;2026-05-09 20:34:25;Kellner 2;WAHR;4,5;cash;;
1669;1762;576;ORDER: CREATED - Bestellung erfasst;A1;Bier 0,5;#fbc02d;Alk;4,5;0;NULL;;2026-05-09 20:34:25;Kellner 2;WAHR;4,5;cash;;
1670;1767;577;ORDER: CREATED - Bestellung erfasst;D6;Radler 0,5;#afb42b;Alk;4,5;0;NULL;;2026-05-09 20:34:33;Kellner 12;WAHR;4,5;cash;;
1671;1768;577;ORDER: CREATED - Bestellung erfasst;D6;Sommer spritzer 0,5;#fff176;Alk;4,5;0;NULL;;2026-05-09 20:34:33;Kellner 12;WAHR;4,5;cash;;
1672;1769;578;ORDER: CREATED - Bestellung erfasst;C4;Bier 0,5;#fbc02d;Alk;4,5;0;NULL;;2026-05-09 20:35:09;Kellner 1;WAHR;4,5;cash;;
1673;1770;579;ORDER: CREATED - Bestellung erfasst;A4;Schnitzel mit Pommes;#827717;Essen;11,5;0;NULL;;2026-05-09 20:35:10;Kellner 11;WAHR;11,5;voucher;;22
1674;1773;580;ORDER: CANCELED - Bestellung STORNO;G3;Bier 0,5;#fbc02d;Alk;4,5;0;NULL;;2026-05-09 20:35:10;Kellner 4;FALSCH;0;;;
1675;1772;580;ORDER: CANCELED - Bestellung STORNO;G3;Sommer spritzer 0,5;#fff176;Alk;4,5;0;NULL;;2026-05-09 20:35:10;Kellner 4;FALSCH;0;;;
1676;1771;580;ORDER: CANCELED - Bestellung STORNO;G3;Sommer spritzer 0,5;#fff176;Alk;4,5;0;NULL;;2026-05-09 20:35:10;Kellner 4;FALSCH;0;;;
1677;1774;581;ORDER: CREATED - Bestellung erfasst;B7;Bier 0,5;#fbc02d;Alk;4,5;0;NULL;;2026-05-09 20:35:17;Kellner 7;WAHR;4,5;cash;;
1678;1775;582;ORDER: CREATED - Bestellung erfasst;E6;Soda zitron 0,5;#4fc3f7;Anti;3;0;NULL;;2026-05-09 20:35:25;Kellner 12;WAHR;3;voucher;;
1679;1776;583;ORDER: CREATED - Bestellung erfasst;U5;Bier 0,5;#fbc02d;Alk;4,5;0;NULL;;2026-05-09 20:35:25;Kellner 8;WAHR;4,5;cash;;
1680;1778;584;ORDER: CREATED - Bestellung erfasst;H3;Sommer spritzer 0,5;#fff176;Alk;4,5;0;NULL;;2026-05-09 20:35:28;Kellner 4;WAHR;4,5;cash;;
1681;1779;584;ORDER: CREATED - Bestellung erfasst;H3;Sommer spritzer 0,5;#fff176;Alk;4,5;0;NULL;;2026-05-09 20:35:28;Kellner 4;WAHR;4,5;cash;;
1682;1777;584;ORDER: CREATED - Bestellung erfasst;H3;Bier 0,5;#fbc02d;Alk;4,5;0;NULL;;2026-05-09 20:35:28;Kellner 4;WAHR;4,5;cash;;
1683;1780;585;ORDER: CREATED - Bestellung erfasst;F9;Bier 0,5;#fbc02d;Alk;4,5;0;NULL;;2026-05-09 20:35:44;Kellner 6;WAHR;4,5;voucher;;
1684;1781;585;ORDER: CREATED - Bestellung erfasst;F9;Bier 0,5;#fbc02d;Alk;4,5;0;NULL;;2026-05-09 20:35:44;Kellner 6;WAHR;4,5;cash;;
1685;1782;586;ORDER: CREATED - Bestellung erfasst;E5;Bier 0,5;#fbc02d;Alk;4,5;0;NULL;;2026-05-09 20:35:44;Kellner 12;WAHR;4,5;voucher;;
1686;1783;587;ORDER: CREATED - Bestellung erfasst;C1;Bier 0,5;#fbc02d;Alk;4,5;0;NULL;;2026-05-09 20:35:49;Kellner 2;WAHR;4,5;voucher;;
1687;1784;588;ORDER: CREATED - Bestellung erfasst;A3;Gemüselaibchen mit Salat;#ffeb3b;Essen;9;0;NULL;;2026-05-09 20:36:37;Kellner 11;WAHR;9;voucher;;19
1688;1785;589;ORDER: CREATED - Bestellung erfasst;B2;Sommer spritzer 0,5;#fff176;Alk;4,5;0;NULL;;2026-05-09 20:36:38;Kellner 2;WAHR;4,5;cash;;
1689;1787;590;ORDER: CREATED - Bestellung erfasst;C3;Backhendl Salat;#4fc3f7;Essen;9;0;NULL;;2026-05-09 20:36:41;Kellner 1;WAHR;9;voucher;;15
1690;1786;590;ORDER: CREATED - Bestellung erfasst;C3;Backhendl Salat;#4fc3f7;Essen;9;0;NULL;;2026-05-09 20:36:41;Kellner 1;WAHR;9;voucher;;15
1691;1788;591;ORDER: CREATED - Bestellung erfasst;F3;Cola 0,33;#004d40;Anti;3;0;NULL;;2026-05-09 20:36:46;Kellner 4;WAHR;3;voucher;;
1692;1790;592;ORDER: CREATED - Bestellung erfasst;F9;Bier 0,5;#fbc02d;Alk;4,5;0;NULL;;2026-05-09 20:36:55;Kellner 10;WAHR;4,5;cash;;
1693;1789;592;ORDER: CREATED - Bestellung erfasst;F9;Bier 0,5;#fbc02d;Alk;4,5;0;NULL;;2026-05-09 20:36:55;Kellner 10;WAHR;4,5;cash;;
1694;1792;592;ORDER: CREATED - Bestellung erfasst;F9;Bier 0,5;#fbc02d;Alk;4,5;0;NULL;;2026-05-09 20:36:55;Kellner 10;WAHR;4,5;cash;;
1695;1791;592;ORDER: CREATED - Bestellung erfasst;F9;Mineral 0,33;#b3e5fc;Anti;2,5;0;NULL;;2026-05-09 20:36:55;Kellner 10;WAHR;2,5;cash;;
1696;1794;593;ORDER: CREATED - Bestellung erfasst;G4;Sommer spritzer 0,5;#fff176;Alk;4,5;0;NULL;;2026-05-09 20:37:00;Kellner 5;WAHR;4,5;voucher;;
1697;1793;593;ORDER: CREATED - Bestellung erfasst;G4;Almdudler 0,33;#fbc02d;Anti;3;0;NULL;;2026-05-09 20:37:00;Kellner 5;WAHR;3;voucher;;
1698;1795;594;ORDER: CREATED - Bestellung erfasst;F3;Radler 0,5;#afb42b;Alk;4,5;0;NULL;;2026-05-09 20:37:03;Kellner 4;WAHR;4,5;cash;;
1699;1796;595;ORDER: CREATED - Bestellung erfasst;C3;Schnitzelsemmerl;#f57f17;Essen;4,5;0;NULL;;2026-05-09 20:37:05;Kellner 1;WAHR;4,5;cash;;20
1700;1797;596;ORDER: CREATED - Bestellung erfasst;A3;Grillwürstel mit Pommes;#8bc34a;Essen;8;0;NULL;;2026-05-09 20:37:05;Kellner 11;WAHR;8;voucher;;54
1701;1798;597;ORDER: CREATED - Bestellung erfasst;F3;Bier 0,5;#fbc02d;Alk;4,5;0;NULL;;2026-05-09 20:37:19;Kellner 4;WAHR;4,5;cash;;
1702;1799;598;ORDER: CREATED - Bestellung erfasst;F7;Bier 0,5;#fbc02d;Alk;4,5;0;NULL;;2026-05-09 20:37:24;Kellner 6;WAHR;4,5;cash;;
1703;1800;599;ORDER: CREATED - Bestellung erfasst;E2;Bier 0,5;#fbc02d;Alk;4,5;0;NULL;;2026-05-09 20:37:29;Kellner 2;WAHR;4,5;voucher;;
1704;1801;600;ORDER: CREATED - Bestellung erfasst;B7;Schnitzel mit Pommes;#827717;Essen;11,5;0;NULL;;2026-05-09 20:37:30;Kellner 7;WAHR;11,5;cash;;24
1705;1803;601;ORDER: CREATED - Bestellung erfasst;U10;Bier 0,5;#fbc02d;Alk;4,5;0;NULL;;2026-05-09 20:37:42;Kellner 8;WAHR;4,5;cash;;
1706;1802;601;ORDER: CREATED - Bestellung erfasst;U10;Bier 0,5;#fbc02d;Alk;4,5;0;NULL;;2026-05-09 20:37:42;Kellner 8;WAHR;4,5;cash;;
1707;1804;602;ORDER: CREATED - Bestellung erfasst;B7;Cola 0,33;#004d40;Anti;3;0;NULL;;2026-05-09 20:37:59;Kellner 7;WAHR;3;cash;;
1708;1805;603;ORDER: CREATED - Bestellung erfasst;I5;Bier 0,5;#fbc02d;Alk;4,5;0;NULL;;2026-05-09 20:38:29;Kellner 5;WAHR;4,5;voucher;;
1709;1806;604;ORDER: CREATED - Bestellung erfasst;E7;Bier 0,5;#fbc02d;Alk;4,5;0;NULL;;2026-05-09 20:38:39;Kellner 9;WAHR;4,5;voucher;;
1710;1807;604;ORDER: CREATED - Bestellung erfasst;E7;Bier 0,5;#fbc02d;Alk;4,5;0;NULL;;2026-05-09 20:38:39;Kellner 9;WAHR;4,5;voucher;;
1711;1808;605;ORDER: CREATED - Bestellung erfasst;B8;Schnitzel mit Pommes;#827717;Essen;11,5;0;NULL;;2026-05-09 20:38:48;Kellner 7;WAHR;11,5;cash;;18
1712;1809;606;ORDER: CREATED - Bestellung erfasst;U2;Grillwürstel mit Pommes;#8bc34a;Essen;8;0;NULL;;2026-05-09 20:38:58;Kellner 8;WAHR;8;cash;;47
1713;1810;606;ORDER: CREATED - Bestellung erfasst;U2;Grillwürstel mit Pommes;#8bc34a;Essen;8;0;NULL;;2026-05-09 20:38:58;Kellner 8;WAHR;8;cash;;47
1714;1812;607;ORDER: CREATED - Bestellung erfasst;E10;Sommer spritzer 0,5;#fff176;Alk;4,5;0;NULL;;2026-05-09 20:39:12;Kellner 10;WAHR;4,5;cash;;
1715;1811;607;ORDER: CREATED - Bestellung erfasst;E10;Sommer spritzer 0,5;#fff176;Alk;4,5;0;NULL;;2026-05-09 20:39:12;Kellner 10;WAHR;4,5;cash;;
1716;1813;607;ORDER: CREATED - Bestellung erfasst;E10;Cola 0,33;#004d40;Anti;3;0;NULL;;2026-05-09 20:39:12;Kellner 10;WAHR;3;cash;;
1717;1814;608;ORDER: CREATED - Bestellung erfasst;D4;Grillwürstel mit Pommes;#8bc34a;Essen;8;0;NULL;Mit Salat ohne Pommes;2026-05-09 20:39:24;Kellner 2;WAHR;8;voucher;;47
1718;1815;609;ORDER: CREATED - Bestellung erfasst;D1;Bier 0,5;#fbc02d;Alk;4,5;0;NULL;;2026-05-09 20:39:30;Kellner 1;WAHR;4,5;cash;;
1719;1816;610;ORDER: CREATED - Bestellung erfasst;B9;Bier 0,5;#fbc02d;Alk;4,5;0;NULL;;2026-05-09 20:39:35;Kellner 7;WAHR;4,5;cash;;
1720;1817;611;ORDER: CREATED - Bestellung erfasst;B6;Bier 0,5;#fbc02d;Alk;4,5;0;NULL;;2026-05-09 20:39:40;Kellner 9;WAHR;4,5;voucher;;
1721;1818;612;ORDER: CANCELED - Bestellung STORNO;D6;Soda zitron 0,5;#4fc3f7;Anti;3;0;NULL;;2026-05-09 20:40:05;Kellner 12;FALSCH;0;;;
1722;1819;613;ORDER: CREATED - Bestellung erfasst;B6;Radler 0,5;#afb42b;Alk;4,5;0;NULL;;2026-05-09 20:40:22;Kellner 9;WAHR;4,5;voucher;;
1723;1820;614;ORDER: CREATED - Bestellung erfasst;D10;Schnitzelsemmerl;#f57f17;Essen;4,5;0;NULL;;2026-05-09 20:40:25;Kellner 10;WAHR;4,5;voucher;;13
1724;1821;614;ORDER: CREATED - Bestellung erfasst;D10;Schnitzelsemmerl;#f57f17;Essen;4,5;0;NULL;;2026-05-09 20:40:25;Kellner 10;WAHR;4,5;voucher;;13
1725;1822;615;ORDER: CREATED - Bestellung erfasst;E1;Bier 0,5;#fbc02d;Alk;4,5;0;NULL;;2026-05-09 20:40:31;Kellner 1;WAHR;4,5;voucher;;
1726;1823;616;ORDER: CREATED - Bestellung erfasst;D8;Soda zitron 0,5;#4fc3f7;Anti;3;0;NULL;;2026-05-09 20:40:41;Kellner 7;WAHR;3;cash;;
1727;1824;617;ORDER: CREATED - Bestellung erfasst;F6;Radler sauer 0,5;#aed581;Alk;4,5;0;NULL;;2026-05-09 20:41:00;Kellner 5;WAHR;4,5;free;;
1728;1826;618;ORDER: CREATED - Bestellung erfasst;F10;Bier 0,5;#fbc02d;Alk;4,5;0;NULL;;2026-05-09 20:41:06;Kellner 11;WAHR;4,5;cash;;
1729;1825;618;ORDER: CREATED - Bestellung erfasst;F10;Bier 0,5;#fbc02d;Alk;4,5;0;NULL;;2026-05-09 20:41:06;Kellner 11;WAHR;4,5;cash;;
1730;1828;618;ORDER: CREATED - Bestellung erfasst;F10;Mineral 0,33;#b3e5fc;Anti;2,5;0;NULL;;2026-05-09 20:41:06;Kellner 11;WAHR;2,5;cash;;
1731;1827;618;ORDER: CREATED - Bestellung erfasst;F10;Bier 0,5;#fbc02d;Alk;4,5;0;NULL;;2026-05-09 20:41:06;Kellner 11;WAHR;4,5;cash;;
1732;1833;619;ORDER: CREATED - Bestellung erfasst;H10;Grillwürstel mit Pommes;#8bc34a;Essen;8;0;NULL;;2026-05-09 20:41:38;Kellner 10;WAHR;8;cash;;49
1733;1832;619;ORDER: CREATED - Bestellung erfasst;H10;Schnitzel mit Pommes;#827717;Essen;11,5;0;NULL;;2026-05-09 20:41:38;Kellner 10;WAHR;11,5;cash;;31
1734;1831;619;ORDER: CREATED - Bestellung erfasst;H10;Bier 0,5;#fbc02d;Alk;4,5;0;NULL;;2026-05-09 20:41:38;Kellner 10;WAHR;4,5;cash;;
1735;1830;619;ORDER: CREATED - Bestellung erfasst;H10;Bier 0,5;#fbc02d;Alk;4,5;0;NULL;;2026-05-09 20:41:38;Kellner 10;WAHR;4,5;cash;;
1736;1829;619;ORDER: CREATED - Bestellung erfasst;H10;Bier 0,5;#fbc02d;Alk;4,5;0;NULL;;2026-05-09 20:41:38;Kellner 10;WAHR;4,5;cash;;
1737;1834;619;ORDER: CREATED - Bestellung erfasst;H10;Schnitzelsemmerl;#f57f17;Essen;4,5;0;NULL;;2026-05-09 20:41:38;Kellner 10;WAHR;4,5;cash;;16
1738;1835;620;ORDER: CREATED - Bestellung erfasst;E8;Soda zitron 0,5;#4fc3f7;Anti;3;0;NULL;;2026-05-09 20:41:42;Kellner 12;WAHR;3;voucher;;
1739;1836;621;ORDER: CREATED - Bestellung erfasst;D6;Bier 0,5;#fbc02d;Alk;4,5;0;NULL;;2026-05-09 20:41:55;Kellner 9;WAHR;4,5;cash;;
1740;1837;622;ORDER: CREATED - Bestellung erfasst;C4;Backhendl Salat;#4fc3f7;Essen;9;0;NULL;;2026-05-09 20:42:39;Kellner 6;WAHR;9;voucher;;10
1741;1838;622;ORDER: CREATED - Bestellung erfasst;C4;Bier 0,5;#fbc02d;Alk;4,5;0;NULL;;2026-05-09 20:42:39;Kellner 6;WAHR;4,5;voucher;;
1742;1839;623;ORDER: CREATED - Bestellung erfasst;D7;Bier 0,5;#fbc02d;Alk;4,5;0;NULL;;2026-05-09 20:43:07;Kellner 1;WAHR;4,5;cash;;
1743;1840;624;ORDER: CREATED - Bestellung erfasst;V1;Soda zitron 0,5;#4fc3f7;Anti;3;0;NULL;;2026-05-09 20:43:11;Kellner 8;WAHR;3;cash;;
1744;1841;625;ORDER: CREATED - Bestellung erfasst;E10;Bier 0,5;#fbc02d;Alk;4,5;0;NULL;;2026-05-09 20:43:12;Kellner 5;WAHR;4,5;cash;;
1745;1842;625;ORDER: CREATED - Bestellung erfasst;E10;Schnitzel mit Pommes;#827717;Essen;11,5;0;NULL;;2026-05-09 20:43:12;Kellner 5;WAHR;11,5;cash;;31
1746;1845;626;ORDER: CREATED - Bestellung erfasst;B10;Sommer spritzer 0,5;#fff176;Alk;4,5;0;NULL;;2026-05-09 20:43:15;Kellner 9;WAHR;4,5;cash;;
1747;1843;626;ORDER: CREATED - Bestellung erfasst;B10;Bier 0,5;#fbc02d;Alk;4,5;0;NULL;;2026-05-09 20:43:15;Kellner 9;WAHR;4,5;cash;;
1748;1844;626;ORDER: CREATED - Bestellung erfasst;B10;Bier 0,5;#fbc02d;Alk;4,5;0;NULL;;2026-05-09 20:43:15;Kellner 9;WAHR;4,5;cash;;
1749;1846;627;ORDER: CREATED - Bestellung erfasst;E1;Bier 0,5;#fbc02d;Alk;4,5;0;NULL;;2026-05-09 20:43:23;Kellner 3;WAHR;4,5;cash;;
1750;1847;628;ORDER: CREATED - Bestellung erfasst;U8;Cola 0,33;#004d40;Anti;3;0;NULL;;2026-05-09 20:43:24;Kellner 8;WAHR;3;cash;;
1751;1848;629;ORDER: CREATED - Bestellung erfasst;A4;Backhendl Salat;#4fc3f7;Essen;9;0;NULL;;2026-05-09 20:43:45;Kellner 6;WAHR;9;cash;;14
1752;1849;630;ORDER: CREATED - Bestellung erfasst;D2;Sommer spritzer 0,5;#fff176;Alk;4,5;0;NULL;;2026-05-09 20:44:01;Kellner 2;WAHR;4,5;cash;;
1753;1850;631;ORDER: CREATED - Bestellung erfasst;U6;Bier 0,5;#fbc02d;Alk;4,5;0;NULL;;2026-05-09 20:44:01;Kellner 8;WAHR;4,5;cash;;
1754;1857;632;ORDER: CREATED - Bestellung erfasst;H10;Pommes;#ffc000;Essen;3,5;0;NULL;;2026-05-09 20:44:04;Kellner 10;WAHR;3,5;cash;;27
1755;1856;632;ORDER: CREATED - Bestellung erfasst;H10;Schnitzel mit Pommes;#827717;Essen;11,5;0;NULL;;2026-05-09 20:44:04;Kellner 10;WAHR;11,5;cash;;27
1756;1855;632;ORDER: CREATED - Bestellung erfasst;H10;Sommer spritzer 0,5;#fff176;Alk;4,5;0;NULL;;2026-05-09 20:44:04;Kellner 10;WAHR;4,5;cash;;
1757;1854;632;ORDER: CREATED - Bestellung erfasst;H10;Sommer spritzer 0,5;#fff176;Alk;4,5;0;NULL;;2026-05-09 20:44:04;Kellner 10;WAHR;4,5;cash;;
1758;1853;632;ORDER: CREATED - Bestellung erfasst;H10;Sommer spritzer 0,5;#fff176;Alk;4,5;0;NULL;;2026-05-09 20:44:04;Kellner 10;WAHR;4,5;cash;;
1759;1852;632;ORDER: CREATED - Bestellung erfasst;H10;Sommer spritzer 0,5;#fff176;Alk;4,5;0;NULL;;2026-05-09 20:44:04;Kellner 10;WAHR;4,5;cash;;
1760;1851;632;ORDER: CREATED - Bestellung erfasst;H10;Sommer spritzer 0,5;#fff176;Alk;4,5;0;NULL;;2026-05-09 20:44:04;Kellner 10;WAHR;4,5;cash;;
1761;1858;633;ORDER: CREATED - Bestellung erfasst;B10;Bier 0,5;#fbc02d;Alk;4,5;0;NULL;;2026-05-09 20:44:20;Kellner 9;WAHR;4,5;voucher;;
1762;1859;634;ORDER: CREATED - Bestellung erfasst;E1;Bier 0,5;#fbc02d;Alk;4,5;0;NULL;;2026-05-09 20:44:48;Kellner 2;WAHR;4,5;cash;;
1763;1860;635;ORDER: CREATED - Bestellung erfasst;U7;Radler 0,5;#afb42b;Alk;4,5;0;NULL;;2026-05-09 20:45:02;Kellner 4;WAHR;4,5;cash;;
1764;1862;636;ORDER: CREATED - Bestellung erfasst;C5;Sommer spritzer 0,5;#fff176;Alk;4,5;0;NULL;;2026-05-09 20:45:09;Kellner 12;WAHR;4,5;voucher;;
1765;1861;636;ORDER: CREATED - Bestellung erfasst;C5;Sommer spritzer 0,5;#fff176;Alk;4,5;0;NULL;;2026-05-09 20:45:09;Kellner 12;WAHR;4,5;voucher;;
1766;1863;637;ORDER: CREATED - Bestellung erfasst;C1;Soda zitron 0,5;#4fc3f7;Anti;3;0;NULL;;2026-05-09 20:45:16;Kellner 2;WAHR;3;cash;;
1767;1864;638;ORDER: CREATED - Bestellung erfasst;C7;Bier 0,5;#fbc02d;Alk;4,5;0;NULL;;2026-05-09 20:45:42;Kellner 11;WAHR;4,5;voucher;;
1768;1866;638;ORDER: CREATED - Bestellung erfasst;C7;Sommer spritzer 0,5;#fff176;Alk;4,5;0;NULL;;2026-05-09 20:45:42;Kellner 11;WAHR;4,5;voucher;;
1769;1865;638;ORDER: CREATED - Bestellung erfasst;C7;Bier 0,5;#fbc02d;Alk;4,5;0;NULL;;2026-05-09 20:45:42;Kellner 11;WAHR;4,5;voucher;;
1770;1867;639;ORDER: CREATED - Bestellung erfasst;A3;Schnitzel mit Pommes;#827717;Essen;11,5;0;NULL;;2026-05-09 20:45:52;Kellner 6;WAHR;11,5;voucher;;14
1771;1871;640;ORDER: CREATED - Bestellung erfasst;E10;Sommer spritzer 0,5;#fff176;Alk;4,5;0;NULL;;2026-05-09 20:45:57;Kellner 7;WAHR;4,5;voucher;;
1772;1872;640;ORDER: CREATED - Bestellung erfasst;E10;Soda zitron 0,5;#4fc3f7;Anti;3;0;NULL;;2026-05-09 20:45:57;Kellner 7;WAHR;3;voucher;;
1773;1868;640;ORDER: CREATED - Bestellung erfasst;E10;Soda zitron 0,5;#4fc3f7;Anti;3;0;NULL;;2026-05-09 20:45:57;Kellner 7;WAHR;3;voucher;;
1774;1869;640;ORDER: CREATED - Bestellung erfasst;E10;Soda zitron 0,5;#4fc3f7;Anti;3;0;NULL;;2026-05-09 20:45:57;Kellner 7;WAHR;3;voucher;;
1775;1870;640;ORDER: CREATED - Bestellung erfasst;E10;Sommer spritzer 0,5;#fff176;Alk;4,5;0;NULL;;2026-05-09 20:45:57;Kellner 7;WAHR;4,5;cash;;
1776;1873;641;ORDER: CREATED - Bestellung erfasst;D10;Sommer spritzer 0,5;#fff176;Alk;4,5;0;NULL;;2026-05-09 20:45:59;Kellner 8;WAHR;4,5;voucher;;
1777;1874;642;ORDER: CREATED - Bestellung erfasst;C7;Sommer spritzer 0,5;#fff176;Alk;4,5;0;NULL;;2026-05-09 20:46:15;Kellner 11;WAHR;4,5;voucher;;
1778;1875;643;ORDER: CREATED - Bestellung erfasst;G7;Bier 0,5;#fbc02d;Alk;4,5;0;NULL;;2026-05-09 20:46:21;Kellner 5;WAHR;4,5;cash;;
1779;1878;644;ORDER: CREATED - Bestellung erfasst;C9;Soda zitron 0,5;#4fc3f7;Anti;3;0;NULL;;2026-05-09 20:46:36;Kellner 10;WAHR;3;voucher;;
1780;1876;644;ORDER: CREATED - Bestellung erfasst;C9;Sommer spritzer 0,5;#fff176;Alk;4,5;0;NULL;;2026-05-09 20:46:36;Kellner 10;WAHR;4,5;voucher;;
1781;1877;644;ORDER: CREATED - Bestellung erfasst;C9;Sommer spritzer 0,5;#fff176;Alk;4,5;0;NULL;;2026-05-09 20:46:36;Kellner 10;WAHR;4,5;voucher;;
1782;1879;645;ORDER: CREATED - Bestellung erfasst;B10;Bier 0,5;#fbc02d;Alk;4,5;0;NULL;;2026-05-09 20:46:37;Kellner 8;WAHR;4,5;cash;;
1783;1881;646;ORDER: CREATED - Bestellung erfasst;C3;Bier 0,5;#fbc02d;Alk;4,5;0;NULL;;2026-05-09 20:46:41;Kellner 6;WAHR;4,5;voucher;;
1784;1880;646;ORDER: CREATED - Bestellung erfasst;C3;Bier 0,5;#fbc02d;Alk;4,5;0;NULL;;2026-05-09 20:46:41;Kellner 6;WAHR;4,5;voucher;;
1785;1882;647;ORDER: CREATED - Bestellung erfasst;D4;Bier 0,5;#fbc02d;Alk;4,5;0;NULL;;2026-05-09 20:46:54;Kellner 6;WAHR;4,5;cash;;
1786;1883;648;ORDER: CREATED - Bestellung erfasst;E8;Radler 0,5;#afb42b;Alk;4,5;0;NULL;;2026-05-09 20:47:09;Kellner 11;WAHR;4,5;cash;;
1787;1884;649;ORDER: CREATED - Bestellung erfasst;F1;Schnitzelsemmerl;#f57f17;Essen;4,5;0;NULL;;2026-05-09 20:47:20;Kellner 3;WAHR;4,5;cash;;11
1788;1885;650;ORDER: CREATED - Bestellung erfasst;C10;Soda zitron 0,5;#4fc3f7;Anti;3;0;NULL;;2026-05-09 20:47:32;Kellner 8;WAHR;3;cash;;
1789;1886;650;ORDER: CREATED - Bestellung erfasst;C10;Gemüselaibchen mit Salat;#ffeb3b;Essen;9;0;NULL;;2026-05-09 20:47:32;Kellner 8;WAHR;9;cash;;15
1790;1887;651;ORDER: CREATED - Bestellung erfasst;D3;Gemüselaibchen mit Salat;#ffeb3b;Essen;9;0;NULL;Ohne Soße;2026-05-09 20:47:36;Kellner 2;WAHR;9;voucher;;19
1791;1889;651;ORDER: CREATED - Bestellung erfasst;D3;Sommer spritzer 0,5;#fff176;Alk;4,5;0;NULL;;2026-05-09 20:47:36;Kellner 2;WAHR;4,5;voucher;;
1792;1888;651;ORDER: CREATED - Bestellung erfasst;D3;Schnitzelsemmerl;#f57f17;Essen;4,5;0;NULL;;2026-05-09 20:47:36;Kellner 2;WAHR;4,5;voucher;;19
1793;1890;651;ORDER: CREATED - Bestellung erfasst;D3;Backhendl Salat;#4fc3f7;Essen;9;0;NULL;;2026-05-09 20:47:36;Kellner 2;WAHR;9;voucher;;19
1794;1891;652;ORDER: CREATED - Bestellung erfasst;G7;Sommer spritzer 0,5;#fff176;Alk;4,5;0;NULL;;2026-05-09 20:48:24;Kellner 5;WAHR;4,5;cash;;
1795;1892;652;ORDER: CREATED - Bestellung erfasst;G7;Bier 0,5;#fbc02d;Alk;4,5;0;NULL;;2026-05-09 20:48:24;Kellner 5;WAHR;4,5;cash;;
1796;1894;653;ORDER: CREATED - Bestellung erfasst;B10;Bier 0,5;#fbc02d;Alk;4,5;0;NULL;;2026-05-09 20:48:26;Kellner 10;WAHR;4,5;voucher;;
1797;1893;653;ORDER: CREATED - Bestellung erfasst;B10;Schnitzel mit Pommes;#827717;Essen;11,5;0;NULL;;2026-05-09 20:48:26;Kellner 10;WAHR;11,5;voucher;;19
1798;1895;653;ORDER: CREATED - Bestellung erfasst;B10;Mineral 0,33;#b3e5fc;Anti;2,5;0;NULL;;2026-05-09 20:48:26;Kellner 10;WAHR;2,5;cash;;
1799;1896;654;ORDER: CREATED - Bestellung erfasst;G1;Bier 0,5;#fbc02d;Alk;4,5;0;NULL;;2026-05-09 20:48:49;Kellner 3;WAHR;4,5;cash;;
1800;1897;654;ORDER: CREATED - Bestellung erfasst;G1;Sommer spritzer 0,5;#fff176;Alk;4,5;0;NULL;;2026-05-09 20:48:49;Kellner 3;WAHR;4,5;cash;;
1801;1898;655;ORDER: CREATED - Bestellung erfasst;G1;Soda zitron 0,5;#4fc3f7;Anti;3;0;NULL;;2026-05-09 20:49:06;Kellner 3;WAHR;3;cash;;
1802;1899;656;ORDER: CREATED - Bestellung erfasst;G2;Grillwürstel mit Pommes;#8bc34a;Essen;8;0;NULL;;2026-05-09 20:49:09;Kellner 6;WAHR;8;cash;;37
1803;1900;657;ORDER: CREATED - Bestellung erfasst;F2;Bier 0,5;#fbc02d;Alk;4,5;0;NULL;;2026-05-09 20:49:13;Kellner 11;WAHR;4,5;voucher;;
1804;1901;658;ORDER: CREATED - Bestellung erfasst;B8;Schnitzelsemmerl;#f57f17;Essen;4,5;0;NULL;;2026-05-09 20:49:17;Kellner 12;WAHR;4,5;cash;;16
1805;1903;659;ORDER: CREATED - Bestellung erfasst;U11;Kaffee;#bf360c;Anti;3;0;NULL;;2026-05-09 20:49:35;Kellner 7;WAHR;3;cash;;
1806;1902;659;ORDER: CREATED - Bestellung erfasst;U11;Kaffee;#bf360c;Anti;3;0;NULL;;2026-05-09 20:49:35;Kellner 7;WAHR;3;cash;;
1807;1904;660;ORDER: CREATED - Bestellung erfasst;F6;Bier 0,5;#fbc02d;Alk;4,5;0;NULL;;2026-05-09 20:49:45;Kellner 5;WAHR;4,5;free;;
1808;1905;661;ORDER: CREATED - Bestellung erfasst;E4;Sommer spritzer 0,5;#fff176;Alk;4,5;0;NULL;;2026-05-09 20:49:55;Kellner 2;WAHR;4,5;cash;;
1809;1906;662;ORDER: CREATED - Bestellung erfasst;C8;Bier 0,5;#fbc02d;Alk;4,5;0;NULL;;2026-05-09 20:49:59;Kellner 8;WAHR;4,5;cash;;
1810;1907;663;ORDER: CREATED - Bestellung erfasst;B8;Radler 0,5;#afb42b;Alk;4,5;0;NULL;;2026-05-09 20:50:02;Kellner 12;WAHR;4,5;voucher;;
1811;1908;664;ORDER: CREATED - Bestellung erfasst;U11;Kaffee;#bf360c;Anti;3;0;NULL;;2026-05-09 20:50:09;Kellner 7;WAHR;3;cash;;
1812;1909;664;ORDER: CREATED - Bestellung erfasst;U11;Radler 0,5;#afb42b;Alk;4,5;0;NULL;;2026-05-09 20:50:09;Kellner 7;WAHR;4,5;cash;;
1813;1910;665;ORDER: CREATED - Bestellung erfasst;B10;Bier 0,5;#fbc02d;Alk;4,5;0;NULL;;2026-05-09 20:50:25;Kellner 10;WAHR;4,5;voucher;;
1814;1912;666;ORDER: CREATED - Bestellung erfasst;F2;Grillwürstel mit Pommes;#8bc34a;Essen;8;0;NULL;;2026-05-09 20:50:32;Kellner 11;WAHR;8;cash;;32
1815;1911;666;ORDER: CREATED - Bestellung erfasst;F2;Bier 0,5;#fbc02d;Alk;4,5;0;NULL;;2026-05-09 20:50:32;Kellner 11;WAHR;4,5;voucher;;
1816;1913;667;ORDER: CREATED - Bestellung erfasst;C4;Soda zitron 0,5;#4fc3f7;Anti;3;0;NULL;;2026-05-09 20:50:32;Kellner 2;WAHR;3;cash;;
1817;1914;668;ORDER: CREATED - Bestellung erfasst;D4;Schnitzelsemmerl;#f57f17;Essen;4,5;0;NULL;;2026-05-09 20:50:40;Kellner 1;WAHR;4,5;cash;;13
1818;1915;668;ORDER: CREATED - Bestellung erfasst;D4;Sommer spritzer 0,5;#fff176;Alk;4,5;0;NULL;;2026-05-09 20:50:40;Kellner 1;WAHR;4,5;cash;;
1819;1916;669;ORDER: CREATED - Bestellung erfasst;H2;Grillwürstel mit Pommes;#8bc34a;Essen;8;0;NULL;;2026-05-09 20:50:42;Kellner 3;WAHR;8;cash;;55
1820;1917;670;ORDER: CREATED - Bestellung erfasst;B4;Backhendl Salat;#4fc3f7;Essen;9;0;NULL;;2026-05-09 20:50:53;Kellner 2;WAHR;9;voucher;;15
1821;1919;671;ORDER: CREATED - Bestellung erfasst;D6;Sommer spritzer 0,5;#fff176;Alk;4,5;0;NULL;;2026-05-09 20:50:57;Kellner 12;WAHR;4,5;cash;;
1822;1918;671;ORDER: CREATED - Bestellung erfasst;D6;Radler 0,5;#afb42b;Alk;4,5;0;NULL;;2026-05-09 20:50:57;Kellner 12;WAHR;4,5;cash;;
1823;1920;672;ORDER: CREATED - Bestellung erfasst;H2;Sommer spritzer 0,5;#fff176;Alk;4,5;0;NULL;;2026-05-09 20:51:05;Kellner 3;WAHR;4,5;cash;;
1824;1921;672;ORDER: CREATED - Bestellung erfasst;H2;Schnitzel mit Pommes;#827717;Essen;11,5;0;NULL;;2026-05-09 20:51:05;Kellner 3;WAHR;11,5;cash;;12
1825;1922;673;ORDER: CREATED - Bestellung erfasst;F10;Mineral 0,33;#b3e5fc;Anti;2,5;0;NULL;;2026-05-09 20:51:14;Kellner 10;WAHR;2,5;cash;;
1826;1923;674;ORDER: CREATED - Bestellung erfasst;E6;Bier 0,5;#fbc02d;Alk;4,5;0;NULL;;2026-05-09 20:51:21;Kellner 12;WAHR;4,5;cash;;
1827;1926;674;ORDER: CREATED - Bestellung erfasst;E6;Bier 0,5;#fbc02d;Alk;4,5;0;NULL;;2026-05-09 20:51:21;Kellner 12;WAHR;4,5;cash;;
1828;1925;674;ORDER: CREATED - Bestellung erfasst;E6;Bier 0,5;#fbc02d;Alk;4,5;0;NULL;;2026-05-09 20:51:21;Kellner 12;WAHR;4,5;cash;;
1829;1924;674;ORDER: CREATED - Bestellung erfasst;E6;Bier 0,5;#fbc02d;Alk;4,5;0;NULL;;2026-05-09 20:51:21;Kellner 12;WAHR;4,5;cash;;
1830;1927;675;ORDER: CREATED - Bestellung erfasst;U3;Bier 0,5;#fbc02d;Alk;4,5;0;NULL;;2026-05-09 20:51:46;Kellner 7;WAHR;4,5;cash;;
1831;1928;676;ORDER: CREATED - Bestellung erfasst;B4;Grillwürstel mit Pommes;#8bc34a;Essen;8;0;NULL;;2026-05-09 20:51:46;Kellner 2;WAHR;8;voucher;;26
1832;1929;677;ORDER: CREATED - Bestellung erfasst;U12;Cola 0,33;#004d40;Anti;3;0;NULL;;2026-05-09 20:51:48;Kellner 8;WAHR;3;cash;;
1833;1930;678;ORDER: CREATED - Bestellung erfasst;H1;Sommer spritzer 0,5;#fff176;Alk;4,5;0;NULL;;2026-05-09 20:51:51;Kellner 3;WAHR;4,5;cash;;
1834;1931;679;ORDER: CREATED - Bestellung erfasst;F9;Bier 0,5;#fbc02d;Alk;4,5;0;NULL;;2026-05-09 20:51:52;Kellner 10;WAHR;4,5;cash;;
1835;1932;680;ORDER: CREATED - Bestellung erfasst;H2;Bier 0,5;#fbc02d;Alk;4,5;0;NULL;;2026-05-09 20:52:18;Kellner 3;WAHR;4,5;cash;;
1836;1933;681;ORDER: CREATED - Bestellung erfasst;G2;Backhendl Salat;#4fc3f7;Essen;9;0;NULL;;2026-05-09 20:52:18;Kellner 11;WAHR;9;cash;;15
1837;1935;682;ORDER: CREATED - Bestellung erfasst;E5;Sommer spritzer 0,5;#fff176;Alk;4,5;0;NULL;;2026-05-09 20:52:35;Kellner 12;WAHR;4,5;voucher;;
1838;1934;682;ORDER: CREATED - Bestellung erfasst;E5;Radler 0,5;#afb42b;Alk;4,5;0;NULL;;2026-05-09 20:52:35;Kellner 12;WAHR;4,5;voucher;;
1839;1938;683;ORDER: CREATED - Bestellung erfasst;G9;Bier 0,5;#fbc02d;Alk;4,5;0;NULL;;2026-05-09 20:53:05;Kellner 7;WAHR;4,5;voucher;;
1840;1936;683;ORDER: CREATED - Bestellung erfasst;G9;Bier 0,5;#fbc02d;Alk;4,5;0;NULL;;2026-05-09 20:53:05;Kellner 7;WAHR;4,5;voucher;;
1841;1937;683;ORDER: CREATED - Bestellung erfasst;G9;Cola 0,33;#004d40;Anti;3;0;NULL;;2026-05-09 20:53:05;Kellner 7;WAHR;3;voucher;;
1842;1939;684;ORDER: CREATED - Bestellung erfasst;F4;Bier 0,5;#fbc02d;Alk;4,5;0;NULL;;2026-05-09 20:53:12;Kellner 4;WAHR;4,5;voucher;;
1843;1940;684;ORDER: CREATED - Bestellung erfasst;F4;Sommer spritzer 0,5;#fff176;Alk;4,5;0;NULL;;2026-05-09 20:53:12;Kellner 4;WAHR;4,5;voucher;;
1844;1941;685;ORDER: CREATED - Bestellung erfasst;B5;Soda zitron 0,5;#4fc3f7;Anti;3;0;NULL;;2026-05-09 20:53:16;Kellner 12;WAHR;3;voucher;;
1845;1943;686;ORDER: CREATED - Bestellung erfasst;H1;Bier 0,5;#fbc02d;Alk;4,5;0;NULL;;2026-05-09 20:53:37;Kellner 3;WAHR;4,5;cash;;
1846;1942;686;ORDER: CREATED - Bestellung erfasst;H1;Bier 0,5;#fbc02d;Alk;4,5;0;NULL;;2026-05-09 20:53:37;Kellner 3;WAHR;4,5;cash;;
1847;1944;687;ORDER: CREATED - Bestellung erfasst;G2;Gemüselaibchen mit Salat;#ffeb3b;Essen;9;0;NULL;;2026-05-09 20:53:58;Kellner 11;WAHR;9;cash;;15
1848;1945;688;ORDER: CREATED - Bestellung erfasst;G9;Bier 0,5;#fbc02d;Alk;4,5;0;NULL;;2026-05-09 20:54:18;Kellner 7;WAHR;4,5;cash;;
1849;1946;689;ORDER: CREATED - Bestellung erfasst;B7;Bier 0,5;#fbc02d;Alk;4,5;0;NULL;;2026-05-09 20:54:39;Kellner 6;WAHR;4,5;cash;;
1850;1947;690;ORDER: CREATED - Bestellung erfasst;G2;Soda zitron 0,5;#4fc3f7;Anti;3;0;NULL;;2026-05-09 20:54:47;Kellner 11;WAHR;3;voucher;;
1851;1950;691;ORDER: CREATED - Bestellung erfasst;H9;Almdudler 0,33;#fbc02d;Anti;3;0;NULL;;2026-05-09 20:54:51;Kellner 7;WAHR;3;voucher;;
1852;1949;691;ORDER: CREATED - Bestellung erfasst;H9;Bier 0,5;#fbc02d;Alk;4,5;0;NULL;;2026-05-09 20:54:51;Kellner 7;WAHR;4,5;voucher;;
1853;1948;691;ORDER: CREATED - Bestellung erfasst;H9;Bier 0,5;#fbc02d;Alk;4,5;0;NULL;;2026-05-09 20:54:51;Kellner 7;WAHR;4,5;voucher;;
1854;1951;692;ORDER: CREATED - Bestellung erfasst;I8;Grillwürstel mit Pommes;#8bc34a;Essen;8;0;NULL;;2026-05-09 20:55:39;Kellner 7;WAHR;8;cash;;41
1855;1952;693;ORDER: CREATED - Bestellung erfasst;G1;Sommer spritzer 0,5;#fff176;Alk;4,5;0;NULL;;2026-05-09 20:55:42;Kellner 11;WAHR;4,5;cash;;
1856;1953;694;ORDER: CREATED - Bestellung erfasst;C4;Schnitzel mit Pommes;#827717;Essen;11,5;0;NULL;;2026-05-09 20:55:43;Kellner 12;WAHR;11,5;voucher;;26
1857;1954;694;ORDER: CREATED - Bestellung erfasst;C4;Schnitzel mit Pommes;#827717;Essen;11,5;0;NULL;;2026-05-09 20:55:43;Kellner 12;WAHR;11,5;voucher;;37
1858;1955;695;ORDER: CREATED - Bestellung erfasst;D2;Bier 0,5;#fbc02d;Alk;4,5;0;NULL;;2026-05-09 20:55:53;Kellner 5;WAHR;4,5;cash;;
1859;1956;696;ORDER: CREATED - Bestellung erfasst;B4;Soda zitron 0,5;#4fc3f7;Anti;3;0;NULL;;2026-05-09 20:56:08;Kellner 12;WAHR;3;voucher;;
1860;1957;696;ORDER: CREATED - Bestellung erfasst;B4;Gemüselaibchen mit Salat;#ffeb3b;Essen;9;0;NULL;;2026-05-09 20:56:08;Kellner 12;WAHR;9;voucher;;28
1861;1958;697;ORDER: CREATED - Bestellung erfasst;F7;Grillwürstel mit Pommes;#8bc34a;Essen;8;0;NULL;;2026-05-09 20:56:22;Kellner 6;WAHR;8;cash;;71
1862;1959;697;ORDER: CREATED - Bestellung erfasst;F7;Schnitzelsemmerl;#f57f17;Essen;4,5;0;NULL;;2026-05-09 20:56:22;Kellner 6;WAHR;4,5;cash;;23
1863;1960;698;ORDER: CREATED - Bestellung erfasst;V2;Radler 0,5;#afb42b;Alk;4,5;0;NULL;;2026-05-09 20:56:26;Kellner 8;WAHR;4,5;cash;;
1864;1962;699;ORDER: CREATED - Bestellung erfasst;B9;Mineral 0,33;#b3e5fc;Anti;2,5;0;NULL;;2026-05-09 20:56:28;Kellner 7;WAHR;2,5;voucher;;
1865;1961;699;ORDER: CREATED - Bestellung erfasst;B9;Soda zitron 0,5;#4fc3f7;Anti;3;0;NULL;;2026-05-09 20:56:28;Kellner 7;WAHR;3;voucher;;
1866;1963;700;ORDER: CREATED - Bestellung erfasst;C5;Bier 0,5;#fbc02d;Alk;4,5;0;NULL;;2026-05-09 20:56:47;Kellner 12;WAHR;4,5;cash;;
1867;1964;701;ORDER: CREATED - Bestellung erfasst;F6;Schnitzelsemmerl;#f57f17;Essen;4,5;0;NULL;;2026-05-09 20:56:55;Kellner 5;WAHR;4,5;cash;;31
1868;1965;702;ORDER: CREATED - Bestellung erfasst;E9;Bier 0,5;#fbc02d;Alk;4,5;0;NULL;;2026-05-09 20:57:06;Kellner 9;WAHR;4,5;cash;;
1869;1966;702;ORDER: CREATED - Bestellung erfasst;E9;Schnitzel mit Pommes;#827717;Essen;11,5;0;NULL;;2026-05-09 20:57:06;Kellner 9;WAHR;11,5;voucher;;32
1870;1967;702;ORDER: CREATED - Bestellung erfasst;E9;Schnitzel mit Pommes;#827717;Essen;11,5;0;NULL;;2026-05-09 20:57:06;Kellner 9;WAHR;11,5;voucher;;55
1871;1968;702;ORDER: CREATED - Bestellung erfasst;E9;Schnitzel mit Pommes;#827717;Essen;11,5;0;NULL;;2026-05-09 20:57:06;Kellner 9;WAHR;11,5;voucher;;55
1872;1970;703;ORDER: CREATED - Bestellung erfasst;F2;Schnitzelsemmerl;#f57f17;Essen;4,5;0;NULL;;2026-05-09 20:57:09;Kellner 3;WAHR;4,5;cash;;44
1873;1969;703;ORDER: CREATED - Bestellung erfasst;F2;Schnitzelsemmerl;#f57f17;Essen;4,5;0;NULL;;2026-05-09 20:57:09;Kellner 3;WAHR;4,5;cash;;44
1874;1971;704;ORDER: CREATED - Bestellung erfasst;F2;Freibier 0.5;#ffeb3b;Alk;4,5;0;NULL;;2026-05-09 20:57:38;Kellner 3;WAHR;4,5;cash;;
1875;1972;704;ORDER: CREATED - Bestellung erfasst;F2;Bier 0,5;#fbc02d;Alk;4,5;0;NULL;;2026-05-09 20:57:38;Kellner 3;WAHR;4,5;cash;;
1876;1973;705;ORDER: CREATED - Bestellung erfasst;I5;Bier 0,5;#fbc02d;Alk;4,5;0;NULL;;2026-05-09 20:57:38;Kellner 6;WAHR;4,5;cash;;
1877;1974;706;ORDER: CREATED - Bestellung erfasst;B6;Sommer spritzer 0,5;#fff176;Alk;4,5;0;NULL;;2026-05-09 20:57:39;Kellner 7;WAHR;4,5;cash;;
1878;1975;707;ORDER: CREATED - Bestellung erfasst;I6;Bier 0,5;#fbc02d;Alk;4,5;0;NULL;;2026-05-09 20:57:55;Kellner 6;WAHR;4,5;cash;;
1879;1976;708;ORDER: CREATED - Bestellung erfasst;F6;Pommes;#ffc000;Essen;3,5;0;NULL;;2026-05-09 20:58:01;Kellner 5;WAHR;3,5;free;;13
1880;1978;709;ORDER: CREATED - Bestellung erfasst;E7;Soda zitron 0,5;#4fc3f7;Anti;3;0;NULL;;2026-05-09 20:58:13;Kellner 12;WAHR;3;voucher;;
1881;1977;709;ORDER: CREATED - Bestellung erfasst;E7;Soda zitron 0,5;#4fc3f7;Anti;3;0;NULL;;2026-05-09 20:58:13;Kellner 12;WAHR;3;voucher;;
1882;1980;710;ORDER: CREATED - Bestellung erfasst;E3;Sommer spritzer 0,5;#fff176;Alk;4,5;0;NULL;;2026-05-09 20:58:17;Kellner 11;WAHR;4,5;cash;;
1883;1979;710;ORDER: CREATED - Bestellung erfasst;E3;Sommer spritzer 0,5;#fff176;Alk;4,5;0;NULL;;2026-05-09 20:58:17;Kellner 11;WAHR;4,5;cash;;
1884;1981;711;ORDER: CREATED - Bestellung erfasst;B10;Grillwürstel mit Pommes;#8bc34a;Essen;8;0;NULL;;2026-05-09 20:58:33;Kellner 9;WAHR;8;voucher;;34
1885;1983;712;ORDER: CREATED - Bestellung erfasst;H1;Grillwürstel mit Pommes;#8bc34a;Essen;8;0;NULL;;2026-05-09 20:58:57;Kellner 3;WAHR;8;cash;;104
1886;1982;712;ORDER: CREATED - Bestellung erfasst;H1;Grillwürstel mit Pommes;#8bc34a;Essen;8;0;NULL;;2026-05-09 20:58:57;Kellner 3;WAHR;8;cash;;103
1887;1984;713;ORDER: CREATED - Bestellung erfasst;G4;Bier 0,5;#fbc02d;Alk;4,5;0;NULL;;2026-05-09 20:58:59;Kellner 4;WAHR;4,5;cash;;
1888;1985;714;ORDER: CREATED - Bestellung erfasst;D5;Soda zitron 0,5;#4fc3f7;Anti;3;0;NULL;;2026-05-09 20:59:28;Kellner 12;WAHR;3;cash;;
1889;1986;715;ORDER: CREATED - Bestellung erfasst;E8;Sommer spritzer 0,5;#fff176;Alk;4,5;0;NULL;;2026-05-09 20:59:39;Kellner 8;WAHR;4,5;cash;;
1890;1987;716;ORDER: CREATED - Bestellung erfasst;D5;Bier 0,5;#fbc02d;Alk;4,5;0;NULL;;2026-05-09 20:59:49;Kellner 12;WAHR;4,5;cash;;
1891;1988;717;ORDER: CREATED - Bestellung erfasst;C4;Schnitzelsemmerl;#f57f17;Essen;4,5;0;NULL;;2026-05-09 20:59:52;Kellner 11;WAHR;4,5;voucher;;18
1892;1989;718;ORDER: CREATED - Bestellung erfasst;F3;Bier 0,5;#fbc02d;Alk;4,5;0;NULL;;2026-05-09 20:59:52;Kellner 4;WAHR;4,5;cash;;
1893;1991;719;ORDER: CREATED - Bestellung erfasst;H2;Pommes;#ffc000;Essen;3,5;0;NULL;;2026-05-09 20:59:56;Kellner 3;WAHR;3,5;cash;;20
1894;1990;719;ORDER: CREATED - Bestellung erfasst;H2;Schnitzelsemmerl;#f57f17;Essen;4,5;0;NULL;;2026-05-09 20:59:56;Kellner 3;WAHR;4,5;cash;;14
1895;1992;720;ORDER: CREATED - Bestellung erfasst;C1;Bier 0,5;#fbc02d;Alk;4,5;0;NULL;;2026-05-09 21:00:02;Kellner 1;WAHR;4,5;voucher;;
1896;1993;721;ORDER: CREATED - Bestellung erfasst;I8;Radler 0,5;#afb42b;Alk;4,5;0;NULL;;2026-05-09 21:00:11;Kellner 6;WAHR;4,5;cash;;
1897;1995;721;ORDER: CREATED - Bestellung erfasst;I8;Bier 0,5;#fbc02d;Alk;4,5;0;NULL;;2026-05-09 21:00:11;Kellner 6;WAHR;4,5;cash;;
1898;1994;721;ORDER: CREATED - Bestellung erfasst;I8;Bier 0,5;#fbc02d;Alk;4,5;0;NULL;;2026-05-09 21:00:11;Kellner 6;WAHR;4,5;cash;;
1899;1997;722;ORDER: CREATED - Bestellung erfasst;I3;Bier 0,5;#fbc02d;Alk;4,5;0;NULL;;2026-05-09 21:00:33;Kellner 3;WAHR;4,5;cash;;
1900;1996;722;ORDER: CREATED - Bestellung erfasst;I3;Bier 0,5;#fbc02d;Alk;4,5;0;NULL;;2026-05-09 21:00:33;Kellner 3;WAHR;4,5;cash;;
1901;1998;723;ORDER: CREATED - Bestellung erfasst;A4;Bier 0,5;#fbc02d;Alk;4,5;0;NULL;;2026-05-09 21:01:09;Kellner 11;WAHR;4,5;cash;;
1902;2000;724;ORDER: CREATED - Bestellung erfasst;C6;Sommer spritzer 0,5;#fff176;Alk;4,5;0;NULL;;2026-05-09 21:01:14;Kellner 12;WAHR;4,5;cash;;
1903;1999;724;ORDER: CREATED - Bestellung erfasst;C6;Bier 0,5;#fbc02d;Alk;4,5;0;NULL;;2026-05-09 21:01:14;Kellner 12;WAHR;4,5;cash;;
1904;2001;725;ORDER: CREATED - Bestellung erfasst;C6;Bier 0,5;#fbc02d;Alk;4,5;0;NULL;;2026-05-09 21:01:29;Kellner 12;WAHR;4,5;cash;;
1905;2002;726;ORDER: CREATED - Bestellung erfasst;C4;Sommer spritzer 0,5;#fff176;Alk;4,5;0;NULL;;2026-05-09 21:02:01;Kellner 11;WAHR;4,5;cash;;
1906;2003;727;ORDER: CREATED - Bestellung erfasst;G3;Mineral 0,33;#b3e5fc;Anti;2,5;0;NULL;;2026-05-09 21:02:10;Kellner 3;WAHR;2,5;voucher;;
1907;2004;728;ORDER: CREATED - Bestellung erfasst;U1;Sommer spritzer 0,5;#fff176;Alk;4,5;0;NULL;;2026-05-09 21:02:37;Kellner 8;WAHR;4,5;cash;;
1908;2005;728;ORDER: CREATED - Bestellung erfasst;U1;Freibier 0.5;#ffeb3b;Alk;4,5;0;NULL;;2026-05-09 21:02:37;Kellner 8;WAHR;4,5;cash;;
1909;2006;729;ORDER: CREATED - Bestellung erfasst;H3;Sommer spritzer 0,5;#fff176;Alk;4,5;0;NULL;;2026-05-09 21:02:38;Kellner 1;WAHR;4,5;cash;;
1910;2007;729;ORDER: CREATED - Bestellung erfasst;H3;Sommer spritzer 0,5;#fff176;Alk;4,5;0;NULL;;2026-05-09 21:02:38;Kellner 1;WAHR;4,5;cash;;
1911;2009;730;ORDER: CREATED - Bestellung erfasst;B5;Radler 0,5;#afb42b;Alk;4,5;0;NULL;;2026-05-09 21:02:54;Kellner 12;WAHR;4,5;cash;;
1912;2008;730;ORDER: CREATED - Bestellung erfasst;B5;Bier 0,5;#fbc02d;Alk;4,5;0;NULL;;2026-05-09 21:02:54;Kellner 12;WAHR;4,5;cash;;
1913;2010;730;ORDER: CREATED - Bestellung erfasst;B5;Bier 0,5;#fbc02d;Alk;4,5;0;NULL;;2026-05-09 21:02:54;Kellner 12;WAHR;4,5;cash;;
1914;2011;731;ORDER: CREATED - Bestellung erfasst;H4;Sommer spritzer 0,5;#fff176;Alk;4,5;0;NULL;;2026-05-09 21:03:23;Kellner 5;WAHR;4,5;voucher;;
1915;2012;732;ORDER: CREATED - Bestellung erfasst;E2;Bier 0,5;#fbc02d;Alk;4,5;0;NULL;;2026-05-09 21:03:32;Kellner 3;WAHR;4,5;cash;;
1916;2013;732;ORDER: CREATED - Bestellung erfasst;E2;Bier 0,5;#fbc02d;Alk;4,5;0;NULL;;2026-05-09 21:03:32;Kellner 3;WAHR;4,5;cash;;
1917;2014;733;ORDER: CREATED - Bestellung erfasst;C8;Radler 0,5;#afb42b;Alk;4,5;0;NULL;;2026-05-09 21:03:43;Kellner 11;WAHR;4,5;voucher;;
1918;2015;733;ORDER: CREATED - Bestellung erfasst;C8;Sommer spritzer 0,5;#fff176;Alk;4,5;0;NULL;;2026-05-09 21:03:43;Kellner 11;WAHR;4,5;voucher;;
1919;2016;734;ORDER: CREATED - Bestellung erfasst;U7;Backhendl Salat;#4fc3f7;Essen;9;0;NULL;;2026-05-09 21:04:09;Kellner 7;WAHR;9;free;;12
1920;2017;735;ORDER: CREATED - Bestellung erfasst;U7;Almdudler 0,33;#fbc02d;Anti;3;0;NULL;;2026-05-09 21:04:41;Kellner 7;WAHR;3;free;;
1921;2018;736;ORDER: CREATED - Bestellung erfasst;F10;Bier 0,5;#fbc02d;Alk;4,5;0;NULL;;2026-05-09 21:04:54;Kellner 8;WAHR;4,5;cash;;
1922;2019;736;ORDER: CREATED - Bestellung erfasst;F10;Bier 0,5;#fbc02d;Alk;4,5;0;NULL;;2026-05-09 21:04:54;Kellner 8;WAHR;4,5;cash;;
1923;2022;737;ORDER: CREATED - Bestellung erfasst;D10;Bier 0,5;#fbc02d;Alk;4,5;0;NULL;;2026-05-09 21:07:11;Kellner 8;WAHR;4,5;voucher;;
1924;2020;737;ORDER: CREATED - Bestellung erfasst;D10;Bier 0,5;#fbc02d;Alk;4,5;0;NULL;;2026-05-09 21:07:11;Kellner 8;WAHR;4,5;voucher;;
1925;2021;737;ORDER: CREATED - Bestellung erfasst;D10;Bier 0,5;#fbc02d;Alk;4,5;0;NULL;;2026-05-09 21:07:11;Kellner 8;WAHR;4,5;voucher;;
1926;2023;738;ORDER: CREATED - Bestellung erfasst;D7;Sommer spritzer 0,5;#fff176;Alk;4,5;0;NULL;;2026-05-09 21:07:44;Kellner 11;WAHR;4,5;cash;;
1927;2024;738;ORDER: CREATED - Bestellung erfasst;D7;Sommer spritzer 0,5;#fff176;Alk;4,5;0;NULL;;2026-05-09 21:07:44;Kellner 11;WAHR;4,5;cash;;
1928;2025;739;ORDER: CREATED - Bestellung erfasst;B7;Radler 0,5;#afb42b;Alk;4,5;0;NULL;;2026-05-09 21:08:04;Kellner 6;WAHR;4,5;cash;;
1929;2026;739;ORDER: CREATED - Bestellung erfasst;B7;Radler 0,5;#afb42b;Alk;4,5;0;NULL;;2026-05-09 21:08:04;Kellner 6;WAHR;4,5;cash;;
1930;2027;740;ORDER: CREATED - Bestellung erfasst;D6;Bier 0,5;#fbc02d;Alk;4,5;0;NULL;;2026-05-09 21:08:19;Kellner 12;WAHR;4,5;cash;;
1931;2028;741;ORDER: CREATED - Bestellung erfasst;D4;Bier 0,5;#fbc02d;Alk;4,5;0;NULL;;2026-05-09 21:08:32;Kellner 1;WAHR;4,5;cash;;
1932;2029;741;ORDER: CREATED - Bestellung erfasst;D4;Bier 0,5;#fbc02d;Alk;4,5;0;NULL;;2026-05-09 21:08:32;Kellner 1;WAHR;4,5;cash;;
1933;2030;742;ORDER: CREATED - Bestellung erfasst;B8;Sommer spritzer 0,5;#fff176;Alk;4,5;0;NULL;;2026-05-09 21:08:56;Kellner 6;WAHR;4,5;cash;;
1934;2031;743;ORDER: CREATED - Bestellung erfasst;D4;Sommer spritzer 0,5;#fff176;Alk;4,5;0;NULL;;2026-05-09 21:09:04;Kellner 1;WAHR;4,5;cash;;
1935;2032;744;ORDER: CREATED - Bestellung erfasst;F1;Bier 0,5;#fbc02d;Alk;4,5;0;NULL;;2026-05-09 21:09:07;Kellner 3;WAHR;4,5;cash;;
1936;2033;744;ORDER: CREATED - Bestellung erfasst;F1;Soda zitron 0,5;#4fc3f7;Anti;3;0;NULL;;2026-05-09 21:09:07;Kellner 3;WAHR;3;cash;;
1937;2034;745;ORDER: CREATED - Bestellung erfasst;F8;Bier 0,5;#fbc02d;Alk;4,5;0;NULL;;2026-05-09 21:09:35;Kellner 10;WAHR;4,5;cash;;
1938;2035;745;ORDER: CREATED - Bestellung erfasst;F8;Bier 0,5;#fbc02d;Alk;4,5;0;NULL;;2026-05-09 21:09:35;Kellner 10;WAHR;4,5;cash;;
1939;2036;745;ORDER: CREATED - Bestellung erfasst;F8;Sommer spritzer 0,5;#fff176;Alk;4,5;0;NULL;;2026-05-09 21:09:35;Kellner 10;WAHR;4,5;cash;;
1940;2037;746;ORDER: CREATED - Bestellung erfasst;E4;Cola 0,33;#004d40;Anti;3;0;NULL;;2026-05-09 21:10:16;Kellner 1;WAHR;3;cash;;
1941;2038;747;ORDER: CREATED - Bestellung erfasst;F8;Radler 0,5;#afb42b;Alk;4,5;0;NULL;;2026-05-09 21:10:28;Kellner 10;WAHR;4,5;cash;;
1942;2039;748;ORDER: CREATED - Bestellung erfasst;A4;Bier 0,5;#fbc02d;Alk;4,5;0;NULL;;2026-05-09 21:10:44;Kellner 3;WAHR;4,5;voucher;;
1943;2040;749;ORDER: CREATED - Bestellung erfasst;C5;Bier 0,5;#fbc02d;Alk;4,5;0;NULL;;2026-05-09 21:11:02;Kellner 12;WAHR;4,5;cash;;
1944;2041;749;ORDER: CREATED - Bestellung erfasst;C5;Soda zitron 0,5;#4fc3f7;Anti;3;0;NULL;;2026-05-09 21:11:02;Kellner 12;WAHR;3;cash;;
1945;2042;750;ORDER: CREATED - Bestellung erfasst;F6;Radler sauer 0,5;#aed581;Alk;4,5;0;NULL;;2026-05-09 21:11:15;Kellner 6;WAHR;4,5;free;;
1946;2043;750;ORDER: CREATED - Bestellung erfasst;F6;Radler 0,5;#afb42b;Alk;4,5;0;NULL;;2026-05-09 21:11:15;Kellner 6;WAHR;4,5;free;;
1947;2044;750;ORDER: CREATED - Bestellung erfasst;F6;Kaffee;#bf360c;Anti;3;0;NULL;;2026-05-09 21:11:15;Kellner 6;WAHR;3;free;;
1948;2045;751;ORDER: CREATED - Bestellung erfasst;C5;Freibier 0.5;#ffeb3b;Alk;4,5;0;NULL;;2026-05-09 21:11:15;Kellner 12;WAHR;4,5;cash;;
1949;2046;752;ORDER: CREATED - Bestellung erfasst;C5;Freibier 0.5;#ffeb3b;Alk;4,5;0;NULL;;2026-05-09 21:11:28;Kellner 12;WAHR;4,5;cash;;
1950;2047;753;ORDER: CREATED - Bestellung erfasst;E2;Sommer spritzer 0,5;#fff176;Alk;4,5;0;NULL;;2026-05-09 21:11:31;Kellner 1;WAHR;4,5;voucher;;
1951;2048;754;ORDER: CREATED - Bestellung erfasst;A2;Bier 0,5;#fbc02d;Alk;4,5;0;NULL;;2026-05-09 21:11:56;Kellner 1;WAHR;4,5;cash;;
1952;2049;754;ORDER: CREATED - Bestellung erfasst;A2;Bier 0,5;#fbc02d;Alk;4,5;0;NULL;;2026-05-09 21:11:56;Kellner 1;WAHR;4,5;cash;;
1953;2050;755;ORDER: CREATED - Bestellung erfasst;H2;Sommer spritzer 0,5;#fff176;Alk;4,5;0;NULL;;2026-05-09 21:12:20;Kellner 3;WAHR;4,5;cash;;
1954;2051;756;ORDER: CREATED - Bestellung erfasst;E6;Sommer spritzer 0,5;#fff176;Alk;4,5;0;NULL;;2026-05-09 21:12:29;Kellner 12;WAHR;4,5;voucher;;
1955;2052;757;ORDER: CREATED - Bestellung erfasst;A2;Bier 0,5;#fbc02d;Alk;4,5;0;NULL;;2026-05-09 21:12:44;Kellner 1;WAHR;4,5;cash;;
1956;2053;758;ORDER: CREATED - Bestellung erfasst;G2;Soda zitron 0,5;#4fc3f7;Anti;3;0;NULL;;2026-05-09 21:12:53;Kellner 3;WAHR;3;cash;;
1957;2054;759;ORDER: CREATED - Bestellung erfasst;D10;Cola 0,33;#004d40;Anti;3;0;NULL;;2026-05-09 21:13:01;Kellner 2;WAHR;3;voucher;;
1958;2055;760;ORDER: CREATED - Bestellung erfasst;A1;Bier 0,5;#fbc02d;Alk;4,5;0;NULL;;2026-05-09 21:13:31;Kellner 1;WAHR;4,5;cash;;
1959;2056;760;ORDER: CREATED - Bestellung erfasst;A1;Bier 0,5;#fbc02d;Alk;4,5;0;NULL;;2026-05-09 21:13:31;Kellner 1;WAHR;4,5;cash;;
1960;2057;760;ORDER: CREATED - Bestellung erfasst;A1;Bier 0,5;#fbc02d;Alk;4,5;0;NULL;;2026-05-09 21:13:31;Kellner 1;WAHR;4,5;cash;;
1961;2058;761;ORDER: CREATED - Bestellung erfasst;G8;Sommer spritzer 0,5;#fff176;Alk;4,5;0;NULL;;2026-05-09 21:13:41;Kellner 6;WAHR;4,5;cash;;
1962;2059;761;ORDER: CREATED - Bestellung erfasst;G8;Sommer spritzer 0,5;#fff176;Alk;4,5;0;NULL;;2026-05-09 21:13:41;Kellner 6;WAHR;4,5;cash;;
1963;2060;761;ORDER: CREATED - Bestellung erfasst;G8;Sommer spritzer 0,5;#fff176;Alk;4,5;0;NULL;;2026-05-09 21:13:41;Kellner 6;WAHR;4,5;cash;;
1964;2061;762;ORDER: CREATED - Bestellung erfasst;E8;Pommes;#ffc000;Essen;3,5;0;NULL;;2026-05-09 21:13:57;Kellner 4;WAHR;3,5;cash;;18
1965;2062;763;ORDER: CREATED - Bestellung erfasst;F7;Bier 0,5;#fbc02d;Alk;4,5;0;NULL;;2026-05-09 21:14:34;Kellner 8;WAHR;4,5;cash;;
1966;2063;763;ORDER: CREATED - Bestellung erfasst;F7;Bier 0,5;#fbc02d;Alk;4,5;0;NULL;;2026-05-09 21:14:34;Kellner 8;WAHR;4,5;cash;;
1967;2064;764;ORDER: CREATED - Bestellung erfasst;A1;Bier 0,5;#fbc02d;Alk;4,5;0;NULL;;2026-05-09 21:14:43;Kellner 1;WAHR;4,5;cash;;
1968;2065;764;ORDER: CREATED - Bestellung erfasst;A1;Sommer spritzer 0,5;#fff176;Alk;4,5;0;NULL;;2026-05-09 21:14:43;Kellner 1;WAHR;4,5;cash;;
1969;2066;765;ORDER: CREATED - Bestellung erfasst;E7;Bier 0,5;#fbc02d;Alk;4,5;0;NULL;;2026-05-09 21:14:51;Kellner 4;WAHR;4,5;cash;;
1970;2067;766;ORDER: CREATED - Bestellung erfasst;I8;Radler 0,5;#afb42b;Alk;4,5;0;NULL;;2026-05-09 21:15:14;Kellner 6;WAHR;4,5;cash;;
1971;2068;767;ORDER: CREATED - Bestellung erfasst;B1;Bier 0,5;#fbc02d;Alk;4,5;0;NULL;;2026-05-09 21:15:16;Kellner 1;WAHR;4,5;cash;;
1972;2069;768;ORDER: CREATED - Bestellung erfasst;C4;Bier 0,5;#fbc02d;Alk;4,5;0;NULL;;2026-05-09 21:16:00;Kellner 11;WAHR;4,5;cash;;
1973;2070;768;ORDER: CREATED - Bestellung erfasst;C4;Bier 0,5;#fbc02d;Alk;4,5;0;NULL;;2026-05-09 21:16:00;Kellner 11;WAHR;4,5;cash;;
1974;2071;768;ORDER: CREATED - Bestellung erfasst;C4;Bier 0,5;#fbc02d;Alk;4,5;0;NULL;;2026-05-09 21:16:00;Kellner 11;WAHR;4,5;cash;;
1975;2072;768;ORDER: CREATED - Bestellung erfasst;C4;Bier 0,5;#fbc02d;Alk;4,5;0;NULL;;2026-05-09 21:16:00;Kellner 11;WAHR;4,5;cash;;
1976;2073;769;ORDER: CREATED - Bestellung erfasst;I6;Bier 0,5;#fbc02d;Alk;4,5;0;NULL;;2026-05-09 21:16:22;Kellner 6;WAHR;4,5;voucher;;
1977;2074;769;ORDER: CREATED - Bestellung erfasst;I6;Radler 0,5;#afb42b;Alk;4,5;0;NULL;;2026-05-09 21:16:22;Kellner 6;WAHR;4,5;cash;;
1978;2075;769;ORDER: CREATED - Bestellung erfasst;I6;Radler 0,5;#afb42b;Alk;4,5;0;NULL;;2026-05-09 21:16:22;Kellner 6;WAHR;4,5;voucher;;
1979;2076;769;ORDER: CREATED - Bestellung erfasst;I6;Sommer spritzer 0,5;#fff176;Alk;4,5;0;NULL;;2026-05-09 21:16:22;Kellner 6;WAHR;4,5;cash;;
1980;2077;769;ORDER: CREATED - Bestellung erfasst;I6;Bier 0,5;#fbc02d;Alk;4,5;0;NULL;;2026-05-09 21:16:22;Kellner 6;WAHR;4,5;voucher;;
1981;2078;770;ORDER: CREATED - Bestellung erfasst;E5;Bier 0,5;#fbc02d;Alk;4,5;0;NULL;;2026-05-09 21:16:28;Kellner 1;WAHR;4,5;voucher;;
1982;2079;771;ORDER: CREATED - Bestellung erfasst;F10;Bier 0,5;#fbc02d;Alk;4,5;0;NULL;;2026-05-09 21:16:45;Kellner 10;WAHR;4,5;cash;;
1983;2080;771;ORDER: CREATED - Bestellung erfasst;F10;Bier 0,5;#fbc02d;Alk;4,5;0;NULL;;2026-05-09 21:16:45;Kellner 10;WAHR;4,5;cash;;
1984;2081;771;ORDER: CREATED - Bestellung erfasst;F10;Bier 0,5;#fbc02d;Alk;4,5;0;NULL;;2026-05-09 21:16:45;Kellner 10;WAHR;4,5;cash;;
1985;2082;772;ORDER: CREATED - Bestellung erfasst;A1;Bier 0,5;#fbc02d;Alk;4,5;0;NULL;;2026-05-09 21:17:39;Abholstation;WAHR;4,5;cash;;
1986;2083;772;ORDER: CREATED - Bestellung erfasst;A1;Bier 0,5;#fbc02d;Alk;4,5;0;NULL;;2026-05-09 21:17:39;Abholstation;WAHR;4,5;cash;;
1987;2084;773;ORDER: CREATED - Bestellung erfasst;I5;Sommer spritzer 0,5;#fff176;Alk;4,5;0;NULL;;2026-05-09 21:18:06;Kellner 12;WAHR;4,5;voucher;;
1988;2085;774;ORDER: CREATED - Bestellung erfasst;I5;Bier 0,5;#fbc02d;Alk;4,5;0;NULL;;2026-05-09 21:18:37;Kellner 12;WAHR;4,5;voucher;;
1989;2086;774;ORDER: CREATED - Bestellung erfasst;I5;Bier 0,5;#fbc02d;Alk;4,5;0;NULL;;2026-05-09 21:18:37;Kellner 12;WAHR;4,5;voucher;;
1990;2087;775;ORDER: CREATED - Bestellung erfasst;H4;Soda zitron 0,5;#4fc3f7;Anti;3;0;NULL;;2026-05-09 21:18:38;Kellner 6;WAHR;3;voucher;;
1991;2088;775;ORDER: CREATED - Bestellung erfasst;H4;Sommer spritzer 0,5;#fff176;Alk;4,5;0;NULL;;2026-05-09 21:18:38;Kellner 6;WAHR;4,5;voucher;;
1992;2089;776;ORDER: CREATED - Bestellung erfasst;D10;Cola 0,33;#004d40;Anti;3;0;NULL;;2026-05-09 21:18:41;Kellner 4;WAHR;3;voucher;;
1993;2090;776;ORDER: CREATED - Bestellung erfasst;D10;Cola 0,33;#004d40;Anti;3;0;NULL;;2026-05-09 21:18:41;Kellner 4;WAHR;3;voucher;;
1994;2091;777;ORDER: CREATED - Bestellung erfasst;E10;Sommer spritzer 0,5;#fff176;Alk;4,5;0;NULL;;2026-05-09 21:18:56;Kellner 10;WAHR;4,5;cash;;
1995;2092;777;ORDER: CREATED - Bestellung erfasst;E10;Sommer spritzer 0,5;#fff176;Alk;4,5;0;NULL;;2026-05-09 21:18:56;Kellner 10;WAHR;4,5;cash;;
1996;2093;778;ORDER: CREATED - Bestellung erfasst;E2;Bier 0,5;#fbc02d;Alk;4,5;0;NULL;;2026-05-09 21:19:01;Kellner 2;WAHR;4,5;cash;;
1997;2094;778;ORDER: CREATED - Bestellung erfasst;E2;Sommer spritzer 0,5;#fff176;Alk;4,5;0;NULL;;2026-05-09 21:19:01;Kellner 2;WAHR;4,5;cash;;
1998;2095;779;ORDER: CREATED - Bestellung erfasst;C8;Bier 0,5;#fbc02d;Alk;4,5;0;NULL;;2026-05-09 21:19:09;Kellner 11;WAHR;4,5;voucher;;
1999;2096;780;ORDER: CREATED - Bestellung erfasst;E4;Bier 0,5;#fbc02d;Alk;4,5;0;NULL;;2026-05-09 21:20:02;Kellner 3;WAHR;4,5;cash;;
2000;2097;781;ORDER: CREATED - Bestellung erfasst;B8;Cola 0,33;#004d40;Anti;3;0;NULL;;2026-05-09 21:20:07;Kellner 11;WAHR;3;cash;;
2001;2098;782;ORDER: CREATED - Bestellung erfasst;C1;Bier 0,5;#fbc02d;Alk;4,5;0;NULL;;2026-05-09 21:20:14;Kellner 2;WAHR;4,5;cash;;
2002;2099;782;ORDER: CREATED - Bestellung erfasst;C1;Bier 0,5;#fbc02d;Alk;4,5;0;NULL;;2026-05-09 21:20:14;Kellner 2;WAHR;4,5;cash;;
2003;2100;783;ORDER: CREATED - Bestellung erfasst;B7;Bier 0,5;#fbc02d;Alk;4,5;0;NULL;;2026-05-09 21:20:34;Kellner 6;WAHR;4,5;cash;;
2004;2101;783;ORDER: CREATED - Bestellung erfasst;B7;Bier 0,5;#fbc02d;Alk;4,5;0;NULL;;2026-05-09 21:20:34;Kellner 6;WAHR;4,5;cash;;
2005;2102;784;ORDER: CREATED - Bestellung erfasst;F4;Mineral 0,33;#b3e5fc;Anti;2,5;0;NULL;;2026-05-09 21:20:45;Kellner 3;WAHR;2,5;cash;;
2006;2103;784;ORDER: CREATED - Bestellung erfasst;F4;Mineral 0,33;#b3e5fc;Anti;2,5;0;NULL;;2026-05-09 21:20:45;Kellner 3;WAHR;2,5;cash;;
2007;2104;785;ORDER: CREATED - Bestellung erfasst;C6;Bier 0,5;#fbc02d;Alk;4,5;0;NULL;;2026-05-09 21:21:14;Kellner 6;WAHR;4,5;voucher;;
2008;2107;786;ORDER: CREATED - Bestellung erfasst;H10;Sommer spritzer 0,5;#fff176;Alk;4,5;0;NULL;;2026-05-09 21:21:38;Kellner 10;WAHR;4,5;voucher;;
2009;2105;786;ORDER: CREATED - Bestellung erfasst;H10;Radler 0,5;#afb42b;Alk;4,5;0;NULL;;2026-05-09 21:21:38;Kellner 10;WAHR;4,5;cash;;
2010;2106;786;ORDER: CREATED - Bestellung erfasst;H10;Sommer spritzer 0,5;#fff176;Alk;4,5;0;NULL;;2026-05-09 21:21:38;Kellner 10;WAHR;4,5;voucher;;
2011;2108;787;ORDER: CREATED - Bestellung erfasst;G8;Bier 0,5;#fbc02d;Alk;4,5;0;NULL;;2026-05-09 21:22:33;Kellner 11;WAHR;4,5;cash;;
2012;2109;787;ORDER: CREATED - Bestellung erfasst;G8;Mineral 0,33;#b3e5fc;Anti;2,5;0;NULL;;2026-05-09 21:22:33;Kellner 11;WAHR;2,5;cash;;
2013;2110;788;ORDER: CREATED - Bestellung erfasst;H9;Cola 0,33;#004d40;Anti;3;0;NULL;;2026-05-09 21:22:35;Kellner 6;WAHR;3;cash;;
2014;2111;789;ORDER: CREATED - Bestellung erfasst;G10;Sommer spritzer 0,5;#fff176;Alk;4,5;0;NULL;;2026-05-09 21:22:36;Kellner 10;WAHR;4,5;voucher;;
2015;2112;790;ORDER: CREATED - Bestellung erfasst;H8;Bier 0,5;#fbc02d;Alk;4,5;0;NULL;;2026-05-09 21:23:08;Kellner 6;WAHR;4,5;voucher;;
2016;2113;791;ORDER: CREATED - Bestellung erfasst;E1;Bier 0,5;#fbc02d;Alk;4,5;0;NULL;;2026-05-09 21:23:40;Kellner 3;WAHR;4,5;cash;;
2017;2114;792;ORDER: CREATED - Bestellung erfasst;G7;Bier 0,5;#fbc02d;Alk;4,5;0;NULL;;2026-05-09 21:23:54;Kellner 4;WAHR;4,5;cash;;
2018;2115;793;ORDER: CREATED - Bestellung erfasst;E2;Bier 0,5;#fbc02d;Alk;4,5;0;NULL;;2026-05-09 21:23:54;Kellner 3;WAHR;4,5;cash;;
2019;2116;794;ORDER: CREATED - Bestellung erfasst;F7;Bier 0,5;#fbc02d;Alk;4,5;0;NULL;;2026-05-09 21:23:56;Kellner 6;WAHR;4,5;cash;;
2020;2117;795;ORDER: CREATED - Bestellung erfasst;E8;Sommer spritzer 0,5;#fff176;Alk;4,5;0;NULL;;2026-05-09 21:24:07;Kellner 11;WAHR;4,5;cash;;
2021;2118;795;ORDER: CREATED - Bestellung erfasst;E8;Cola 0,33;#004d40;Anti;3;0;NULL;;2026-05-09 21:24:07;Kellner 11;WAHR;3;cash;;
2022;2119;796;ORDER: CREATED - Bestellung erfasst;C3;Bier 0,5;#fbc02d;Alk;4,5;0;NULL;;2026-05-09 21:24:39;Kellner 8;WAHR;4,5;voucher;;
2023;2120;796;ORDER: CREATED - Bestellung erfasst;C3;Bier 0,5;#fbc02d;Alk;4,5;0;NULL;;2026-05-09 21:24:39;Kellner 8;WAHR;4,5;voucher;;
2024;2121;796;ORDER: CREATED - Bestellung erfasst;C3;Bier 0,5;#fbc02d;Alk;4,5;0;NULL;;2026-05-09 21:24:39;Kellner 8;WAHR;4,5;voucher;;
2025;2122;797;ORDER: CREATED - Bestellung erfasst;B10;Sommer spritzer 0,5;#fff176;Alk;4,5;0;NULL;;2026-05-09 21:24:52;Kellner 5;WAHR;4,5;cash;;
2026;2123;798;ORDER: CREATED - Bestellung erfasst;E3;Sommer spritzer 0,5;#fff176;Alk;4,5;0;NULL;;2026-05-09 21:25:09;Kellner 3;WAHR;4,5;cash;;
2027;2124;798;ORDER: CREATED - Bestellung erfasst;E3;Sommer spritzer 0,5;#fff176;Alk;4,5;0;NULL;;2026-05-09 21:25:09;Kellner 3;WAHR;4,5;cash;;
2028;2125;798;ORDER: CREATED - Bestellung erfasst;E3;Sommer spritzer 0,5;#fff176;Alk;4,5;0;NULL;;2026-05-09 21:25:09;Kellner 3;WAHR;4,5;cash;;
2029;2126;798;ORDER: CREATED - Bestellung erfasst;E3;Sommer spritzer 0,5;#fff176;Alk;4,5;0;NULL;;2026-05-09 21:25:09;Kellner 3;WAHR;4,5;cash;;
2030;2127;799;ORDER: CREATED - Bestellung erfasst;C9;Bier 0,5;#fbc02d;Alk;4,5;0;NULL;;2026-05-09 21:25:29;Kellner 8;WAHR;4,5;cash;;
2031;2128;800;ORDER: CREATED - Bestellung erfasst;D1;Sommer spritzer 0,5;#fff176;Alk;4,5;0;NULL;;2026-05-09 21:25:38;Kellner 4;WAHR;4,5;cash;;
2032;2129;801;ORDER: CREATED - Bestellung erfasst;D8;Bier 0,5;#fbc02d;Alk;4,5;0;NULL;;2026-05-09 21:25:57;Kellner 11;WAHR;4,5;voucher;;
2033;2130;802;ORDER: CREATED - Bestellung erfasst;C10;Bier 0,5;#fbc02d;Alk;4,5;0;NULL;;2026-05-09 21:26:03;Kellner 5;WAHR;4,5;cash;;
2034;2131;802;ORDER: CREATED - Bestellung erfasst;C10;Sommer spritzer 0,5;#fff176;Alk;4,5;0;NULL;;2026-05-09 21:26:03;Kellner 5;WAHR;4,5;cash;;
2035;2132;802;ORDER: CREATED - Bestellung erfasst;C10;Sommer spritzer 0,5;#fff176;Alk;4,5;0;NULL;;2026-05-09 21:26:03;Kellner 5;WAHR;4,5;cash;;
2036;2133;803;ORDER: CREATED - Bestellung erfasst;D8;Soda zitron 0,5;#4fc3f7;Anti;3;0;NULL;;2026-05-09 21:26:29;Kellner 11;WAHR;3;voucher;;
2037;2134;804;ORDER: CREATED - Bestellung erfasst;C10;Almdudler 0,33;#fbc02d;Anti;3;0;NULL;;2026-05-09 21:26:45;Kellner 5;WAHR;3;cash;;
2038;2135;805;ORDER: CREATED - Bestellung erfasst;D8;Cola 0,33;#004d40;Anti;3;0;NULL;;2026-05-09 21:26:58;Kellner 11;WAHR;3;voucher;;
2039;2136;805;ORDER: CREATED - Bestellung erfasst;D8;Cola 0,33;#004d40;Anti;3;0;NULL;;2026-05-09 21:26:58;Kellner 11;WAHR;3;voucher;;
2040;2137;805;ORDER: CREATED - Bestellung erfasst;D8;Limo Orange 0,33;#ffc107;Anti;3;0;NULL;;2026-05-09 21:26:58;Kellner 11;WAHR;3;voucher;;
2041;2138;806;ORDER: CREATED - Bestellung erfasst;I5;Bier 0,5;#fbc02d;Alk;4,5;0;NULL;;2026-05-09 21:27:00;Kellner 4;WAHR;4,5;cash;;
2042;2139;807;ORDER: CREATED - Bestellung erfasst;I5;Bier 0,5;#fbc02d;Alk;4,5;0;NULL;;2026-05-09 21:27:17;Kellner 4;WAHR;4,5;voucher;;
2043;2140;808;ORDER: CREATED - Bestellung erfasst;E3;Sommer spritzer 0,5;#fff176;Alk;4,5;0;NULL;;2026-05-09 21:27:42;Kellner 7;WAHR;4,5;cash;;
2044;2141;809;ORDER: CREATED - Bestellung erfasst;C9;Bier 0,5;#fbc02d;Alk;4,5;0;NULL;;2026-05-09 21:27:43;Kellner 11;WAHR;4,5;cash;;
2045;2142;810;ORDER: CREATED - Bestellung erfasst;E10;Soda zitron 0,5;#4fc3f7;Anti;3;0;NULL;;2026-05-09 21:27:52;Kellner 5;WAHR;3;cash;;
2046;2143;811;ORDER: CREATED - Bestellung erfasst;C7;Bier 0,5;#fbc02d;Alk;4,5;0;NULL;;2026-05-09 21:28:02;Kellner 1;WAHR;4,5;cash;;
2047;2144;811;ORDER: CREATED - Bestellung erfasst;C7;Bier 0,5;#fbc02d;Alk;4,5;0;NULL;;2026-05-09 21:28:02;Kellner 1;WAHR;4,5;cash;;
2048;2145;812;ORDER: CREATED - Bestellung erfasst;B6;Radler 0,5;#afb42b;Alk;4,5;0;NULL;;2026-05-09 21:28:08;Kellner 2;WAHR;4,5;cash;;
2049;2146;813;ORDER: CREATED - Bestellung erfasst;E3;Sommer spritzer 0,5;#fff176;Alk;4,5;0;NULL;;2026-05-09 21:28:10;Kellner 7;WAHR;4,5;cash;;
2050;2147;814;ORDER: CREATED - Bestellung erfasst;H10;Bier 0,5;#fbc02d;Alk;4,5;0;NULL;;2026-05-09 21:28:15;Kellner 6;WAHR;4,5;cash;;
2051;2148;814;ORDER: CREATED - Bestellung erfasst;H10;Bier 0,5;#fbc02d;Alk;4,5;0;NULL;;2026-05-09 21:28:15;Kellner 6;WAHR;4,5;cash;;
2052;2149;815;ORDER: CREATED - Bestellung erfasst;F9;Pommes;#ffc000;Essen;3,5;0;NULL;;2026-05-09 21:28:16;Kellner 4;WAHR;3,5;cash;;20
2053;2150;815;ORDER: CREATED - Bestellung erfasst;F9;Pommes;#ffc000;Essen;3,5;0;NULL;;2026-05-09 21:28:16;Kellner 4;WAHR;3,5;cash;;20
2054;2151;816;ORDER: CREATED - Bestellung erfasst;D9;Bier 0,5;#fbc02d;Alk;4,5;0;NULL;;2026-05-09 21:28:18;Kellner 11;WAHR;4,5;voucher;;
2055;2152;816;ORDER: CREATED - Bestellung erfasst;D9;Bier 0,5;#fbc02d;Alk;4,5;0;NULL;;2026-05-09 21:28:18;Kellner 11;WAHR;4,5;voucher;;
2056;2153;817;ORDER: CREATED - Bestellung erfasst;F9;Bier 0,5;#fbc02d;Alk;4,5;0;NULL;;2026-05-09 21:28:33;Kellner 4;WAHR;4,5;cash;;
2057;2154;818;ORDER: CREATED - Bestellung erfasst;B9;Bier 0,5;#fbc02d;Alk;4,5;0;NULL;;2026-05-09 21:28:47;Kellner 1;WAHR;4,5;cash;;
2058;2155;818;ORDER: CREATED - Bestellung erfasst;B9;Bier 0,5;#fbc02d;Alk;4,5;0;NULL;;2026-05-09 21:28:47;Kellner 1;WAHR;4,5;cash;;
2059;2156;818;ORDER: CREATED - Bestellung erfasst;B9;Bier 0,5;#fbc02d;Alk;4,5;0;NULL;;2026-05-09 21:28:47;Kellner 1;WAHR;4,5;cash;;
2060;2157;818;ORDER: CREATED - Bestellung erfasst;B9;Sommer spritzer 0,5;#fff176;Alk;4,5;0;NULL;;2026-05-09 21:28:47;Kellner 1;WAHR;4,5;cash;;
2061;2158;819;ORDER: CREATED - Bestellung erfasst;B9;Bier 0,5;#fbc02d;Alk;4,5;0;NULL;;2026-05-09 21:29:28;Kellner 1;WAHR;4,5;voucher;;
2062;2159;819;ORDER: CREATED - Bestellung erfasst;B9;Bier 0,5;#fbc02d;Alk;4,5;0;NULL;;2026-05-09 21:29:28;Kellner 1;WAHR;4,5;voucher;;
2063;2160;820;ORDER: CREATED - Bestellung erfasst;E5;Cola 0,33;#004d40;Anti;3;0;NULL;;2026-05-09 21:29:59;Kellner 11;WAHR;3;cash;;
2064;2161;821;ORDER: CREATED - Bestellung erfasst;C7;Soda zitron 0,5;#4fc3f7;Anti;3;0;NULL;;2026-05-09 21:30:55;Kellner 2;WAHR;3;voucher;;
2065;2162;822;ORDER: CREATED - Bestellung erfasst;F9;Bier 0,5;#fbc02d;Alk;4,5;0;NULL;;2026-05-09 21:31:13;Kellner 4;WAHR;4,5;cash;;
2066;2163;823;ORDER: CREATED - Bestellung erfasst;D10;Sommer spritzer 0,5;#fff176;Alk;4,5;0;NULL;;2026-05-09 21:31:29;Kellner 1;WAHR;4,5;cash;;
2067;2164;823;ORDER: CREATED - Bestellung erfasst;D10;Sommer spritzer 0,5;#fff176;Alk;4,5;0;NULL;;2026-05-09 21:31:29;Kellner 1;WAHR;4,5;cash;;
2068;2165;824;ORDER: CREATED - Bestellung erfasst;F9;Sommer spritzer 0,5;#fff176;Alk;4,5;0;NULL;;2026-05-09 21:31:46;Kellner 4;WAHR;4,5;cash;;
2069;2166;825;ORDER: CREATED - Bestellung erfasst;F8;Bier 0,5;#fbc02d;Alk;4,5;0;NULL;;2026-05-09 21:32:05;Kellner 6;WAHR;4,5;cash;;
2070;2167;825;ORDER: CREATED - Bestellung erfasst;F8;Bier 0,5;#fbc02d;Alk;4,5;0;NULL;;2026-05-09 21:32:05;Kellner 6;WAHR;4,5;cash;;
2071;2168;825;ORDER: CREATED - Bestellung erfasst;F8;Bier 0,5;#fbc02d;Alk;4,5;0;NULL;;2026-05-09 21:32:05;Kellner 6;WAHR;4,5;cash;;
2072;2169;826;ORDER: CREATED - Bestellung erfasst;C5;Bier 0,5;#fbc02d;Alk;4,5;0;NULL;;2026-05-09 21:32:47;Kellner 11;WAHR;4,5;cash;;
2073;2170;826;ORDER: CREATED - Bestellung erfasst;C5;Sommer spritzer 0,5;#fff176;Alk;4,5;0;NULL;;2026-05-09 21:32:47;Kellner 11;WAHR;4,5;cash;;
2074;2171;826;ORDER: CREATED - Bestellung erfasst;C5;Sommer spritzer 0,5;#fff176;Alk;4,5;0;NULL;;2026-05-09 21:32:47;Kellner 11;WAHR;4,5;cash;;
2075;2172;827;ORDER: CREATED - Bestellung erfasst;F7;Bier 0,5;#fbc02d;Alk;4,5;0;NULL;;2026-05-09 21:32:52;Kellner 6;WAHR;4,5;cash;;
2076;2173;828;ORDER: CREATED - Bestellung erfasst;E8;Bier 0,5;#fbc02d;Alk;4,5;0;NULL;;2026-05-09 21:33:07;Kellner 4;WAHR;4,5;cash;;
2077;2174;829;ORDER: CREATED - Bestellung erfasst;G7;Schnitzelsemmerl;#f57f17;Essen;4,5;0;NULL;;2026-05-09 21:33:18;Kellner 5;WAHR;4,5;cash;;59
2078;2175;830;ORDER: CREATED - Bestellung erfasst;E10;Mineral 0,33;#b3e5fc;Anti;2,5;0;NULL;;2026-05-09 21:33:26;Kellner 2;WAHR;2,5;cash;;
2079;2176;831;ORDER: CREATED - Bestellung erfasst;H9;Bier 0,5;#fbc02d;Alk;4,5;0;NULL;;2026-05-09 21:33:35;Kellner 6;WAHR;4,5;voucher;;
2080;2177;831;ORDER: CREATED - Bestellung erfasst;H9;Bier 0,5;#fbc02d;Alk;4,5;0;NULL;;2026-05-09 21:33:35;Kellner 6;WAHR;4,5;voucher;;
2081;2178;831;ORDER: CREATED - Bestellung erfasst;H9;Bier 0,5;#fbc02d;Alk;4,5;0;NULL;;2026-05-09 21:33:35;Kellner 6;WAHR;4,5;voucher;;
2082;2179;832;ORDER: CREATED - Bestellung erfasst;B5;Soda zitron 0,5;#4fc3f7;Anti;3;0;NULL;;2026-05-09 21:33:45;Kellner 12;WAHR;3;cash;;
2083;2180;833;ORDER: CREATED - Bestellung erfasst;E7;Bier 0,5;#fbc02d;Alk;4,5;0;NULL;;2026-05-09 21:33:51;Kellner 8;WAHR;4,5;cash;;
2084;2181;833;ORDER: CREATED - Bestellung erfasst;E7;Bier 0,5;#fbc02d;Alk;4,5;0;NULL;;2026-05-09 21:33:51;Kellner 8;WAHR;4,5;cash;;
2085;2182;834;ORDER: CREATED - Bestellung erfasst;B10;Bier 0,5;#fbc02d;Alk;4,5;0;NULL;;2026-05-09 21:34:02;Kellner 7;WAHR;4,5;voucher;;
2086;2183;835;ORDER: CREATED - Bestellung erfasst;C1;Sommer spritzer 0,5;#fff176;Alk;4,5;0;NULL;;2026-05-09 21:34:14;Kellner 4;WAHR;4,5;cash;;
2087;2184;836;ORDER: CREATED - Bestellung erfasst;I6;Bier 0,5;#fbc02d;Alk;4,5;0;NULL;;2026-05-09 21:34:30;Kellner 5;WAHR;4,5;voucher;;
2088;2185;837;ORDER: CREATED - Bestellung erfasst;C6;Sommer spritzer 0,5;#fff176;Alk;4,5;0;NULL;;2026-05-09 21:34:42;Kellner 12;WAHR;4,5;cash;;
2089;2186;837;ORDER: CREATED - Bestellung erfasst;C6;Bier 0,5;#fbc02d;Alk;4,5;0;NULL;;2026-05-09 21:34:42;Kellner 12;WAHR;4,5;cash;;
2090;2187;837;ORDER: CREATED - Bestellung erfasst;C6;Bier 0,5;#fbc02d;Alk;4,5;0;NULL;;2026-05-09 21:34:42;Kellner 12;WAHR;4,5;cash;;
2091;2188;838;ORDER: CREATED - Bestellung erfasst;D6;Bier 0,5;#fbc02d;Alk;4,5;0;NULL;;2026-05-09 21:35:21;Kellner 4;WAHR;4,5;cash;;
2092;2189;839;ORDER: CREATED - Bestellung erfasst;G5;Bier 0,5;#fbc02d;Alk;4,5;0;NULL;;2026-05-09 21:35:36;Kellner 7;WAHR;4,5;cash;;
2093;2190;839;ORDER: CANCELED - Bestellung STORNO;G5;Bier 0,5;#fbc02d;Alk;4,5;0;NULL;;2026-05-09 21:35:36;Kellner 7;FALSCH;0;;;
2094;2191;839;ORDER: CREATED - Bestellung erfasst;G5;Mineral 0,33;#b3e5fc;Anti;2,5;0;NULL;;2026-05-09 21:35:36;Kellner 7;WAHR;2,5;cash;;
2095;2192;839;ORDER: CREATED - Bestellung erfasst;G5;Mineral 0,33;#b3e5fc;Anti;2,5;0;NULL;;2026-05-09 21:35:36;Kellner 7;WAHR;2,5;cash;;
2096;2193;840;ORDER: CREATED - Bestellung erfasst;D6;Radler 0,5;#afb42b;Alk;4,5;0;NULL;;2026-05-09 21:35:48;Kellner 4;WAHR;4,5;cash;;
2097;2194;841;ORDER: CREATED - Bestellung erfasst;D5;Bier 0,5;#fbc02d;Alk;4,5;0;NULL;;2026-05-09 21:36:00;Kellner 12;WAHR;4,5;cash;;
2098;2195;841;ORDER: CREATED - Bestellung erfasst;D5;Sommer spritzer 0,5;#fff176;Alk;4,5;0;NULL;;2026-05-09 21:36:00;Kellner 12;WAHR;4,5;cash;;
2099;2196;842;ORDER: CREATED - Bestellung erfasst;C9;Sommer spritzer 0,5;#fff176;Alk;4,5;0;NULL;;2026-05-09 21:36:22;Kellner 9;WAHR;4,5;voucher;;
2100;2197;842;ORDER: CREATED - Bestellung erfasst;C9;Sommer spritzer 0,5;#fff176;Alk;4,5;0;NULL;;2026-05-09 21:36:22;Kellner 9;WAHR;4,5;cash;;
2101;2198;843;ORDER: CREATED - Bestellung erfasst;H2;Bier 0,5;#fbc02d;Alk;4,5;0;NULL;;2026-05-09 21:37:36;Kellner 3;WAHR;4,5;cash;;
2102;2199;843;ORDER: CREATED - Bestellung erfasst;H2;Sommer spritzer 0,5;#fff176;Alk;4,5;0;NULL;;2026-05-09 21:37:36;Kellner 3;WAHR;4,5;cash;;
2103;2200;843;ORDER: CREATED - Bestellung erfasst;H2;Freibier 0.5;#ffeb3b;Alk;4,5;0;NULL;;2026-05-09 21:37:36;Kellner 3;WAHR;4,5;cash;;
2104;2201;843;ORDER: CREATED - Bestellung erfasst;H2;Sommer spritzer 0,5;#fff176;Alk;4,5;0;NULL;;2026-05-09 21:37:36;Kellner 3;WAHR;4,5;cash;;
2105;2202;844;ORDER: CREATED - Bestellung erfasst;B5;Bier 0,5;#fbc02d;Alk;4,5;0;NULL;;2026-05-09 21:37:53;Kellner 12;WAHR;4,5;cash;;
2106;2203;845;ORDER: CREATED - Bestellung erfasst;E2;Bier 0,5;#fbc02d;Alk;4,5;0;NULL;;2026-05-09 21:38:11;Kellner 1;WAHR;4,5;cash;;
2107;2204;846;ORDER: CREATED - Bestellung erfasst;A2;Soda zitron 0,5;#4fc3f7;Anti;3;0;NULL;;2026-05-09 21:38:21;Kellner 2;WAHR;3;cash;;
2108;2205;847;ORDER: CREATED - Bestellung erfasst;B7;Schnitzelsemmerl;#f57f17;Essen;4,5;0;NULL;;2026-05-09 21:38:38;Kellner 4;WAHR;4,5;cash;;35
2109;2206;847;ORDER: CREATED - Bestellung erfasst;B7;Schnitzelsemmerl;#f57f17;Essen;4,5;0;NULL;;2026-05-09 21:38:38;Kellner 4;WAHR;4,5;cash;;35
2110;2207;847;ORDER: CREATED - Bestellung erfasst;B7;Pommes;#ffc000;Essen;3,5;0;NULL;;2026-05-09 21:38:38;Kellner 4;WAHR;3,5;cash;;35
2111;2208;848;ORDER: CREATED - Bestellung erfasst;G5;Mineral 0,33;#b3e5fc;Anti;2,5;0;NULL;;2026-05-09 21:38:39;Kellner 7;WAHR;2,5;cash;;
2112;2209;849;ORDER: CREATED - Bestellung erfasst;D3;Sommer spritzer 0,5;#fff176;Alk;4,5;0;NULL;;2026-05-09 21:39:11;Kellner 2;WAHR;4,5;cash;;
2113;2210;849;ORDER: CREATED - Bestellung erfasst;D3;Bier 0,5;#fbc02d;Alk;4,5;0;NULL;;2026-05-09 21:39:11;Kellner 2;WAHR;4,5;cash;;
2114;2211;850;ORDER: CREATED - Bestellung erfasst;F2;Soda zitron 0,5;#4fc3f7;Anti;3;0;NULL;;2026-05-09 21:39:26;Kellner 3;WAHR;3;cash;;
2115;2212;850;ORDER: CREATED - Bestellung erfasst;F2;Bier 0,5;#fbc02d;Alk;4,5;0;NULL;;2026-05-09 21:39:26;Kellner 3;WAHR;4,5;cash;;
2116;2213;851;ORDER: CREATED - Bestellung erfasst;E4;Bier 0,5;#fbc02d;Alk;4,5;0;NULL;;2026-05-09 21:39:31;Kellner 1;WAHR;4,5;cash;;
2117;2214;851;ORDER: CREATED - Bestellung erfasst;E4;Bier 0,5;#fbc02d;Alk;4,5;0;NULL;;2026-05-09 21:39:31;Kellner 1;WAHR;4,5;cash;;
2118;2215;852;ORDER: CREATED - Bestellung erfasst;B6;Bier 0,5;#fbc02d;Alk;4,5;0;NULL;;2026-05-09 21:39:31;Kellner 12;WAHR;4,5;voucher;;
2119;2216;853;ORDER: CREATED - Bestellung erfasst;E5;Soda zitron 0,5;#4fc3f7;Anti;3;0;NULL;;2026-05-09 21:39:54;Kellner 7;WAHR;3;voucher;;
2120;2217;853;ORDER: CREATED - Bestellung erfasst;E5;Bier 0,5;#fbc02d;Alk;4,5;0;NULL;;2026-05-09 21:39:54;Kellner 7;WAHR;4,5;voucher;;
2121;2218;854;ORDER: CREATED - Bestellung erfasst;E4;Bier 0,5;#fbc02d;Alk;4,5;0;NULL;;2026-05-09 21:40:07;Kellner 1;WAHR;4,5;cash;;
2122;2219;854;ORDER: CREATED - Bestellung erfasst;E4;Bier 0,5;#fbc02d;Alk;4,5;0;NULL;;2026-05-09 21:40:07;Kellner 1;WAHR;4,5;cash;;
2123;2220;855;ORDER: CREATED - Bestellung erfasst;F8;Bier 0,5;#fbc02d;Alk;4,5;0;NULL;;2026-05-09 21:40:33;Kellner 5;WAHR;4,5;voucher;;
2124;2221;856;ORDER: CREATED - Bestellung erfasst;H3;Bier 0,5;#fbc02d;Alk;4,5;0;NULL;;2026-05-09 21:40:56;Kellner 4;WAHR;4,5;cash;;
2125;2222;857;ORDER: CREATED - Bestellung erfasst;B10;Sommer spritzer 0,5;#fff176;Alk;4,5;0;NULL;;2026-05-09 21:41:48;Kellner 5;WAHR;4,5;cash;;
2126;2223;858;ORDER: CREATED - Bestellung erfasst;D7;Radler 0,5;#afb42b;Alk;4,5;0;NULL;;2026-05-09 21:42:06;Kellner 2;WAHR;4,5;cash;;
2127;2224;858;ORDER: CREATED - Bestellung erfasst;D7;Sommer spritzer 0,5;#fff176;Alk;4,5;0;NULL;;2026-05-09 21:42:06;Kellner 2;WAHR;4,5;cash;;
2128;2225;859;ORDER: CREATED - Bestellung erfasst;H2;Sommer spritzer 0,5;#fff176;Alk;4,5;0;NULL;;2026-05-09 21:42:20;Kellner 3;WAHR;4,5;cash;;
2129;2226;860;ORDER: CREATED - Bestellung erfasst;G8;Bier 0,5;#fbc02d;Alk;4,5;0;NULL;;2026-05-09 21:42:20;Kellner 12;WAHR;4,5;cash;;
2130;2227;861;ORDER: CREATED - Bestellung erfasst;E9;Sommer spritzer 0,5;#fff176;Alk;4,5;0;NULL;;2026-05-09 21:42:32;Kellner 10;WAHR;4,5;cash;;
2131;2228;861;ORDER: CREATED - Bestellung erfasst;E9;Bier 0,5;#fbc02d;Alk;4,5;0;NULL;;2026-05-09 21:42:32;Kellner 10;WAHR;4,5;cash;;
2132;2229;862;ORDER: CREATED - Bestellung erfasst;H3;Bier 0,5;#fbc02d;Alk;4,5;0;NULL;;2026-05-09 21:43:11;Kellner 3;WAHR;4,5;cash;;
2133;2230;863;ORDER: CREATED - Bestellung erfasst;D10;Bier 0,5;#fbc02d;Alk;4,5;0;NULL;;2026-05-09 21:43:12;Kellner 5;WAHR;4,5;cash;;
2134;2231;863;ORDER: CREATED - Bestellung erfasst;D10;Bier 0,5;#fbc02d;Alk;4,5;0;NULL;;2026-05-09 21:43:12;Kellner 5;WAHR;4,5;cash;;
2135;2232;864;ORDER: CREATED - Bestellung erfasst;F8;Soda zitron 0,5;#4fc3f7;Anti;3;0;NULL;;2026-05-09 21:43:16;Kellner 12;WAHR;3;voucher;;
2136;2233;865;ORDER: CREATED - Bestellung erfasst;E6;Sommer spritzer 0,5;#fff176;Alk;4,5;0;NULL;;2026-05-09 21:43:29;Kellner 4;WAHR;4,5;voucher;;
2137;2234;866;ORDER: CREATED - Bestellung erfasst;E3;Sommer spritzer 0,5;#fff176;Alk;4,5;0;NULL;;2026-05-09 21:43:35;Kellner 9;WAHR;4,5;cash;;
2138;2235;866;ORDER: CREATED - Bestellung erfasst;E3;Sommer spritzer 0,5;#fff176;Alk;4,5;0;NULL;;2026-05-09 21:43:35;Kellner 9;WAHR;4,5;cash;;
2139;2236;867;ORDER: CREATED - Bestellung erfasst;F7;Sommer spritzer 0,5;#fff176;Alk;4,5;0;NULL;;2026-05-09 21:44:31;Kellner 10;WAHR;4,5;cash;;
2140;2237;867;ORDER: CREATED - Bestellung erfasst;F7;Sommer spritzer 0,5;#fff176;Alk;4,5;0;NULL;;2026-05-09 21:44:31;Kellner 10;WAHR;4,5;cash;;
2141;2238;868;ORDER: CREATED - Bestellung erfasst;E4;Bier 0,5;#fbc02d;Alk;4,5;0;NULL;;2026-05-09 21:44:46;Kellner 12;WAHR;4,5;voucher;;
2142;2239;869;ORDER: CREATED - Bestellung erfasst;H8;Bier 0,5;#fbc02d;Alk;4,5;0;NULL;;2026-05-09 21:45:07;Kellner 5;WAHR;4,5;cash;;
2143;2240;870;ORDER: CREATED - Bestellung erfasst;D5;Sommer spritzer 0,5;#fff176;Alk;4,5;0;NULL;;2026-05-09 21:45:27;Kellner 9;WAHR;4,5;cash;;
2144;2241;870;ORDER: CREATED - Bestellung erfasst;D5;Bier 0,5;#fbc02d;Alk;4,5;0;NULL;;2026-05-09 21:45:27;Kellner 9;WAHR;4,5;cash;;
2145;2242;871;ORDER: CREATED - Bestellung erfasst;I5;Sommer spritzer 0,5;#fff176;Alk;4,5;0;NULL;;2026-05-09 21:45:57;Kellner 3;WAHR;4,5;voucher;;
2146;2243;871;ORDER: CREATED - Bestellung erfasst;I5;Sommer spritzer 0,5;#fff176;Alk;4,5;0;NULL;;2026-05-09 21:45:57;Kellner 3;WAHR;4,5;voucher;;
2147;2244;872;ORDER: CREATED - Bestellung erfasst;E10;Pommes;#ffc000;Essen;3,5;0;NULL;;2026-05-09 21:46:04;Kellner 8;WAHR;3,5;cash;;93
2148;2245;873;ORDER: CREATED - Bestellung erfasst;C5;Freibier 0.5;#ffeb3b;Alk;4,5;0;NULL;;2026-05-09 21:47:06;Kellner 9;WAHR;4,5;cash;;
2149;2246;873;ORDER: CREATED - Bestellung erfasst;C5;Bier 0,5;#fbc02d;Alk;4,5;0;NULL;;2026-05-09 21:47:06;Kellner 9;WAHR;4,5;voucher;;
2150;2247;874;ORDER: CREATED - Bestellung erfasst;C7;Sommer spritzer 0,5;#fff176;Alk;4,5;0;NULL;;2026-05-09 21:47:27;Kellner 12;WAHR;4,5;cash;;
2151;2248;874;ORDER: CREATED - Bestellung erfasst;C7;Sommer spritzer 0,5;#fff176;Alk;4,5;0;NULL;;2026-05-09 21:47:27;Kellner 12;WAHR;4,5;cash;;
2152;2249;875;ORDER: CREATED - Bestellung erfasst;F9;Bier 0,5;#fbc02d;Alk;4,5;0;NULL;;2026-05-09 21:47:29;Kellner 11;WAHR;4,5;cash;;
2153;2250;875;ORDER: CREATED - Bestellung erfasst;F9;Bier 0,5;#fbc02d;Alk;4,5;0;NULL;;2026-05-09 21:47:29;Kellner 11;WAHR;4,5;cash;;
2154;2251;875;ORDER: CREATED - Bestellung erfasst;F9;Bier 0,5;#fbc02d;Alk;4,5;0;NULL;;2026-05-09 21:47:29;Kellner 11;WAHR;4,5;cash;;
2155;2252;875;ORDER: CREATED - Bestellung erfasst;F9;Bier 0,5;#fbc02d;Alk;4,5;0;NULL;;2026-05-09 21:47:29;Kellner 11;WAHR;4,5;cash;;
2156;2253;876;ORDER: CREATED - Bestellung erfasst;E8;Sommer spritzer 0,5;#fff176;Alk;4,5;0;NULL;;2026-05-09 21:47:59;Kellner 10;WAHR;4,5;cash;;
2157;2254;876;ORDER: CREATED - Bestellung erfasst;E8;Soda zitron 0,5;#4fc3f7;Anti;3;0;NULL;;2026-05-09 21:47:59;Kellner 10;WAHR;3;cash;;
2158;2255;876;ORDER: CREATED - Bestellung erfasst;E8;Bier 0,5;#fbc02d;Alk;4,5;0;NULL;;2026-05-09 21:47:59;Kellner 10;WAHR;4,5;cash;;
2159;2256;876;ORDER: CREATED - Bestellung erfasst;E8;Bier 0,5;#fbc02d;Alk;4,5;0;NULL;;2026-05-09 21:47:59;Kellner 10;WAHR;4,5;cash;;
2160;2257;877;ORDER: CREATED - Bestellung erfasst;G5;Radler 0,5;#afb42b;Alk;4,5;0;NULL;;2026-05-09 21:48:27;Kellner 5;WAHR;4,5;free;;
2161;2258;878;ORDER: CREATED - Bestellung erfasst;F10;Bier 0,5;#fbc02d;Alk;4,5;0;NULL;;2026-05-09 21:48:29;Kellner 8;WAHR;4,5;cash;;
2162;2259;878;ORDER: CREATED - Bestellung erfasst;F10;Bier 0,5;#fbc02d;Alk;4,5;0;NULL;;2026-05-09 21:48:29;Kellner 8;WAHR;4,5;cash;;
2163;2260;878;ORDER: CREATED - Bestellung erfasst;F10;Bier 0,5;#fbc02d;Alk;4,5;0;NULL;;2026-05-09 21:48:29;Kellner 8;WAHR;4,5;cash;;
2164;2261;878;ORDER: CREATED - Bestellung erfasst;F10;Bier 0,5;#fbc02d;Alk;4,5;0;NULL;;2026-05-09 21:48:29;Kellner 8;WAHR;4,5;cash;;
2165;2262;878;ORDER: CREATED - Bestellung erfasst;F10;Sommer spritzer 0,5;#fff176;Alk;4,5;0;NULL;;2026-05-09 21:48:29;Kellner 8;WAHR;4,5;cash;;
2166;2263;879;ORDER: CREATED - Bestellung erfasst;F7;Mineral 0,33;#b3e5fc;Anti;2,5;0;NULL;;2026-05-09 21:48:36;Kellner 3;WAHR;2,5;voucher;;
2167;2264;880;ORDER: CREATED - Bestellung erfasst;C6;Freibier 0.5;#ffeb3b;Alk;4,5;0;NULL;;2026-05-09 21:48:43;Kellner 9;WAHR;4,5;cash;;
2168;2265;880;ORDER: CREATED - Bestellung erfasst;C6;Sommer spritzer 0,5;#fff176;Alk;4,5;0;NULL;;2026-05-09 21:48:43;Kellner 9;WAHR;4,5;cash;;
2169;2266;881;ORDER: CREATED - Bestellung erfasst;H3;Bier 0,5;#fbc02d;Alk;4,5;0;NULL;;2026-05-09 21:49:38;Kellner 5;WAHR;4,5;voucher;;
2170;2267;882;ORDER: CREATED - Bestellung erfasst;F9;Bier 0,5;#fbc02d;Alk;4,5;0;NULL;;2026-05-09 21:49:46;Kellner 11;WAHR;4,5;cash;;
2171;2268;883;ORDER: CREATED - Bestellung erfasst;B9;Gemüselaibchen mit Salat;#ffeb3b;Essen;9;0;NULL;;2026-05-09 21:50:26;Kellner 9;WAHR;9;cash;;10
2172;2269;884;ORDER: CREATED - Bestellung erfasst;D6;Sommer spritzer 0,5;#fff176;Alk;4,5;0;NULL;;2026-05-09 21:50:35;Kellner 4;WAHR;4,5;cash;;
2173;2270;885;ORDER: CREATED - Bestellung erfasst;D9;Bier 0,5;#fbc02d;Alk;4,5;0;NULL;;2026-05-09 21:51:22;Kellner 9;WAHR;4,5;cash;;
2174;2271;886;ORDER: CREATED - Bestellung erfasst;F10;Bier 0,5;#fbc02d;Alk;4,5;0;NULL;;2026-05-09 21:51:39;Kellner 5;WAHR;4,5;free;;
2175;2272;887;ORDER: CREATED - Bestellung erfasst;C10;Bier 0,5;#fbc02d;Alk;4,5;0;NULL;;2026-05-09 21:51:48;Kellner 8;WAHR;4,5;cash;;
2176;2273;887;ORDER: CREATED - Bestellung erfasst;C10;Soda zitron 0,5;#4fc3f7;Anti;3;0;NULL;;2026-05-09 21:51:48;Kellner 8;WAHR;3;cash;;
2177;2274;888;ORDER: CREATED - Bestellung erfasst;C1;Bier 0,5;#fbc02d;Alk;4,5;0;NULL;;2026-05-09 21:51:49;Kellner 4;WAHR;4,5;cash;;
2178;2275;889;ORDER: CREATED - Bestellung erfasst;C1;Bier 0,5;#fbc02d;Alk;4,5;0;NULL;;2026-05-09 21:52:13;Kellner 4;WAHR;4,5;cash;;
2179;2276;890;ORDER: CREATED - Bestellung erfasst;D9;Bier 0,5;#fbc02d;Alk;4,5;0;NULL;;2026-05-09 21:52:44;Kellner 9;WAHR;4,5;cash;;
2180;2277;890;ORDER: CREATED - Bestellung erfasst;D9;Bier 0,5;#fbc02d;Alk;4,5;0;NULL;;2026-05-09 21:52:44;Kellner 9;WAHR;4,5;cash;;
2181;2278;891;ORDER: CREATED - Bestellung erfasst;D1;Sommer spritzer 0,5;#fff176;Alk;4,5;0;NULL;;2026-05-09 21:53:33;Kellner 2;WAHR;4,5;voucher;;
2182;2279;891;ORDER: CREATED - Bestellung erfasst;D1;Sommer spritzer 0,5;#fff176;Alk;4,5;0;NULL;;2026-05-09 21:53:33;Kellner 2;WAHR;4,5;cash;;
2183;2280;891;ORDER: CREATED - Bestellung erfasst;D1;Sommer spritzer 0,5;#fff176;Alk;4,5;0;NULL;;2026-05-09 21:53:33;Kellner 2;WAHR;4,5;cash;;
2184;2281;891;ORDER: CREATED - Bestellung erfasst;D1;Sommer spritzer 0,5;#fff176;Alk;4,5;0;NULL;;2026-05-09 21:53:33;Kellner 2;WAHR;4,5;cash;;
2185;2282;892;ORDER: CREATED - Bestellung erfasst;E9;Bier 0,5;#fbc02d;Alk;4,5;0;NULL;;2026-05-09 21:53:45;Kellner 10;WAHR;4,5;cash;;
2186;2283;893;ORDER: CREATED - Bestellung erfasst;C10;Cola 0,33;#004d40;Anti;3;0;NULL;;2026-05-09 21:55:23;Kellner 8;WAHR;3;cash;;
2187;2284;893;ORDER: CREATED - Bestellung erfasst;C10;Mineral 0,33;#b3e5fc;Anti;2,5;0;NULL;;2026-05-09 21:55:23;Kellner 8;WAHR;2,5;cash;;
2188;2285;893;ORDER: CREATED - Bestellung erfasst;C10;Soda zitron 0,5;#4fc3f7;Anti;3;0;NULL;;2026-05-09 21:55:23;Kellner 8;WAHR;3;cash;;
2189;2286;893;ORDER: CREATED - Bestellung erfasst;C10;Schnitzelsemmerl;#f57f17;Essen;4,5;0;NULL;;2026-05-09 21:55:23;Kellner 8;WAHR;4,5;cash;;26
2190;2287;893;ORDER: CREATED - Bestellung erfasst;C10;Schnitzelsemmerl;#f57f17;Essen;4,5;0;NULL;;2026-05-09 21:55:23;Kellner 8;WAHR;4,5;cash;;26
2191;2288;894;ORDER: CREATED - Bestellung erfasst;B8;Radler 0,5;#afb42b;Alk;4,5;0;NULL;;2026-05-09 21:55:30;Kellner 12;FALSCH;0;;;
2192;2289;895;ORDER: CREATED - Bestellung erfasst;D7;Sommer spritzer 0,5;#fff176;Alk;4,5;0;NULL;;2026-05-09 21:56:56;Kellner 7;WAHR;4,5;cash;;
2193;2290;896;ORDER: CREATED - Bestellung erfasst;F9;Bier 0,5;#fbc02d;Alk;4,5;0;NULL;;2026-05-09 21:57:00;Kellner 8;WAHR;4,5;cash;;
2194;2291;897;ORDER: CREATED - Bestellung erfasst;C4;Cola 0,33;#004d40;Anti;3;0;NULL;;2026-05-09 21:57:01;Kellner 1;WAHR;3;cash;;
2195;2292;898;ORDER: CREATED - Bestellung erfasst;H10;Bier 0,5;#fbc02d;Alk;4,5;0;NULL;;2026-05-09 21:57:06;Kellner 6;WAHR;4,5;cash;;
2196;2293;898;ORDER: CREATED - Bestellung erfasst;H10;Bier 0,5;#fbc02d;Alk;4,5;0;NULL;;2026-05-09 21:57:06;Kellner 6;WAHR;4,5;cash;;
2197;2294;898;ORDER: CREATED - Bestellung erfasst;H10;Sommer spritzer 0,5;#fff176;Alk;4,5;0;NULL;;2026-05-09 21:57:06;Kellner 6;WAHR;4,5;voucher;;
2198;2295;898;ORDER: CREATED - Bestellung erfasst;H10;Bier 0,5;#fbc02d;Alk;4,5;0;NULL;;2026-05-09 21:57:06;Kellner 6;WAHR;4,5;cash;;
2199;2296;899;ORDER: CREATED - Bestellung erfasst;B9;Bier 0,5;#fbc02d;Alk;4,5;0;NULL;;2026-05-09 21:57:09;Kellner 8;WAHR;4,5;cash;;
2200;2297;900;ORDER: CREATED - Bestellung erfasst;H8;Cola 0,33;#004d40;Anti;3;0;NULL;;2026-05-09 21:57:39;Kellner 12;WAHR;3;cash;;
2201;2298;901;ORDER: CREATED - Bestellung erfasst;F7;Bier 0,5;#fbc02d;Alk;4,5;0;NULL;;2026-05-09 21:57:51;Kellner 7;WAHR;4,5;cash;;
2202;2299;902;ORDER: CREATED - Bestellung erfasst;D8;Bier 0,5;#fbc02d;Alk;4,5;0;NULL;;2026-05-09 21:58:34;Kellner 2;WAHR;4,5;free;;
2203;2300;902;ORDER: CREATED - Bestellung erfasst;D8;Bier 0,5;#fbc02d;Alk;4,5;0;NULL;;2026-05-09 21:58:34;Kellner 2;WAHR;4,5;free;;
2204;2301;903;ORDER: CREATED - Bestellung erfasst;D10;Bier 0,5;#fbc02d;Alk;4,5;0;NULL;;2026-05-09 21:59:42;Kellner 5;WAHR;4,5;free;;
2205;2302;904;ORDER: CREATED - Bestellung erfasst;H3;Bier 0,5;#fbc02d;Alk;4,5;0;NULL;;2026-05-09 22:00:03;Kellner 3;WAHR;4,5;cash;;
2206;2303;905;ORDER: CREATED - Bestellung erfasst;C6;Bier 0,5;#fbc02d;Alk;4,5;0;NULL;;2026-05-09 22:00:16;Kellner 12;WAHR;4,5;cash;;
2207;2304;905;ORDER: CREATED - Bestellung erfasst;C6;Soda zitron 0,5;#4fc3f7;Anti;3;0;NULL;;2026-05-09 22:00:16;Kellner 12;WAHR;3;cash;;
2208;2305;906;ORDER: CREATED - Bestellung erfasst;D8;Bier 0,5;#fbc02d;Alk;4,5;0;NULL;;2026-05-09 22:00:31;Kellner 2;WAHR;4,5;cash;;
2209;2306;906;ORDER: CREATED - Bestellung erfasst;D8;Bier 0,5;#fbc02d;Alk;4,5;0;NULL;;2026-05-09 22:00:31;Kellner 2;WAHR;4,5;cash;;
2210;2307;906;ORDER: CREATED - Bestellung erfasst;D8;Bier 0,5;#fbc02d;Alk;4,5;0;NULL;;2026-05-09 22:00:31;Kellner 2;WAHR;4,5;cash;;
2211;2308;906;ORDER: CREATED - Bestellung erfasst;D8;Bier 0,5;#fbc02d;Alk;4,5;0;NULL;;2026-05-09 22:00:31;Kellner 2;WAHR;4,5;cash;;
2212;2309;907;ORDER: CREATED - Bestellung erfasst;C6;Bier 0,5;#fbc02d;Alk;4,5;0;NULL;;2026-05-09 22:00:35;Kellner 12;WAHR;4,5;cash;;
2213;2310;908;ORDER: CREATED - Bestellung erfasst;B6;Bier 0,5;#fbc02d;Alk;4,5;0;NULL;;2026-05-09 22:01:18;Kellner 12;WAHR;4,5;cash;;
2214;2311;908;ORDER: CREATED - Bestellung erfasst;B6;Sommer spritzer 0,5;#fff176;Alk;4,5;0;NULL;;2026-05-09 22:01:18;Kellner 12;WAHR;4,5;cash;;
2215;2312;908;ORDER: CREATED - Bestellung erfasst;B6;Sommer spritzer 0,5;#fff176;Alk;4,5;0;NULL;;2026-05-09 22:01:18;Kellner 12;WAHR;4,5;cash;;
2216;2313;908;ORDER: CREATED - Bestellung erfasst;B6;Bier 0,5;#fbc02d;Alk;4,5;0;NULL;;2026-05-09 22:01:18;Kellner 12;WAHR;4,5;cash;;
2217;2314;908;ORDER: CREATED - Bestellung erfasst;B6;Limo Orange 0,33;#ffc107;Anti;3;0;NULL;;2026-05-09 22:01:18;Kellner 12;WAHR;3;cash;;
2218;2315;909;ORDER: CREATED - Bestellung erfasst;F10;Bier 0,5;#fbc02d;Alk;4,5;0;NULL;;2026-05-09 22:02:49;Kellner 7;WAHR;4,5;cash;;
2219;2316;910;ORDER: CREATED - Bestellung erfasst;B8;Schnitzelsemmerl;#f57f17;Essen;4,5;0;NULL;;2026-05-09 22:03:03;Kellner 11;WAHR;4,5;cash;;42
2220;2317;910;ORDER: CREATED - Bestellung erfasst;B8;Schnitzelsemmerl;#f57f17;Essen;4,5;0;NULL;;2026-05-09 22:03:03;Kellner 11;WAHR;4,5;cash;;42
2221;2318;910;ORDER: CREATED - Bestellung erfasst;B8;Schnitzelsemmerl;#f57f17;Essen;4,5;0;NULL;;2026-05-09 22:03:03;Kellner 11;WAHR;4,5;cash;;42
2222;2319;911;ORDER: CREATED - Bestellung erfasst;C5;Bier 0,5;#fbc02d;Alk;4,5;0;NULL;;2026-05-09 22:03:05;Kellner 12;WAHR;4,5;cash;;
2223;2320;911;ORDER: CREATED - Bestellung erfasst;C5;Sommer spritzer 0,5;#fff176;Alk;4,5;0;NULL;;2026-05-09 22:03:05;Kellner 12;WAHR;4,5;cash;;
2224;2321;911;ORDER: CREATED - Bestellung erfasst;C5;Sommer spritzer 0,5;#fff176;Alk;4,5;0;NULL;;2026-05-09 22:03:05;Kellner 12;WAHR;4,5;cash;;
2225;2322;911;ORDER: CREATED - Bestellung erfasst;C5;Soda zitron 0,5;#4fc3f7;Anti;3;0;NULL;;2026-05-09 22:03:05;Kellner 12;WAHR;3;cash;;
2226;2323;911;ORDER: CREATED - Bestellung erfasst;C5;Bier 0,5;#fbc02d;Alk;4,5;0;NULL;;2026-05-09 22:03:05;Kellner 12;WAHR;4,5;cash;;
2227;2324;912;ORDER: CREATED - Bestellung erfasst;I6;Bier 0,5;#fbc02d;Alk;4,5;0;NULL;;2026-05-09 22:03:18;Kellner 6;WAHR;4,5;cash;;
2228;2325;913;ORDER: CREATED - Bestellung erfasst;F8;Bier 0,5;#fbc02d;Alk;4,5;0;NULL;;2026-05-09 22:03:41;Kellner 10;WAHR;4,5;cash;;
2229;2326;913;ORDER: CREATED - Bestellung erfasst;F8;Bier 0,5;#fbc02d;Alk;4,5;0;NULL;;2026-05-09 22:03:41;Kellner 10;WAHR;4,5;cash;;
2230;2327;913;ORDER: CREATED - Bestellung erfasst;F8;Mineral 0,33;#b3e5fc;Anti;2,5;0;NULL;;2026-05-09 22:03:41;Kellner 10;WAHR;2,5;cash;;
2231;2328;913;ORDER: CREATED - Bestellung erfasst;F8;Radler 0,5;#afb42b;Alk;4,5;0;NULL;;2026-05-09 22:03:41;Kellner 10;WAHR;4,5;cash;;
2232;2329;914;ORDER: CREATED - Bestellung erfasst;D10;Bier 0,5;#fbc02d;Alk;4,5;0;NULL;;2026-05-09 22:04:00;Kellner 1;WAHR;4,5;cash;;
2233;2330;915;ORDER: CREATED - Bestellung erfasst;F10;Bier 0,5;#fbc02d;Alk;4,5;0;NULL;;2026-05-09 22:04:24;Kellner 4;WAHR;4,5;cash;;
2234;2331;916;ORDER: CREATED - Bestellung erfasst;G2;Bier 0,5;#fbc02d;Alk;4,5;0;NULL;;2026-05-09 22:04:48;Kellner 6;WAHR;4,5;cash;;
2235;2332;917;ORDER: CREATED - Bestellung erfasst;E3;Sommer spritzer 0,5;#fff176;Alk;4,5;0;NULL;;2026-05-09 22:05:15;Kellner 12;WAHR;4,5;cash;;
2236;2333;917;ORDER: CREATED - Bestellung erfasst;E3;Sommer spritzer 0,5;#fff176;Alk;4,5;0;NULL;;2026-05-09 22:05:15;Kellner 12;WAHR;4,5;cash;;
2237;2334;918;ORDER: CREATED - Bestellung erfasst;C7;Bier 0,5;#fbc02d;Alk;4,5;0;NULL;;2026-05-09 22:05:37;Kellner 4;WAHR;4,5;cash;;
2238;2335;919;ORDER: CREATED - Bestellung erfasst;D10;Bier 0,5;#fbc02d;Alk;4,5;0;NULL;;2026-05-09 22:05:40;Kellner 1;WAHR;4,5;free;;
2239;2336;920;ORDER: CREATED - Bestellung erfasst;D6;Sommer spritzer 0,5;#fff176;Alk;4,5;0;NULL;;2026-05-09 22:05:42;Kellner 7;WAHR;4,5;cash;;
2240;2337;920;ORDER: CREATED - Bestellung erfasst;D6;Radler 0,5;#afb42b;Alk;4,5;0;NULL;;2026-05-09 22:05:42;Kellner 7;WAHR;4,5;cash;;
2241;2338;920;ORDER: CREATED - Bestellung erfasst;D6;Radler 0,5;#afb42b;Alk;4,5;0;NULL;;2026-05-09 22:05:42;Kellner 7;WAHR;4,5;voucher;;
2242;2339;921;ORDER: CREATED - Bestellung erfasst;C7;Bier 0,5;#fbc02d;Alk;4,5;0;NULL;;2026-05-09 22:05:49;Kellner 4;WAHR;4,5;cash;;
2243;2340;922;ORDER: CREATED - Bestellung erfasst;C7;Bier 0,5;#fbc02d;Alk;4,5;0;NULL;;2026-05-09 22:06:04;Kellner 4;WAHR;4,5;cash;;
2244;2341;923;ORDER: CREATED - Bestellung erfasst;E4;Sommer spritzer 0,5;#fff176;Alk;4,5;0;NULL;;2026-05-09 22:06:04;Kellner 5;WAHR;4,5;free;;
2245;2342;924;ORDER: CREATED - Bestellung erfasst;D10;Bier 0,5;#fbc02d;Alk;4,5;0;NULL;;2026-05-09 22:06:21;Kellner 1;WAHR;4,5;cash;;
2246;2343;925;ORDER: CREATED - Bestellung erfasst;E6;Sommer spritzer 0,5;#fff176;Alk;4,5;0;NULL;;2026-05-09 22:06:31;Kellner 12;WAHR;4,5;voucher;;
2247;2344;925;ORDER: CREATED - Bestellung erfasst;E6;Sommer spritzer 0,5;#fff176;Alk;4,5;0;NULL;;2026-05-09 22:06:31;Kellner 12;WAHR;4,5;voucher;;
2248;2345;926;ORDER: CREATED - Bestellung erfasst;G2;Soda zitron 0,5;#4fc3f7;Anti;3;0;NULL;;2026-05-09 22:06:44;Kellner 6;WAHR;3;cash;;
2249;2346;927;ORDER: CREATED - Bestellung erfasst;B7;Grillwürstel mit Pommes;#8bc34a;Essen;8;0;NULL;;2026-05-09 22:06:53;Kellner 12;WAHR;8;cash;;6
2250;2347;928;ORDER: CREATED - Bestellung erfasst;F10;Schnitzelsemmerl;#f57f17;Essen;4,5;0;NULL;;2026-05-09 22:07:29;Kellner 10;WAHR;4,5;cash;;33
2251;2348;929;ORDER: CREATED - Bestellung erfasst;B7;Bier 0,5;#fbc02d;Alk;4,5;0;NULL;;2026-05-09 22:07:40;Kellner 12;WAHR;4,5;cash;;
2252;2349;929;ORDER: CREATED - Bestellung erfasst;B7;Bier 0,5;#fbc02d;Alk;4,5;0;NULL;;2026-05-09 22:07:40;Kellner 12;WAHR;4,5;cash;;
2253;2350;930;ORDER: CREATED - Bestellung erfasst;C10;Bier 0,5;#fbc02d;Alk;4,5;0;NULL;;2026-05-09 22:07:47;Kellner 11;WAHR;4,5;cash;;
2254;2351;930;ORDER: CREATED - Bestellung erfasst;C10;Sommer spritzer 0,5;#fff176;Alk;4,5;0;NULL;;2026-05-09 22:07:47;Kellner 11;WAHR;4,5;cash;;
2255;2352;931;ORDER: CREATED - Bestellung erfasst;C10;Sommer spritzer 0,5;#fff176;Alk;4,5;0;NULL;;2026-05-09 22:08:01;Kellner 2;WAHR;4,5;cash;;
2256;2353;932;ORDER: CREATED - Bestellung erfasst;H2;Bier 0,5;#fbc02d;Alk;4,5;0;NULL;;2026-05-09 22:08:07;Kellner 6;WAHR;4,5;cash;;
2257;2354;932;ORDER: CREATED - Bestellung erfasst;H2;Freibier 0.5;#ffeb3b;Alk;4,5;0;NULL;;2026-05-09 22:08:07;Kellner 6;WAHR;4,5;cash;;
2258;2355;932;ORDER: CREATED - Bestellung erfasst;H2;Sommer spritzer 0,5;#fff176;Alk;4,5;0;NULL;;2026-05-09 22:08:07;Kellner 6;WAHR;4,5;cash;;
2259;2356;933;ORDER: CREATED - Bestellung erfasst;E7;Bier 0,5;#fbc02d;Alk;4,5;0;NULL;;2026-05-09 22:09:39;Kellner 10;WAHR;4,5;cash;;
2260;2357;934;ORDER: CREATED - Bestellung erfasst;E2;Bier 0,5;#fbc02d;Alk;4,5;0;NULL;;2026-05-09 22:09:44;Kellner 6;WAHR;4,5;cash;;
2261;2358;935;ORDER: CREATED - Bestellung erfasst;E2;Bier 0,5;#fbc02d;Alk;4,5;0;NULL;;2026-05-09 22:09:56;Kellner 6;WAHR;4,5;cash;;
2262;2359;936;ORDER: CREATED - Bestellung erfasst;E8;Mineral 0,33;#b3e5fc;Anti;2,5;0;NULL;;2026-05-09 22:10:10;Kellner 12;WAHR;2,5;cash;;
2263;2360;937;ORDER: CREATED - Bestellung erfasst;C3;Sommer spritzer 0,5;#fff176;Alk;4,5;0;NULL;;2026-05-09 22:10:12;Kellner 2;WAHR;4,5;voucher;;
2264;2361;937;ORDER: CREATED - Bestellung erfasst;C3;Sommer spritzer 0,5;#fff176;Alk;4,5;0;NULL;;2026-05-09 22:10:12;Kellner 2;WAHR;4,5;cash;;
2265;2362;938;ORDER: CREATED - Bestellung erfasst;H4;Backhendl Salat;#4fc3f7;Essen;9;0;NULL;;2026-05-09 22:10:55;Kellner 3;WAHR;9;cash;;82
2266;2363;939;ORDER: CREATED - Bestellung erfasst;B7;Bier 0,5;#fbc02d;Alk;4,5;0;NULL;;2026-05-09 22:11:59;Kellner 2;WAHR;4,5;cash;;
2267;2364;940;ORDER: CREATED - Bestellung erfasst;B6;Bier 0,5;#fbc02d;Alk;4,5;0;NULL;;2026-05-09 22:11:59;Kellner 7;WAHR;4,5;cash;;
2268;2365;940;ORDER: CREATED - Bestellung erfasst;B6;Bier 0,5;#fbc02d;Alk;4,5;0;NULL;;2026-05-09 22:11:59;Kellner 7;WAHR;4,5;cash;;
2269;2366;941;ORDER: CREATED - Bestellung erfasst;C8;Bier 0,5;#fbc02d;Alk;4,5;0;NULL;;2026-05-09 22:12:13;Kellner 6;WAHR;4,5;voucher;;
2270;2367;941;ORDER: CREATED - Bestellung erfasst;C8;Bier 0,5;#fbc02d;Alk;4,5;0;NULL;;2026-05-09 22:12:13;Kellner 6;WAHR;4,5;voucher;;
2271;2368;942;ORDER: CREATED - Bestellung erfasst;E2;Bier 0,5;#fbc02d;Alk;4,5;0;NULL;;2026-05-09 22:12:22;Kellner 11;WAHR;4,5;cash;;
2272;2369;943;ORDER: CREATED - Bestellung erfasst;C8;Bier 0,5;#fbc02d;Alk;4,5;0;NULL;;2026-05-09 22:12:25;Kellner 6;WAHR;4,5;voucher;;
2273;2370;944;ORDER: CREATED - Bestellung erfasst;C1;Sommer spritzer 0,5;#fff176;Alk;4,5;0;NULL;;2026-05-09 22:13:10;Kellner 11;WAHR;4,5;cash;;
2274;2371;945;ORDER: CREATED - Bestellung erfasst;C5;Sommer spritzer 0,5;#fff176;Alk;4,5;0;NULL;;2026-05-09 22:13:15;Kellner 12;WAHR;4,5;cash;;
2275;2372;945;ORDER: CREATED - Bestellung erfasst;C5;Freibier 0.5;#ffeb3b;Alk;4,5;0;NULL;;2026-05-09 22:13:15;Kellner 12;WAHR;4,5;cash;;
2276;2373;946;ORDER: CREATED - Bestellung erfasst;E8;Sommer spritzer 0,5;#fff176;Alk;4,5;0;NULL;;2026-05-09 22:13:19;Kellner 6;WAHR;4,5;cash;;
2277;2374;947;ORDER: CREATED - Bestellung erfasst;I5;Bier 0,5;#fbc02d;Alk;4,5;0;NULL;;2026-05-09 22:13:33;Kellner 7;WAHR;4,5;voucher;;
2278;2375;948;ORDER: CREATED - Bestellung erfasst;D5;Mineral 0,33;#b3e5fc;Anti;2,5;0;NULL;;2026-05-09 22:13:49;Kellner 12;WAHR;2,5;cash;;
2279;2376;949;ORDER: CREATED - Bestellung erfasst;H3;Bier 0,5;#fbc02d;Alk;4,5;0;NULL;;2026-05-09 22:14:14;Kellner 3;WAHR;4,5;cash;;
2280;2377;949;ORDER: CREATED - Bestellung erfasst;H3;Bier 0,5;#fbc02d;Alk;4,5;0;NULL;;2026-05-09 22:14:14;Kellner 3;WAHR;4,5;cash;;
2281;2378;949;ORDER: CREATED - Bestellung erfasst;H3;Bier 0,5;#fbc02d;Alk;4,5;0;NULL;;2026-05-09 22:14:14;Kellner 3;WAHR;4,5;cash;;
2282;2379;950;ORDER: CREATED - Bestellung erfasst;G10;Radler 0,5;#afb42b;Alk;4,5;0;NULL;;2026-05-09 22:14:17;Kellner 6;WAHR;4,5;cash;;
2283;2380;950;ORDER: CREATED - Bestellung erfasst;G10;Bier 0,5;#fbc02d;Alk;4,5;0;NULL;;2026-05-09 22:14:17;Kellner 6;WAHR;4,5;cash;;
2284;2381;951;ORDER: CREATED - Bestellung erfasst;E10;Sommer spritzer 0,5;#fff176;Alk;4,5;0;NULL;;2026-05-09 22:15:14;Kellner 7;WAHR;4,5;cash;;
2285;2382;952;ORDER: CREATED - Bestellung erfasst;B1;Schnitzelsemmerl;#f57f17;Essen;4,5;0;NULL;;2026-05-09 22:15:29;Kellner 4;WAHR;4,5;cash;;48
2286;2383;952;ORDER: CREATED - Bestellung erfasst;B1;Cola 0,33;#004d40;Anti;3;0;NULL;;2026-05-09 22:15:29;Kellner 4;WAHR;3;cash;;
2287;2384;953;ORDER: CREATED - Bestellung erfasst;C10;Sommer spritzer 0,5;#fff176;Alk;4,5;0;NULL;;2026-05-09 22:15:40;Kellner 12;WAHR;4,5;cash;;
2288;2387;954;ORDER: CREATED - Bestellung erfasst;F10;Bier 0,5;#fbc02d;Alk;4,5;0;NULL;;2026-05-09 22:15:44;Kellner 6;WAHR;4,5;cash;;
2289;2388;954;ORDER: CREATED - Bestellung erfasst;F10;Bier 0,5;#fbc02d;Alk;4,5;0;NULL;;2026-05-09 22:15:44;Kellner 6;WAHR;4,5;cash;;
2290;2385;954;ORDER: CREATED - Bestellung erfasst;F10;Bier 0,5;#fbc02d;Alk;4,5;0;NULL;;2026-05-09 22:15:44;Kellner 6;WAHR;4,5;cash;;
2291;2386;954;ORDER: CREATED - Bestellung erfasst;F10;Bier 0,5;#fbc02d;Alk;4,5;0;NULL;;2026-05-09 22:15:44;Kellner 6;WAHR;4,5;cash;;
2292;2389;955;ORDER: CREATED - Bestellung erfasst;B8;Schnitzelsemmerl;#f57f17;Essen;4,5;0;NULL;;2026-05-09 22:15:51;Kellner 8;WAHR;4,5;cash;;44
2293;2391;956;ORDER: CREATED - Bestellung erfasst;B8;Grillwürstel mit Pommes;#8bc34a;Essen;8;0;NULL;;2026-05-09 22:16:35;Kellner 7;WAHR;8;free;;153
2294;2390;956;ORDER: CREATED - Bestellung erfasst;B8;Mineral 0,33;#b3e5fc;Anti;2,5;0;NULL;;2026-05-09 22:16:35;Kellner 7;WAHR;2,5;free;;
2295;2392;957;ORDER: CREATED - Bestellung erfasst;E10;Mineral 0,33;#b3e5fc;Anti;2,5;0;NULL;;2026-05-09 22:16:40;Kellner 6;WAHR;2,5;cash;;
2296;2393;958;ORDER: CREATED - Bestellung erfasst;B9;Bier 0,5;#fbc02d;Alk;4,5;0;NULL;;2026-05-09 22:16:49;Kellner 3;WAHR;4,5;voucher;;
2297;2395;959;ORDER: CREATED - Bestellung erfasst;B8;Schnitzelsemmerl;#f57f17;Essen;4,5;0;NULL;;2026-05-09 22:17:25;Kellner 4;WAHR;4,5;cash;;50
2298;2394;959;ORDER: CREATED - Bestellung erfasst;B8;Schnitzelsemmerl;#f57f17;Essen;4,5;0;NULL;;2026-05-09 22:17:25;Kellner 4;WAHR;4,5;cash;;50
2299;2396;960;ORDER: CREATED - Bestellung erfasst;I5;Cola 0,33;#004d40;Anti;3;0;NULL;;2026-05-09 22:18:52;Kellner 5;WAHR;3;voucher;;
2300;2397;961;ORDER: CREATED - Bestellung erfasst;I5;Cola 0,33;#004d40;Anti;3;0;NULL;;2026-05-09 22:19:40;Kellner 5;WAHR;3;voucher;;
2301;2398;962;ORDER: CREATED - Bestellung erfasst;B8;Schnitzelsemmerl;#f57f17;Essen;4,5;0;NULL;;2026-05-09 22:20:21;Kellner 8;WAHR;4,5;cash;;6
2302;2399;963;ORDER: CREATED - Bestellung erfasst;B9;Schnitzelsemmerl;#f57f17;Essen;4,5;0;NULL;;2026-05-09 22:20:27;Kellner 7;WAHR;4,5;cash;;11
2303;2400;964;ORDER: CREATED - Bestellung erfasst;C6;Bier 0,5;#fbc02d;Alk;4,5;0;NULL;;2026-05-09 22:20:34;Kellner 9;WAHR;4,5;cash;;
2304;2401;964;ORDER: CREATED - Bestellung erfasst;C6;Bier 0,5;#fbc02d;Alk;4,5;0;NULL;;2026-05-09 22:20:34;Kellner 9;WAHR;4,5;cash;;
2305;2402;965;ORDER: CREATED - Bestellung erfasst;I5;Bier 0,5;#fbc02d;Alk;4,5;0;NULL;;2026-05-09 22:21:05;Kellner 5;WAHR;4,5;cash;;
2306;2403;966;ORDER: CREATED - Bestellung erfasst;B9;Schnitzelsemmerl;#f57f17;Essen;4,5;0;NULL;;2026-05-09 22:21:26;Kellner 10;WAHR;4,5;cash;;48
2307;2404;967;ORDER: CREATED - Bestellung erfasst;B8;Schnitzelsemmerl;#f57f17;Essen;4,5;0;NULL;;2026-05-09 22:21:56;Kellner 7;WAHR;4,5;cash;;36
2308;2405;968;ORDER: CREATED - Bestellung erfasst;I5;Bier 0,5;#fbc02d;Alk;4,5;0;NULL;;2026-05-09 22:21:58;Kellner 5;WAHR;4,5;cash;;
2309;2406;969;ORDER: CREATED - Bestellung erfasst;C10;Schnitzelsemmerl;#f57f17;Essen;4,5;0;NULL;;2026-05-09 22:22:49;Kellner 8;WAHR;4,5;free;;33
2310;2407;969;ORDER: CREATED - Bestellung erfasst;C10;Schnitzelsemmerl;#f57f17;Essen;4,5;0;NULL;;2026-05-09 22:22:49;Kellner 8;WAHR;4,5;free;;33
2311;2411;970;ORDER: CREATED - Bestellung erfasst;B9;Bier 0,5;#fbc02d;Alk;4,5;0;NULL;;2026-05-09 22:23:16;Kellner 9;WAHR;4,5;cash;;
2312;2408;970;ORDER: CREATED - Bestellung erfasst;B9;Bier 0,5;#fbc02d;Alk;4,5;0;NULL;;2026-05-09 22:23:16;Kellner 9;WAHR;4,5;cash;;
2313;2409;970;ORDER: CREATED - Bestellung erfasst;B9;Bier 0,5;#fbc02d;Alk;4,5;0;NULL;;2026-05-09 22:23:16;Kellner 9;WAHR;4,5;cash;;
2314;2410;970;ORDER: CREATED - Bestellung erfasst;B9;Bier 0,5;#fbc02d;Alk;4,5;0;NULL;;2026-05-09 22:23:16;Kellner 9;WAHR;4,5;cash;;
2315;2412;971;ORDER: CREATED - Bestellung erfasst;B8;Schnitzelsemmerl;#f57f17;Essen;4,5;0;NULL;;2026-05-09 22:23:27;Kellner 10;WAHR;4,5;cash;;33
2316;2413;972;ORDER: CREATED - Bestellung erfasst;A2;Soda zitron 0,5;#4fc3f7;Anti;3;0;NULL;;2026-05-09 22:24:38;Kellner 4;WAHR;3;cash;;
2317;2414;973;ORDER: CREATED - Bestellung erfasst;F8;Bier 0,5;#fbc02d;Alk;4,5;0;NULL;;2026-05-09 22:25:20;Kellner 6;WAHR;4,5;cash;;
2318;2415;973;ORDER: CREATED - Bestellung erfasst;F8;Bier 0,5;#fbc02d;Alk;4,5;0;NULL;;2026-05-09 22:25:20;Kellner 6;WAHR;4,5;cash;;
2319;2416;973;ORDER: CREATED - Bestellung erfasst;F8;Sommer spritzer 0,5;#fff176;Alk;4,5;0;NULL;;2026-05-09 22:25:20;Kellner 6;WAHR;4,5;voucher;;
2320;2417;974;ORDER: CREATED - Bestellung erfasst;D10;Bier 0,5;#fbc02d;Alk;4,5;0;NULL;;2026-05-09 22:25:30;Kellner 2;WAHR;4,5;free;;
2321;2418;975;ORDER: CREATED - Bestellung erfasst;E9;Bier 0,5;#fbc02d;Alk;4,5;0;NULL;;2026-05-09 22:25:47;Kellner 12;WAHR;4,5;cash;;
2322;2419;976;ORDER: CREATED - Bestellung erfasst;H3;Bier 0,5;#fbc02d;Alk;4,5;0;NULL;;2026-05-09 22:26:18;Kellner 4;WAHR;4,5;cash;;
2323;2420;977;ORDER: CREATED - Bestellung erfasst;B9;Bier 0,5;#fbc02d;Alk;4,5;0;NULL;;2026-05-09 22:26:25;Kellner 7;WAHR;4,5;cash;;
2324;2421;977;ORDER: CREATED - Bestellung erfasst;B9;Cola 0,33;#004d40;Anti;3;0;NULL;;2026-05-09 22:26:25;Kellner 7;WAHR;3;cash;;
2325;2422;978;ORDER: CREATED - Bestellung erfasst;D5;Sommer spritzer 0,5;#fff176;Alk;4,5;0;NULL;;2026-05-09 22:26:26;Kellner 9;WAHR;4,5;cash;;
2326;2423;979;ORDER: CREATED - Bestellung erfasst;F7;Sommer spritzer 0,5;#fff176;Alk;4,5;0;NULL;;2026-05-09 22:26:26;Kellner 6;WAHR;4,5;free;;
2327;2424;980;ORDER: CREATED - Bestellung erfasst;B9;Schnitzelsemmerl;#f57f17;Essen;4,5;0;NULL;;2026-05-09 22:28:22;Kellner 7;WAHR;4,5;voucher;;34
2328;2425;980;ORDER: CREATED - Bestellung erfasst;B9;Schnitzelsemmerl;#f57f17;Essen;4,5;0;NULL;;2026-05-09 22:28:22;Kellner 7;WAHR;4,5;voucher;;34
2329;2426;981;ORDER: CREATED - Bestellung erfasst;F9;Bier 0,5;#fbc02d;Alk;4,5;0;NULL;;2026-05-09 22:28:54;Kellner 9;WAHR;4,5;cash;;
2330;2427;981;ORDER: CREATED - Bestellung erfasst;F9;Bier 0,5;#fbc02d;Alk;4,5;0;NULL;;2026-05-09 22:28:54;Kellner 9;WAHR;4,5;cash;;
2331;2428;982;ORDER: CREATED - Bestellung erfasst;C10;Soda zitron 0,5;#4fc3f7;Anti;3;0;NULL;;2026-05-09 22:29:47;Kellner 10;WAHR;3;cash;;
2332;2429;983;ORDER: CREATED - Bestellung erfasst;D10;Schnitzelsemmerl;#f57f17;Essen;4,5;0;NULL;;2026-05-09 22:30:49;Kellner 10;WAHR;4,5;cash;;30
2333;2430;984;ORDER: CREATED - Bestellung erfasst;D10;Sommer spritzer 0,5;#fff176;Alk;4,5;0;NULL;;2026-05-09 22:31:15;Kellner 10;WAHR;4,5;cash;;
2334;2431;985;ORDER: CREATED - Bestellung erfasst;C10;Cola 0,33;#004d40;Anti;3;0;NULL;;2026-05-09 22:33:56;Kellner 10;WAHR;3;cash;;
2335;2432;985;ORDER: CREATED - Bestellung erfasst;C10;Schnitzelsemmerl;#f57f17;Essen;4,5;0;NULL;;2026-05-09 22:33:56;Kellner 10;WAHR;4,5;cash;;57
2336;2433;986;ORDER: CREATED - Bestellung erfasst;D10;Bier 0,5;#fbc02d;Alk;4,5;0;NULL;;2026-05-09 22:34:39;Kellner 10;WAHR;4,5;cash;;
2337;2434;986;ORDER: CREATED - Bestellung erfasst;D10;Bier 0,5;#fbc02d;Alk;4,5;0;NULL;;2026-05-09 22:34:39;Kellner 10;WAHR;4,5;cash;;
2338;2435;987;ORDER: CREATED - Bestellung erfasst;H10;Bier 0,5;#fbc02d;Alk;4,5;0;NULL;;2026-05-09 22:35:05;Kellner 6;WAHR;4,5;cash;;
2339;2436;987;ORDER: CREATED - Bestellung erfasst;H10;Bier 0,5;#fbc02d;Alk;4,5;0;NULL;;2026-05-09 22:35:05;Kellner 6;WAHR;4,5;cash;;
2340;2437;988;ORDER: CREATED - Bestellung erfasst;B8;Pommes;#ffc000;Essen;3,5;0;NULL;;2026-05-09 22:35:31;Kellner 9;WAHR;3,5;cash;;62
2341;2438;988;ORDER: CREATED - Bestellung erfasst;B8;Cola 0,33;#004d40;Anti;3;0;NULL;;2026-05-09 22:35:31;Kellner 9;WAHR;3;cash;;
2342;2439;988;ORDER: CREATED - Bestellung erfasst;B8;Schnitzelsemmerl;#f57f17;Essen;4,5;0;NULL;;2026-05-09 22:35:31;Kellner 9;WAHR;4,5;cash;;29
2343;2440;989;ORDER: CREATED - Bestellung erfasst;B8;Schnitzelsemmerl;#f57f17;Essen;4,5;0;NULL;;2026-05-09 22:36:34;Kellner 11;WAHR;4,5;cash;;47
2344;2441;989;ORDER: CREATED - Bestellung erfasst;B8;Schnitzelsemmerl;#f57f17;Essen;4,5;0;NULL;;2026-05-09 22:36:34;Kellner 11;WAHR;4,5;cash;;47
2345;2442;990;ORDER: CREATED - Bestellung erfasst;C1;Bier 0,5;#fbc02d;Alk;4,5;0;NULL;;2026-05-09 22:37:33;Kellner 4;WAHR;4,5;cash;;
2346;2443;990;ORDER: CREATED - Bestellung erfasst;C1;Bier 0,5;#fbc02d;Alk;4,5;0;NULL;;2026-05-09 22:37:33;Kellner 4;WAHR;4,5;cash;;
2347;2444;991;ORDER: CREATED - Bestellung erfasst;B10;Sommer spritzer 0,5;#fff176;Alk;4,5;0;NULL;;2026-05-09 22:39:16;Kellner 4;WAHR;4,5;cash;;
2348;2445;992;ORDER: CREATED - Bestellung erfasst;B9;Pommes;#ffc000;Essen;3,5;0;NULL;;2026-05-09 22:40:24;Kellner 9;WAHR;3,5;cash;;12
2349;2446;992;ORDER: CREATED - Bestellung erfasst;B9;Schnitzelsemmerl;#f57f17;Essen;4,5;0;NULL;;2026-05-09 22:40:24;Kellner 9;WAHR;4,5;cash;;38
2350;2447;992;ORDER: CREATED - Bestellung erfasst;B9;Schnitzelsemmerl;#f57f17;Essen;4,5;0;NULL;;2026-05-09 22:40:24;Kellner 9;WAHR;4,5;cash;;38
2351;2448;993;ORDER: CREATED - Bestellung erfasst;F9;Bier 0,5;#fbc02d;Alk;4,5;0;NULL;;2026-05-09 22:40:24;Kellner 4;WAHR;4,5;cash;;
2352;2449;993;ORDER: CREATED - Bestellung erfasst;F9;Bier 0,5;#fbc02d;Alk;4,5;0;NULL;;2026-05-09 22:40:24;Kellner 4;WAHR;4,5;cash;;
2353;2450;993;ORDER: CREATED - Bestellung erfasst;F9;Bier 0,5;#fbc02d;Alk;4,5;0;NULL;;2026-05-09 22:40:24;Kellner 4;WAHR;4,5;cash;;
2354;2451;994;ORDER: CREATED - Bestellung erfasst;F9;Bier 0,5;#fbc02d;Alk;4,5;0;NULL;;2026-05-09 22:41:29;Kellner 4;WAHR;4,5;cash;;
2355;2452;995;ORDER: CREATED - Bestellung erfasst;C6;Bier 0,5;#fbc02d;Alk;4,5;0;NULL;;2026-05-09 22:42:42;Kellner 4;WAHR;4,5;cash;;
2356;2453;995;ORDER: CREATED - Bestellung erfasst;C6;Bier 0,5;#fbc02d;Alk;4,5;0;NULL;;2026-05-09 22:42:42;Kellner 4;WAHR;4,5;cash;;
2357;2454;995;ORDER: CREATED - Bestellung erfasst;C6;Bier 0,5;#fbc02d;Alk;4,5;0;NULL;;2026-05-09 22:42:42;Kellner 4;WAHR;4,5;cash;;
2358;2455;996;ORDER: CREATED - Bestellung erfasst;C10;Schnitzelsemmerl;#f57f17;Essen;4,5;0;NULL;;2026-05-09 22:42:57;Kellner 10;WAHR;4,5;cash;;29
2359;2456;997;ORDER: CREATED - Bestellung erfasst;B10;Schnitzelsemmerl;#f57f17;Essen;4,5;0;NULL;;2026-05-09 22:43:38;Kellner 8;WAHR;4,5;cash;;12
2360;2457;998;ORDER: CREATED - Bestellung erfasst;B9;Schnitzelsemmerl;#f57f17;Essen;4,5;0;NULL;;2026-05-09 22:44:05;Kellner 10;WAHR;4,5;cash;;12
2361;2458;998;ORDER: CREATED - Bestellung erfasst;B9;Schnitzelsemmerl;#f57f17;Essen;4,5;0;NULL;;2026-05-09 22:44:05;Kellner 10;WAHR;4,5;cash;;12
2362;2459;999;ORDER: CREATED - Bestellung erfasst;E7;Sommer spritzer 0,5;#fff176;Alk;4,5;0;NULL;;2026-05-09 22:44:20;Kellner 4;WAHR;4,5;cash;;
2363;2460;999;ORDER: CREATED - Bestellung erfasst;E7;Mineral 0,33;#b3e5fc;Anti;2,5;0;NULL;;2026-05-09 22:44:20;Kellner 4;WAHR;2,5;cash;;
2364;2461;999;ORDER: CREATED - Bestellung erfasst;E7;Bier 0,5;#fbc02d;Alk;4,5;0;NULL;;2026-05-09 22:44:20;Kellner 4;WAHR;4,5;cash;;
2365;2462;1000;ORDER: CREATED - Bestellung erfasst;F7;Bier 0,5;#fbc02d;Alk;4,5;0;NULL;;2026-05-09 22:45:33;Kellner 6;WAHR;4,5;cash;;
2366;2463;1001;ORDER: CREATED - Bestellung erfasst;F7;Bier 0,5;#fbc02d;Alk;4,5;0;NULL;;2026-05-09 22:45:56;Kellner 6;WAHR;4,5;cash;;
2367;2464;1002;ORDER: CREATED - Bestellung erfasst;I6;Bier 0,5;#fbc02d;Alk;4,5;0;NULL;;2026-05-09 22:46:46;Kellner 6;WAHR;4,5;cash;;
2368;2465;1002;ORDER: CREATED - Bestellung erfasst;I6;Bier 0,5;#fbc02d;Alk;4,5;0;NULL;;2026-05-09 22:46:46;Kellner 6;WAHR;4,5;cash;;
2369;2466;1002;ORDER: CREATED - Bestellung erfasst;I6;Bier 0,5;#fbc02d;Alk;4,5;0;NULL;;2026-05-09 22:46:46;Kellner 6;WAHR;4,5;cash;;
2370;2467;1003;ORDER: CREATED - Bestellung erfasst;D9;Bier 0,5;#fbc02d;Alk;4,5;0;NULL;;2026-05-09 22:47:08;Kellner 10;WAHR;4,5;voucher;;
2371;2468;1003;ORDER: CREATED - Bestellung erfasst;D9;Bier 0,5;#fbc02d;Alk;4,5;0;NULL;;2026-05-09 22:47:08;Kellner 10;WAHR;4,5;voucher;;
2372;2469;1004;ORDER: CREATED - Bestellung erfasst;F10;Bier 0,5;#fbc02d;Alk;4,5;0;NULL;;2026-05-09 22:47:11;Kellner 3;WAHR;4,5;cash;;
2373;2470;1004;ORDER: CREATED - Bestellung erfasst;F10;Bier 0,5;#fbc02d;Alk;4,5;0;NULL;;2026-05-09 22:47:11;Kellner 3;WAHR;4,5;cash;;
2374;2471;1004;ORDER: CREATED - Bestellung erfasst;F10;Bier 0,5;#fbc02d;Alk;4,5;0;NULL;;2026-05-09 22:47:11;Kellner 3;WAHR;4,5;cash;;
2375;2472;1004;ORDER: CREATED - Bestellung erfasst;F10;Cola 0,33;#004d40;Anti;3;0;NULL;;2026-05-09 22:47:11;Kellner 3;WAHR;3;cash;;
2376;2473;1005;ORDER: CREATED - Bestellung erfasst;A1;Bier 0,5;#fbc02d;Alk;4,5;0;NULL;;2026-05-09 22:47:40;Abholstation;FALSCH;0;;;
2377;2474;1005;ORDER: CREATED - Bestellung erfasst;A1;Bier 0,5;#fbc02d;Alk;4,5;0;NULL;;2026-05-09 22:47:40;Abholstation;FALSCH;0;;;
2378;2475;1005;ORDER: CREATED - Bestellung erfasst;A1;Bier 0,5;#fbc02d;Alk;4,5;0;NULL;;2026-05-09 22:47:40;Abholstation;FALSCH;0;;;
2379;2476;1006;ORDER: CREATED - Bestellung erfasst;D7;Bier 0,5;#fbc02d;Alk;4,5;0;NULL;;2026-05-09 22:47:48;Kellner 8;WAHR;4,5;cash;;
2380;2477;1007;ORDER: CREATED - Bestellung erfasst;F6;Bier 0,5;#fbc02d;Alk;4,5;0;NULL;;2026-05-09 22:48:23;Kellner 10;WAHR;4,5;cash;;
2381;2478;1008;ORDER: CREATED - Bestellung erfasst;H3;Bier 0,5;#fbc02d;Alk;4,5;0;NULL;;2026-05-09 22:48:52;Kellner 3;WAHR;4,5;cash;;
2382;2479;1008;ORDER: CREATED - Bestellung erfasst;H3;Bier 0,5;#fbc02d;Alk;4,5;0;NULL;;2026-05-09 22:48:52;Kellner 3;WAHR;4,5;cash;;
2383;2480;1008;ORDER: CREATED - Bestellung erfasst;H3;Bier 0,5;#fbc02d;Alk;4,5;0;NULL;;2026-05-09 22:48:52;Kellner 3;WAHR;4,5;cash;;
2384;2481;1008;ORDER: CREATED - Bestellung erfasst;H3;Bier 0,5;#fbc02d;Alk;4,5;0;NULL;;2026-05-09 22:48:52;Kellner 3;WAHR;4,5;cash;;
2385;2482;1009;ORDER: CREATED - Bestellung erfasst;E4;Almdudler 0,33;#fbc02d;Anti;3;0;NULL;;2026-05-09 22:50:02;Kellner 3;WAHR;3;voucher;;
2386;2483;1010;ORDER: CREATED - Bestellung erfasst;F9;Bier 0,5;#fbc02d;Alk;4,5;0;NULL;;2026-05-09 22:50:18;Kellner 10;WAHR;4,5;cash;;
2387;2484;1011;ORDER: CREATED - Bestellung erfasst;D2;Sommer spritzer 0,5;#fff176;Alk;4,5;0;NULL;;2026-05-09 22:51:25;Kellner 8;WAHR;4,5;cash;;
2388;2485;1012;ORDER: CREATED - Bestellung erfasst;B10;Bier 0,5;#fbc02d;Alk;4,5;0;NULL;;2026-05-09 22:54:28;Kellner 10;WAHR;4,5;cash;;
2389;2486;1012;ORDER: CREATED - Bestellung erfasst;B10;Bier 0,5;#fbc02d;Alk;4,5;0;NULL;;2026-05-09 22:54:28;Kellner 10;WAHR;4,5;cash;;
2390;2487;1012;ORDER: CREATED - Bestellung erfasst;B10;Bier 0,5;#fbc02d;Alk;4,5;0;NULL;;2026-05-09 22:54:28;Kellner 10;WAHR;4,5;cash;;
2391;2488;1012;ORDER: CREATED - Bestellung erfasst;B10;Sommer spritzer 0,5;#fff176;Alk;4,5;0;NULL;;2026-05-09 22:54:28;Kellner 10;WAHR;4,5;cash;;
2392;2489;1013;ORDER: CREATED - Bestellung erfasst;E8;Bier 0,5;#fbc02d;Alk;4,5;0;NULL;;2026-05-09 22:55:28;Kellner 6;WAHR;4,5;cash;;
2393;2490;1013;ORDER: CREATED - Bestellung erfasst;E8;Bier 0,5;#fbc02d;Alk;4,5;0;NULL;;2026-05-09 22:55:28;Kellner 6;WAHR;4,5;cash;;
2394;2491;1014;ORDER: CREATED - Bestellung erfasst;H9;Bier 0,5;#fbc02d;Alk;4,5;0;NULL;;2026-05-09 22:55:50;Kellner 8;WAHR;4,5;cash;;
2395;2492;1015;ORDER: CREATED - Bestellung erfasst;B5;Schnitzelsemmerl;#f57f17;Essen;4,5;0;NULL;;2026-05-09 22:56:29;Kellner 10;WAHR;4,5;cash;;38
2396;2493;1016;ORDER: CREATED - Bestellung erfasst;B7;Schnitzelsemmerl;#f57f17;Essen;4,5;0;NULL;;2026-05-09 22:57:04;Kellner 10;WAHR;4,5;cash;;67
2397;2494;1017;ORDER: CREATED - Bestellung erfasst;B8;Limo Orange 0,33;#ffc107;Anti;3;0;NULL;;2026-05-09 22:57:57;Kellner 10;WAHR;3;cash;;
2398;2495;1017;ORDER: CREATED - Bestellung erfasst;B8;Limo Orange 0,33;#ffc107;Anti;3;0;NULL;;2026-05-09 22:57:57;Kellner 10;WAHR;3;cash;;
2399;2496;1018;ORDER: CREATED - Bestellung erfasst;B8;Schnitzelsemmerl;#f57f17;Essen;4,5;0;NULL;;2026-05-09 23:06:11;Kellner 10;WAHR;4,5;cash;;6
2400;2497;1018;ORDER: CREATED - Bestellung erfasst;B8;Schnitzelsemmerl;#f57f17;Essen;4,5;0;NULL;;2026-05-09 23:06:11;Kellner 10;WAHR;4,5;cash;;6
2401;2498;1018;ORDER: CREATED - Bestellung erfasst;B8;Schnitzelsemmerl;#f57f17;Essen;4,5;0;NULL;;2026-05-09 23:06:11;Kellner 10;WAHR;4,5;cash;;6
2402;2499;1018;ORDER: CREATED - Bestellung erfasst;B8;Schnitzelsemmerl;#f57f17;Essen;4,5;0;NULL;;2026-05-09 23:06:11;Kellner 10;WAHR;4,5;cash;;6
2403;2500;1018;ORDER: CREATED - Bestellung erfasst;B8;Schnitzelsemmerl;#f57f17;Essen;4,5;0;NULL;;2026-05-09 23:06:11;Kellner 10;WAHR;4,5;cash;;6
2404;2501;1018;ORDER: CREATED - Bestellung erfasst;B8;Schnitzelsemmerl;#f57f17;Essen;4,5;0;NULL;;2026-05-09 23:06:11;Kellner 10;WAHR;4,5;cash;;6
2405;2502;1018;ORDER: CREATED - Bestellung erfasst;B8;Schnitzelsemmerl;#f57f17;Essen;4,5;0;NULL;;2026-05-09 23:06:11;Kellner 10;WAHR;4,5;cash;;6
2406;2503;1018;ORDER: CREATED - Bestellung erfasst;B8;Schnitzelsemmerl;#f57f17;Essen;4,5;0;NULL;;2026-05-09 23:06:11;Kellner 10;WAHR;4,5;cash;;6
2407;2504;1018;ORDER: CREATED - Bestellung erfasst;B8;Schnitzelsemmerl;#f57f17;Essen;4,5;0;NULL;;2026-05-09 23:06:11;Kellner 10;WAHR;4,5;cash;;6
2408;2505;1019;ORDER: CREATED - Bestellung erfasst;B8;Schnitzelsemmerl;#f57f17;Essen;4,5;0;NULL;;2026-05-09 23:06:18;Kellner 3;WAHR;4,5;cash;;20
2409;2506;1020;ORDER: CREATED - Bestellung erfasst;B8;Pommes;#ffc000;Essen;3,5;0;NULL;;2026-05-09 23:08:19;Kellner 3;WAHR;3,5;cash;;80
2410;2507;1021;ORDER: CREATED - Bestellung erfasst;B8;Schnitzelsemmerl;#f57f17;Essen;4,5;0;NULL;;2026-05-09 23:08:51;Kellner 3;WAHR;4,5;cash;;49
2411;2508;1022;ORDER: CREATED - Bestellung erfasst;D9;Bier 0,5;#fbc02d;Alk;4,5;0;NULL;;2026-05-09 23:13:17;Kellner 4;WAHR;4,5;cash;;
2412;2509;1022;ORDER: CREATED - Bestellung erfasst;D9;Bier 0,5;#fbc02d;Alk;4,5;0;NULL;;2026-05-09 23:13:17;Kellner 4;WAHR;4,5;cash;;
2413;2511;1023;ORDER: CREATED - Bestellung erfasst;D2;Sommer spritzer 0,5;#fff176;Alk;4,5;0;NULL;;2026-05-09 23:13:27;Kellner 10;WAHR;4,5;cash;;
2414;2510;1023;ORDER: CREATED - Bestellung erfasst;D2;Sommer spritzer 0,5;#fff176;Alk;4,5;0;NULL;;2026-05-09 23:13:27;Kellner 10;WAHR;4,5;cash;;
2415;2512;1024;ORDER: CREATED - Bestellung erfasst;B8;Schnitzelsemmerl;#f57f17;Essen;4,5;0;NULL;;2026-05-09 23:13:41;Kellner 3;WAHR;4,5;cash;;56
2416;2513;1025;ORDER: CREATED - Bestellung erfasst;B8;Schnitzelsemmerl;#f57f17;Essen;4,5;0;NULL;;2026-05-09 23:14:23;Kellner 3;WAHR;4,5;cash;;14
2417;2514;1026;ORDER: CREATED - Bestellung erfasst;B8;Schnitzelsemmerl;#f57f17;Essen;4,5;0;NULL;;2026-05-09 23:14:24;Kellner 10;WAHR;4,5;cash;;13
2418;2515;1026;ORDER: CREATED - Bestellung erfasst;B8;Schnitzelsemmerl;#f57f17;Essen;4,5;0;NULL;;2026-05-09 23:14:24;Kellner 10;WAHR;4,5;cash;;13
2419;2516;1026;ORDER: CREATED - Bestellung erfasst;B8;Schnitzelsemmerl;#f57f17;Essen;4,5;0;NULL;;2026-05-09 23:14:24;Kellner 10;WAHR;4,5;cash;;13
2420;2517;1026;ORDER: CREATED - Bestellung erfasst;B8;Schnitzelsemmerl;#f57f17;Essen;4,5;0;NULL;;2026-05-09 23:14:24;Kellner 10;WAHR;4,5;cash;;13
2421;2518;1026;ORDER: CREATED - Bestellung erfasst;B8;Pommes;#ffc000;Essen;3,5;0;NULL;;2026-05-09 23:14:24;Kellner 10;WAHR;3,5;cash;;5
2422;2519;1027;ORDER: CREATED - Bestellung erfasst;B9;Bier 0,5;#fbc02d;Alk;4,5;0;NULL;;2026-05-09 23:15:08;Kellner 4;WAHR;4,5;cash;;
2423;2520;1028;ORDER: CREATED - Bestellung erfasst;B8;Schnitzelsemmerl;#f57f17;Essen;4,5;0;NULL;;2026-05-09 23:15:28;Kellner 3;WAHR;4,5;cash;;23
2424;2521;1028;ORDER: CREATED - Bestellung erfasst;B8;Pommes;#ffc000;Essen;3,5;0;NULL;;2026-05-09 23:15:28;Kellner 3;WAHR;3,5;cash;;23
2425;2522;1029;ORDER: CREATED - Bestellung erfasst;B8;Schnitzelsemmerl;#f57f17;Essen;4,5;0;NULL;;2026-05-09 23:16:20;Kellner 3;WAHR;4,5;cash;;16
2426;2523;1030;ORDER: CREATED - Bestellung erfasst;B8;Bier 0,5;#fbc02d;Alk;4,5;0;NULL;;2026-05-09 23:17:15;Kellner 3;WAHR;4,5;cash;;
2427;2524;1031;ORDER: CREATED - Bestellung erfasst;H10;Bier 0,5;#fbc02d;Alk;4,5;0;NULL;;2026-05-09 23:17:28;Kellner 7;WAHR;4,5;cash;;
2428;2525;1031;ORDER: CREATED - Bestellung erfasst;H10;Bier 0,5;#fbc02d;Alk;4,5;0;NULL;;2026-05-09 23:17:28;Kellner 7;WAHR;4,5;cash;;
2429;2526;1032;ORDER: CREATED - Bestellung erfasst;B9;Bier 0,5;#fbc02d;Alk;4,5;0;NULL;;2026-05-09 23:19:03;Kellner 10;WAHR;4,5;cash;;
2430;2527;1032;ORDER: CREATED - Bestellung erfasst;B9;Bier 0,5;#fbc02d;Alk;4,5;0;NULL;;2026-05-09 23:19:03;Kellner 10;WAHR;4,5;cash;;
2431;2528;1033;ORDER: CREATED - Bestellung erfasst;B8;Pommes;#ffc000;Essen;3,5;0;NULL;;2026-05-09 23:19:17;Kellner 3;WAHR;3,5;cash;;112
2432;2529;1034;ORDER: CREATED - Bestellung erfasst;B9;Mineral 0,33;#b3e5fc;Anti;2,5;0;NULL;;2026-05-09 23:20:44;Kellner 10;WAHR;2,5;cash;;
2433;2530;1035;ORDER: CREATED - Bestellung erfasst;D2;Sommer spritzer 0,5;#fff176;Alk;4,5;0;NULL;;2026-05-09 23:21:30;Kellner 3;WAHR;4,5;cash;;
2434;2531;1035;ORDER: CREATED - Bestellung erfasst;D2;Sommer spritzer 0,5;#fff176;Alk;4,5;0;NULL;;2026-05-09 23:21:30;Kellner 3;WAHR;4,5;cash;;
2435;2532;1036;ORDER: CREATED - Bestellung erfasst;D2;Bier 0,5;#fbc02d;Alk;4,5;0;NULL;;2026-05-09 23:22:04;Kellner 3;WAHR;4,5;cash;;
2436;2533;1037;ORDER: CREATED - Bestellung erfasst;B9;Mineral 0,33;#b3e5fc;Anti;2,5;0;NULL;;2026-05-09 23:22:50;Kellner 10;WAHR;2,5;cash;;
2437;2534;1038;ORDER: CREATED - Bestellung erfasst;F10;Sommer spritzer 0,5;#fff176;Alk;4,5;0;NULL;;2026-05-09 23:23:34;Kellner 3;WAHR;4,5;cash;;
2438;2535;1038;ORDER: CREATED - Bestellung erfasst;F10;Sommer spritzer 0,5;#fff176;Alk;4,5;0;NULL;;2026-05-09 23:23:34;Kellner 3;WAHR;4,5;cash;;
2439;2536;1038;ORDER: CREATED - Bestellung erfasst;F10;Cola 0,33;#004d40;Anti;3;0;NULL;;2026-05-09 23:23:34;Kellner 3;WAHR;3;cash;;
2440;2537;1039;ORDER: CREATED - Bestellung erfasst;B8;Schnitzelsemmerl;#f57f17;Essen;4,5;0;NULL;;2026-05-09 23:25:20;Kellner 3;WAHR;4,5;cash;;10
2441;2538;1040;ORDER: CREATED - Bestellung erfasst;B8;Schnitzelsemmerl;#f57f17;Essen;4,5;0;NULL;;2026-05-09 23:25:49;Kellner 3;WAHR;4,5;cash;;10
2442;2539;1041;ORDER: CREATED - Bestellung erfasst;F6;Radler 0,5;#afb42b;Alk;4,5;0;NULL;;2026-05-09 23:26:08;Kellner 5;WAHR;4,5;cash;;
2443;2540;1042;ORDER: CREATED - Bestellung erfasst;B8;Soda zitron 0,5;#4fc3f7;Anti;3;0;NULL;;2026-05-09 23:27:18;Kellner 3;WAHR;3;cash;;
2444;2541;1042;ORDER: CREATED - Bestellung erfasst;B8;Schnitzelsemmerl;#f57f17;Essen;4,5;0;NULL;;2026-05-09 23:27:18;Kellner 3;WAHR;4,5;cash;;26
2445;2542;1043;ORDER: CREATED - Bestellung erfasst;D9;Bier 0,5;#fbc02d;Alk;4,5;0;NULL;;2026-05-09 23:28:20;Kellner 3;WAHR;4,5;cash;;
2446;2543;1043;ORDER: CREATED - Bestellung erfasst;D9;Bier 0,5;#fbc02d;Alk;4,5;0;NULL;;2026-05-09 23:28:20;Kellner 3;WAHR;4,5;cash;;
2447;2544;1044;ORDER: CREATED - Bestellung erfasst;B8;Sommer spritzer 0,5;#fff176;Alk;4,5;0;NULL;;2026-05-09 23:28:59;Kellner 3;WAHR;4,5;cash;;
2448;2545;1045;ORDER: CREATED - Bestellung erfasst;B8;Schnitzelsemmerl;#f57f17;Essen;4,5;0;NULL;;2026-05-09 23:31:21;Kellner 3;WAHR;4,5;cash;;14
2449;2546;1045;ORDER: CREATED - Bestellung erfasst;B8;Schnitzelsemmerl;#f57f17;Essen;4,5;0;NULL;;2026-05-09 23:31:21;Kellner 3;WAHR;4,5;cash;;14
2450;2547;1046;ORDER: CREATED - Bestellung erfasst;B8;Pommes;#ffc000;Essen;3,5;0;NULL;;2026-05-09 23:32:38;Kellner 8;WAHR;3,5;cash;;72
2451;2548;1047;ORDER: CREATED - Bestellung erfasst;B8;Schnitzelsemmerl;#f57f17;Essen;4,5;0;NULL;;2026-05-09 23:34:15;Kellner 8;WAHR;4,5;cash;;29
2452;2549;1047;ORDER: CREATED - Bestellung erfasst;B8;Schnitzelsemmerl;#f57f17;Essen;4,5;0;NULL;;2026-05-09 23:34:15;Kellner 8;WAHR;4,5;cash;;51
2453;2550;1047;ORDER: CREATED - Bestellung erfasst;B8;Schnitzelsemmerl;#f57f17;Essen;4,5;0;NULL;;2026-05-09 23:34:15;Kellner 8;WAHR;4,5;cash;;57
2454;2551;1048;ORDER: CREATED - Bestellung erfasst;B8;Sommer spritzer 0,5;#fff176;Alk;4,5;0;NULL;;2026-05-09 23:35:50;Kellner 8;WAHR;4,5;cash;;
2455;2552;1048;ORDER: CREATED - Bestellung erfasst;B8;Sommer spritzer 0,5;#fff176;Alk;4,5;0;NULL;;2026-05-09 23:35:50;Kellner 8;WAHR;4,5;cash;;
2456;2553;1048;ORDER: CREATED - Bestellung erfasst;B8;Sommer spritzer 0,5;#fff176;Alk;4,5;0;NULL;;2026-05-09 23:35:50;Kellner 8;WAHR;4,5;cash;;
2457;2554;1048;ORDER: CREATED - Bestellung erfasst;B8;Sommer spritzer 0,5;#fff176;Alk;4,5;0;NULL;;2026-05-09 23:35:50;Kellner 8;WAHR;4,5;cash;;
2458;2555;1049;ORDER: CREATED - Bestellung erfasst;D2;Schnitzelsemmerl;#f57f17;Essen;4,5;0;NULL;;2026-05-09 23:36:23;Kellner 5;WAHR;4,5;voucher;;14
2459;2556;1049;ORDER: CREATED - Bestellung erfasst;D2;Schnitzelsemmerl;#f57f17;Essen;4,5;0;NULL;;2026-05-09 23:36:23;Kellner 5;WAHR;4,5;voucher;;14
2460;2557;1050;ORDER: CREATED - Bestellung erfasst;B8;Schnitzelsemmerl;#f57f17;Essen;4,5;0;NULL;;2026-05-09 23:36:28;Kellner 8;WAHR;4,5;cash;;16
2461;2558;1051;ORDER: CREATED - Bestellung erfasst;B8;Schnitzelsemmerl;#f57f17;Essen;4,5;0;NULL;;2026-05-09 23:40:00;Kellner 8;WAHR;4,5;cash;;31
2462;2559;1052;ORDER: CREATED - Bestellung erfasst;D9;Bier 0,5;#fbc02d;Alk;4,5;0;NULL;;2026-05-09 23:40:36;Kellner 8;WAHR;4,5;cash;;
2463;2560;1053;ORDER: CREATED - Bestellung erfasst;D2;Bier 0,5;#fbc02d;Alk;4,5;0;NULL;;2026-05-09 23:45:48;Kellner 5;WAHR;4,5;cash;;
2464;2561;1053;ORDER: CREATED - Bestellung erfasst;D2;Mineral 0,33;#b3e5fc;Anti;2,5;0;NULL;;2026-05-09 23:45:48;Kellner 5;WAHR;2,5;cash;;
2465;2562;1054;ORDER: CREATED - Bestellung erfasst;F6;Limo Orange 0,33;#ffc107;Anti;3;0;NULL;Mit Vodka bitte;2026-05-09 23:52:34;Kellner 5;WAHR;3;free;;
2466;2563;1055;ORDER: CREATED - Bestellung erfasst;B9;Pommes;#ffc000;Essen;3,5;0;NULL;;2026-05-09 23:58:07;Kellner 5;WAHR;3,5;cash;;124
2467;2564;1056;ORDER: CREATED - Bestellung erfasst;B9;Schnitzelsemmerl;#f57f17;Essen;4,5;0;NULL;;2026-05-09 23:58:45;Kellner 5;WAHR;4,5;cash;;49
2468;2565;1057;ORDER: CREATED - Bestellung erfasst;B8;Schnitzelsemmerl;#f57f17;Essen;4,5;0;NULL;;2026-05-09 23:59:56;Kellner 5;WAHR;4,5;cash;;48
2469;2566;1057;ORDER: CREATED - Bestellung erfasst;B8;Schnitzelsemmerl;#f57f17;Essen;4,5;0;NULL;;2026-05-09 23:59:56;Kellner 5;WAHR;4,5;cash;;57
2470;2567;1057;ORDER: CREATED - Bestellung erfasst;B8;Schnitzelsemmerl;#f57f17;Essen;4,5;0;NULL;;2026-05-09 23:59:56;Kellner 5;WAHR;4,5;cash;;71
2471;2568;1057;ORDER: CREATED - Bestellung erfasst;B8;Schnitzelsemmerl;#f57f17;Essen;4,5;0;NULL;;2026-05-09 23:59:56;Kellner 5;WAHR;4,5;cash;;71
2472;2569;1057;ORDER: CREATED - Bestellung erfasst;B8;Schnitzelsemmerl;#f57f17;Essen;4,5;0;NULL;;2026-05-09 23:59:56;Kellner 5;WAHR;4,5;cash;;71
2473;2570;1058;ORDER: CREATED - Bestellung erfasst;B10;Schnitzelsemmerl;#f57f17;Essen;4,5;0;NULL;;2026-05-10 00:01:41;Kellner 5;WAHR;4,5;cash;;28
2474;2571;1059;ORDER: CREATED - Bestellung erfasst;B8;Schnitzelsemmerl;#f57f17;Essen;4,5;0;NULL;;2026-05-10 00:06:16;Kellner 3;WAHR;4,5;cash;;25
