;Bestell-ID;Bestellung;Status;Tisch;Artikel;Artikelfarbe;Kategorie;Preis;Ust-Satz;Ust-Schlüssel;Kommentar;Bestellzeitpunkt;Benutzer;Bezahlt;Bezahlter Betrag;Zahlungsmethode;Zahlungsreferenz;Zubereitungsdauer in Sekunden
0;21;17;ORDER: CREATED - Bestellung erfasst;E2;Sommer spritzer 0,5;#fff176;Alk;4,5;0;NULL;;2026-05-10 09:43:21;Kellner 4;WAHR;4,5;voucher;;
1;22;17;ORDER: CREATED - Bestellung erfasst;E2;Sommer spritzer 0,5;#fff176;Alk;4,5;0;NULL;;2026-05-10 09:43:21;Kellner 4;WAHR;4,5;cash;;
2;20;17;ORDER: CREATED - Bestellung erfasst;E2;Sommer spritzer 0,5;#fff176;Alk;4,5;0;NULL;;2026-05-10 09:43:21;Kellner 4;WAHR;4,5;voucher;;
3;23;18;ORDER: CREATED - Bestellung erfasst;E7;Almdudler 0,33;#fbc02d;Anti;3;0;NULL;;2026-05-10 09:45:15;Kellner 4;WAHR;3;cash;;
4;24;18;ORDER: CREATED - Bestellung erfasst;E7;Cola 0,33;#004d40;Anti;3;0;NULL;;2026-05-10 09:45:15;Kellner 4;WAHR;3;cash;;
5;25;19;ORDER: CREATED - Bestellung erfasst;E7;Cola 0,33;#004d40;Anti;3;0;NULL;;2026-05-10 09:46:16;Kellner 4;WAHR;3;cash;;
6;26;19;ORDER: CREATED - Bestellung erfasst;E7;Bier 0,5;#fbc02d;Alk;4,5;0;NULL;;2026-05-10 09:46:16;Kellner 4;WAHR;4,5;cash;;
7;27;20;ORDER: CREATED - Bestellung erfasst;E7;Almdudler 0,33;#fbc02d;Anti;3;0;NULL;;2026-05-10 10:00:21;Kellner 4;WAHR;3;cash;;
8;28;20;ORDER: CREATED - Bestellung erfasst;E7;Schnitzelsemmerl;#f57f17;Essen;4,5;0;NULL;;2026-05-10 10:00:21;Kellner 4;WAHR;4,5;cash;;109
9;29;20;ORDER: CREATED - Bestellung erfasst;E7;Schnitzelsemmerl;#f57f17;Essen;4,5;0;NULL;;2026-05-10 10:00:21;Kellner 4;WAHR;4,5;cash;;109
10;30;20;ORDER: CREATED - Bestellung erfasst;E7;Bier 0,5;#fbc02d;Alk;4,5;0;NULL;;2026-05-10 10:00:21;Kellner 4;WAHR;4,5;cash;;
11;31;21;ORDER: CREATED - Bestellung erfasst;E9;Sommer spritzer 0,5;#fff176;Alk;4,5;0;NULL;;2026-05-10 10:01:43;Kellner 6;WAHR;4,5;cash;;
12;32;21;ORDER: CREATED - Bestellung erfasst;E9;Radler 0,5;#afb42b;Alk;4,5;0;NULL;;2026-05-10 10:01:43;Kellner 6;WAHR;4,5;cash;;
13;33;21;ORDER: CREATED - Bestellung erfasst;E9;Schnitzel mit Pommes;#827717;Essen;11,5;0;NULL;;2026-05-10 10:01:43;Kellner 6;WAHR;11,5;cash;;86
14;34;22;ORDER: CREATED - Bestellung erfasst;U10;Bier 0,5;#fbc02d;Alk;4,5;0;NULL;;2026-05-10 10:04:41;Kellner 3;WAHR;4,5;cash;;
15;35;22;ORDER: CREATED - Bestellung erfasst;U10;Bier 0,5;#fbc02d;Alk;4,5;0;NULL;;2026-05-10 10:04:41;Kellner 3;WAHR;4,5;cash;;
16;36;23;ORDER: CREATED - Bestellung erfasst;E9;Backhendl Salat;#4fc3f7;Essen;9;0;NULL;;2026-05-10 10:14:42;Kellner 6;WAHR;9;cash;;52
17;37;24;ORDER: CREATED - Bestellung erfasst;E7;Bier 0,5;#fbc02d;Alk;4,5;0;NULL;;2026-05-10 10:20:44;Kellner 11;WAHR;4,5;cash;;
18;38;24;ORDER: CREATED - Bestellung erfasst;E7;Cola 0,33;#004d40;Anti;3;0;NULL;;2026-05-10 10:20:44;Kellner 11;WAHR;3;cash;;
19;39;24;ORDER: CREATED - Bestellung erfasst;E7;Bier 0,5;#fbc02d;Alk;4,5;0;NULL;;2026-05-10 10:20:44;Kellner 11;WAHR;4,5;cash;;
20;40;25;ORDER: CREATED - Bestellung erfasst;E10;Bier 0,5;#fbc02d;Alk;4,5;0;NULL;;2026-05-10 10:20:44;Kellner 1;WAHR;4,5;cash;;
21;41;26;ORDER: CREATED - Bestellung erfasst;U1;Limo Orange 0,33;#ffc107;Anti;3;0;NULL;;2026-05-10 10:22:31;Kellner 4;WAHR;3;cash;;
22;42;27;ORDER: CREATED - Bestellung erfasst;U1;Sommer spritzer 0,5;#fff176;Alk;4,5;0;NULL;;2026-05-10 10:23:57;Kellner 4;WAHR;4,5;cash;;
23;43;28;ORDER: CREATED - Bestellung erfasst;U1;Bier 0,5;#fbc02d;Alk;4,5;0;NULL;;2026-05-10 10:25:02;Kellner 4;WAHR;4,5;cash;;
24;44;29;ORDER: CREATED - Bestellung erfasst;U11;Cola 0,33;#004d40;Anti;3;0;NULL;;2026-05-10 10:25:31;Kellner 7;WAHR;3;cash;;
25;45;29;ORDER: CREATED - Bestellung erfasst;U11;Cola 0,33;#004d40;Anti;3;0;NULL;;2026-05-10 10:25:31;Kellner 7;WAHR;3;cash;;
26;46;29;ORDER: CREATED - Bestellung erfasst;U11;Limo Orange 0,33;#ffc107;Anti;3;0;NULL;;2026-05-10 10:25:31;Kellner 7;WAHR;3;cash;;
27;47;29;ORDER: CREATED - Bestellung erfasst;U11;Bier 0,5;#fbc02d;Alk;4,5;0;NULL;;2026-05-10 10:25:31;Kellner 7;WAHR;4,5;cash;;
28;48;30;ORDER: CREATED - Bestellung erfasst;U10;Bier 0,5;#fbc02d;Alk;4,5;0;NULL;;2026-05-10 10:31:42;Kellner 3;WAHR;4,5;cash;;
29;49;30;ORDER: CREATED - Bestellung erfasst;U10;Bier 0,5;#fbc02d;Alk;4,5;0;NULL;;2026-05-10 10:31:42;Kellner 3;WAHR;4,5;cash;;
30;50;31;ORDER: CREATED - Bestellung erfasst;U3;Pommes;#ffc000;Essen;3,5;0;NULL;;2026-05-10 10:34:31;Kellner 9;WAHR;3,5;cash;;77
31;51;31;ORDER: CREATED - Bestellung erfasst;U3;Pommes;#ffc000;Essen;3,5;0;NULL;;2026-05-10 10:34:31;Kellner 9;WAHR;3,5;cash;;77
32;52;31;ORDER: CREATED - Bestellung erfasst;U3;Cola 0,33;#004d40;Anti;3;0;NULL;;2026-05-10 10:34:31;Kellner 9;WAHR;3;cash;;
33;53;31;ORDER: CREATED - Bestellung erfasst;U3;Cola 0,33;#004d40;Anti;3;0;NULL;;2026-05-10 10:34:31;Kellner 9;WAHR;3;cash;;
34;54;31;ORDER: CREATED - Bestellung erfasst;U3;Sommer spritzer 0,5;#fff176;Alk;4,5;0;NULL;;2026-05-10 10:34:31;Kellner 9;WAHR;4,5;cash;;
35;55;31;ORDER: CREATED - Bestellung erfasst;U3;Almdudler 0,33;#fbc02d;Anti;3;0;NULL;;2026-05-10 10:34:31;Kellner 9;WAHR;3;cash;;
36;56;32;ORDER: CREATED - Bestellung erfasst;U1;Soda zitron 0,5;#4fc3f7;Anti;3;0;NULL;;2026-05-10 10:36:14;Kellner 7;WAHR;3;cash;;
37;57;32;ORDER: CREATED - Bestellung erfasst;U1;Soda zitron 0,5;#4fc3f7;Anti;3;0;NULL;;2026-05-10 10:36:14;Kellner 7;WAHR;3;cash;;
38;58;33;ORDER: CREATED - Bestellung erfasst;G10;Grillwürstel mit Pommes;#8bc34a;Essen;8;0;NULL;;2026-05-10 10:37:37;Kellner 7;WAHR;8;cash;;31
39;59;33;ORDER: CREATED - Bestellung erfasst;G10;Almdudler 0,33;#fbc02d;Anti;3;0;NULL;;2026-05-10 10:37:37;Kellner 7;WAHR;3;cash;;
40;60;33;ORDER: CREATED - Bestellung erfasst;G10;Sommer spritzer 0,5;#fff176;Alk;4,5;0;NULL;;2026-05-10 10:37:37;Kellner 7;WAHR;4,5;cash;;
41;61;34;ORDER: CREATED - Bestellung erfasst;F10;Sommer spritzer 0,5;#fff176;Alk;4,5;0;NULL;;2026-05-10 10:38:52;Kellner 1;WAHR;4,5;voucher;;
42;62;34;ORDER: CREATED - Bestellung erfasst;F10;Backhendl Salat;#4fc3f7;Essen;9;0;NULL;;2026-05-10 10:38:52;Kellner 1;WAHR;9;voucher;;27
43;63;34;ORDER: CREATED - Bestellung erfasst;F10;Schnitzel mit Pommes;#827717;Essen;11,5;0;NULL;;2026-05-10 10:38:52;Kellner 1;WAHR;11,5;voucher;;27
44;64;34;ORDER: CREATED - Bestellung erfasst;F10;Bier 0,5;#fbc02d;Alk;4,5;0;NULL;;2026-05-10 10:38:52;Kellner 1;WAHR;4,5;voucher;;
45;65;34;ORDER: CANCELED - Bestellung STORNO;F10;Schnitzel mit Pommes;#827717;Essen;11,5;0;NULL;;2026-05-10 10:38:52;Kellner 1;FALSCH;0;;;27
46;66;35;ORDER: CREATED - Bestellung erfasst;H9;Mineral 0,33;#b3e5fc;Anti;2,5;0;NULL;;2026-05-10 10:40:28;Kellner 7;WAHR;2,5;cash;;
47;67;36;ORDER: CREATED - Bestellung erfasst;U5;Bier 0,5;#fbc02d;Alk;4,5;0;NULL;;2026-05-10 10:41:04;Kellner 9;WAHR;4,5;cash;;
48;68;36;ORDER: CREATED - Bestellung erfasst;U5;Bier 0,5;#fbc02d;Alk;4,5;0;NULL;;2026-05-10 10:41:04;Kellner 9;WAHR;4,5;cash;;
49;69;37;ORDER: CREATED - Bestellung erfasst;H10;Grillwürstel mit Pommes;#8bc34a;Essen;8;0;NULL;;2026-05-10 10:42:14;Kellner 7;WAHR;8;cash;;29
50;70;38;ORDER: CREATED - Bestellung erfasst;F10;Bier 0,5;#fbc02d;Alk;4,5;0;NULL;;2026-05-10 10:42:36;Kellner 6;WAHR;4,5;cash;;
51;71;39;ORDER: CREATED - Bestellung erfasst;V1;Bier 0,5;#fbc02d;Alk;4,5;0;NULL;;2026-05-10 10:44:15;Kellner 7;WAHR;4,5;cash;;
52;72;39;ORDER: CREATED - Bestellung erfasst;V1;Sommer spritzer 0,5;#fff176;Alk;4,5;0;NULL;;2026-05-10 10:44:15;Kellner 7;WAHR;4,5;cash;;
53;73;39;ORDER: CREATED - Bestellung erfasst;V1;Radler sauer 0,5;#aed581;Alk;4,5;0;NULL;;2026-05-10 10:44:15;Kellner 7;WAHR;4,5;cash;;
54;74;40;ORDER: CREATED - Bestellung erfasst;F10;Bier 0,5;#fbc02d;Alk;4,5;0;NULL;;2026-05-10 10:45:21;Kellner 3;WAHR;4,5;cash;;
55;75;40;ORDER: CREATED - Bestellung erfasst;F10;Almdudler 0,33;#fbc02d;Anti;3;0;NULL;;2026-05-10 10:45:21;Kellner 3;WAHR;3;cash;;
56;76;40;ORDER: CREATED - Bestellung erfasst;F10;Radler 0,5;#afb42b;Alk;4,5;0;NULL;;2026-05-10 10:45:21;Kellner 3;WAHR;4,5;cash;;
57;77;41;ORDER: CREATED - Bestellung erfasst;D8;Radler 0,5;#afb42b;Alk;4,5;0;NULL;;2026-05-10 10:45:22;Kellner 4;WAHR;4,5;cash;;
58;78;41;ORDER: CREATED - Bestellung erfasst;D8;Bier 0,5;#fbc02d;Alk;4,5;0;NULL;;2026-05-10 10:45:22;Kellner 4;WAHR;4,5;cash;;
59;79;41;ORDER: CREATED - Bestellung erfasst;D8;Mineral 0,33;#b3e5fc;Anti;2,5;0;NULL;;2026-05-10 10:45:22;Kellner 4;WAHR;2,5;cash;;
60;80;41;ORDER: CREATED - Bestellung erfasst;D8;Mineral 0,33;#b3e5fc;Anti;2,5;0;NULL;;2026-05-10 10:45:22;Kellner 4;WAHR;2,5;cash;;
61;81;42;ORDER: CREATED - Bestellung erfasst;U10;Schnitzelsemmerl;#f57f17;Essen;4,5;0;NULL;;2026-05-10 10:45:38;Kellner 7;WAHR;4,5;cash;;19
62;82;43;ORDER: CREATED - Bestellung erfasst;U11;Bier 0,5;#fbc02d;Alk;4,5;0;NULL;;2026-05-10 10:46:42;Kellner 7;WAHR;4,5;cash;;
63;83;44;ORDER: CREATED - Bestellung erfasst;D10;Bier 0,5;#fbc02d;Alk;4,5;0;NULL;;2026-05-10 10:46:53;Kellner 8;WAHR;4,5;cash;;
64;84;45;ORDER: CREATED - Bestellung erfasst;U11;Hendl mit Pommes;#0070c0;Essen;12,5;0;NULL;;2026-05-10 10:49:37;Kellner 7;WAHR;12,5;cash;;187
65;85;45;ORDER: CREATED - Bestellung erfasst;U11;Schnitzel mit Pommes;#827717;Essen;11,5;0;NULL;;2026-05-10 10:49:37;Kellner 7;WAHR;11,5;cash;;66
66;86;45;ORDER: CREATED - Bestellung erfasst;U11;Gemüselaibchen mit Salat;#ffeb3b;Essen;9;0;NULL;;2026-05-10 10:49:37;Kellner 7;WAHR;9;cash;;66
67;87;46;ORDER: CREATED - Bestellung erfasst;H10;Hendl mit Pommes;#0070c0;Essen;12,5;0;NULL;;2026-05-10 10:50:46;Kellner 11;WAHR;12,5;cash;;118
68;88;47;ORDER: CREATED - Bestellung erfasst;F10;Hendl mit Pommes;#0070c0;Essen;12,5;0;NULL;;2026-05-10 10:51:08;Kellner 7;WAHR;12,5;cash;;96
69;89;47;ORDER: CREATED - Bestellung erfasst;F10;Hendl mit Pommes;#0070c0;Essen;12,5;0;NULL;;2026-05-10 10:51:08;Kellner 7;WAHR;12,5;cash;;96
70;90;48;ORDER: CREATED - Bestellung erfasst;D8;Hendl mit Pommes;#0070c0;Essen;12,5;0;NULL;;2026-05-10 10:51:29;Kellner 4;WAHR;12,5;cash;;75
71;91;48;ORDER: CREATED - Bestellung erfasst;D8;Hendl mit Pommes;#0070c0;Essen;12,5;0;NULL;;2026-05-10 10:51:29;Kellner 4;WAHR;12,5;cash;;124
72;92;48;ORDER: CREATED - Bestellung erfasst;D8;Hendl mit Pommes;#0070c0;Essen;12,5;0;NULL;;2026-05-10 10:51:29;Kellner 4;WAHR;12,5;cash;;124
73;93;49;ORDER: CREATED - Bestellung erfasst;U9;Cola 0,33;#004d40;Anti;3;0;NULL;;2026-05-10 10:51:39;Kellner 9;WAHR;3;cash;;
74;94;49;ORDER: CREATED - Bestellung erfasst;U9;Radler 0,5;#afb42b;Alk;4,5;0;NULL;;2026-05-10 10:51:39;Kellner 9;WAHR;4,5;cash;;
75;95;49;ORDER: CREATED - Bestellung erfasst;U9;Limo Orange 0,33;#ffc107;Anti;3;0;NULL;;2026-05-10 10:51:39;Kellner 9;WAHR;3;cash;;
76;96;49;ORDER: CREATED - Bestellung erfasst;U9;Cola 0,33;#004d40;Anti;3;0;NULL;;2026-05-10 10:51:39;Kellner 9;WAHR;3;cash;;
77;97;49;ORDER: CREATED - Bestellung erfasst;U9;Limo Orange 0,33;#ffc107;Anti;3;0;NULL;;2026-05-10 10:51:39;Kellner 9;WAHR;3;cash;;
78;98;49;ORDER: CREATED - Bestellung erfasst;U9;Sommer spritzer 0,5;#fff176;Alk;4,5;0;NULL;;2026-05-10 10:51:39;Kellner 9;WAHR;4,5;cash;;
79;99;49;ORDER: CREATED - Bestellung erfasst;U9;Bier 0,5;#fbc02d;Alk;4,5;0;NULL;;2026-05-10 10:51:39;Kellner 9;WAHR;4,5;cash;;
80;100;49;ORDER: CREATED - Bestellung erfasst;U9;Bier 0,5;#fbc02d;Alk;4,5;0;NULL;;2026-05-10 10:51:39;Kellner 9;WAHR;4,5;cash;;
81;101;50;ORDER: CREATED - Bestellung erfasst;H9;Hendl mit Pommes;#0070c0;Essen;12,5;0;NULL;;2026-05-10 10:52:30;Kellner 11;WAHR;12,5;cash;;77
82;102;50;ORDER: CREATED - Bestellung erfasst;H9;Hendl mit Pommes;#0070c0;Essen;12,5;0;NULL;;2026-05-10 10:52:30;Kellner 11;WAHR;12,5;cash;;77
83;103;50;ORDER: CREATED - Bestellung erfasst;H9;Hendl mit Pommes;#0070c0;Essen;12,5;0;NULL;;2026-05-10 10:52:30;Kellner 11;WAHR;12,5;cash;;77
84;104;51;ORDER: CREATED - Bestellung erfasst;U5;Schnitzelsemmerl;#f57f17;Essen;4,5;0;NULL;;2026-05-10 10:52:45;Kellner 7;WAHR;4,5;cash;;16
85;105;52;ORDER: CREATED - Bestellung erfasst;E2;Freibier 0.5;#ffeb3b;Alk;4,5;0;NULL;;2026-05-10 10:53:58;Kellner 4;WAHR;4,5;cash;;
86;106;53;ORDER: CREATED - Bestellung erfasst;D10;Bier 0,5;#fbc02d;Alk;4,5;0;NULL;;2026-05-10 10:53:59;Kellner 3;WAHR;4,5;cash;;
87;107;54;ORDER: CREATED - Bestellung erfasst;H10;Radler 0,5;#afb42b;Alk;4,5;0;NULL;;2026-05-10 10:54:12;Kellner 11;WAHR;4,5;cash;;
88;108;54;ORDER: CREATED - Bestellung erfasst;H10;Mineral 0,33;#b3e5fc;Anti;2,5;0;NULL;;2026-05-10 10:54:12;Kellner 11;WAHR;2,5;cash;;
89;109;54;ORDER: CREATED - Bestellung erfasst;H10;Hendl mit Pommes;#0070c0;Essen;12,5;0;NULL;;2026-05-10 10:54:12;Kellner 11;WAHR;12,5;cash;;30
90;110;54;ORDER: CREATED - Bestellung erfasst;H10;Hendl mit Pommes;#0070c0;Essen;12,5;0;NULL;;2026-05-10 10:54:12;Kellner 11;WAHR;12,5;cash;;30
91;111;55;ORDER: CREATED - Bestellung erfasst;V1;Backhendl Salat;#4fc3f7;Essen;9;0;NULL;;2026-05-10 10:54:51;Kellner 7;WAHR;9;cash;;36
92;112;55;ORDER: CREATED - Bestellung erfasst;V1;Grillwürstel mit Pommes;#8bc34a;Essen;8;0;NULL;;2026-05-10 10:54:51;Kellner 7;WAHR;8;cash;;36
93;113;55;ORDER: CREATED - Bestellung erfasst;V1;Hendl mit Pommes;#0070c0;Essen;12,5;0;NULL;;2026-05-10 10:54:51;Kellner 7;WAHR;12,5;cash;;110
94;114;56;ORDER: CREATED - Bestellung erfasst;C9;Soda zitron 0,5;#4fc3f7;Anti;3;0;NULL;;2026-05-10 10:55:24;Kellner 10;WAHR;3;cash;;
95;115;56;ORDER: CREATED - Bestellung erfasst;C9;Cola 0,33;#004d40;Anti;3;0;NULL;;2026-05-10 10:55:24;Kellner 10;WAHR;3;cash;;
96;116;56;ORDER: CREATED - Bestellung erfasst;C9;Bier 0,5;#fbc02d;Alk;4,5;0;NULL;;2026-05-10 10:55:24;Kellner 10;WAHR;4,5;cash;;
97;117;56;ORDER: CREATED - Bestellung erfasst;C9;Cola 0,33;#004d40;Anti;3;0;NULL;;2026-05-10 10:55:24;Kellner 10;WAHR;3;cash;;
98;118;57;ORDER: CREATED - Bestellung erfasst;U8;Hendl mit Pommes;#0070c0;Essen;12,5;0;NULL;;2026-05-10 10:56:12;Kellner 7;WAHR;12,5;cash;;30
99;119;57;ORDER: CREATED - Bestellung erfasst;U8;Soda zitron 0,5;#4fc3f7;Anti;3;0;NULL;;2026-05-10 10:56:12;Kellner 7;WAHR;3;cash;;
100;120;58;ORDER: CREATED - Bestellung erfasst;U2;Radler 0,5;#afb42b;Alk;4,5;0;NULL;;2026-05-10 10:56:34;Kellner 3;WAHR;4,5;cash;;
101;121;58;ORDER: CREATED - Bestellung erfasst;U2;Radler 0,5;#afb42b;Alk;4,5;0;NULL;;2026-05-10 10:56:34;Kellner 3;WAHR;4,5;cash;;
102;124;59;ORDER: CREATED - Bestellung erfasst;U4;Almdudler 0,33;#fbc02d;Anti;3;0;NULL;;2026-05-10 10:57:36;Kellner 7;WAHR;3;cash;;
103;122;59;ORDER: CREATED - Bestellung erfasst;U4;Soda zitron 0,5;#4fc3f7;Anti;3;0;NULL;;2026-05-10 10:57:36;Kellner 7;WAHR;3;cash;;
104;123;59;ORDER: CREATED - Bestellung erfasst;U4;Soda zitron 0,5;#4fc3f7;Anti;3;0;NULL;;2026-05-10 10:57:36;Kellner 7;WAHR;3;cash;;
105;125;59;ORDER: CREATED - Bestellung erfasst;U4;Schnitzel mit Pommes;#827717;Essen;11,5;0;NULL;;2026-05-10 10:57:36;Kellner 7;WAHR;11,5;cash;;31
106;126;59;ORDER: CREATED - Bestellung erfasst;U4;Grillwürstel mit Pommes;#8bc34a;Essen;8;0;NULL;;2026-05-10 10:57:36;Kellner 7;WAHR;8;cash;;71
107;127;59;ORDER: CREATED - Bestellung erfasst;U4;Backhendl Salat;#4fc3f7;Essen;9;0;NULL;;2026-05-10 10:57:36;Kellner 7;WAHR;9;cash;;31
108;128;60;ORDER: CREATED - Bestellung erfasst;U3;Grillwürstel mit Pommes;#8bc34a;Essen;8;0;NULL;;2026-05-10 10:57:40;Kellner 9;WAHR;8;cash;;74
109;130;61;ORDER: CREATED - Bestellung erfasst;U1;Schnitzel mit Pommes;#827717;Essen;11,5;0;NULL;;2026-05-10 10:58:07;Kellner 3;WAHR;11,5;cash;;30
110;129;61;ORDER: CREATED - Bestellung erfasst;U1;Freibier 0.5;#ffeb3b;Alk;4,5;0;NULL;;2026-05-10 10:58:07;Kellner 3;WAHR;4,5;cash;;
111;131;62;ORDER: CREATED - Bestellung erfasst;U9;Bier 0,5;#fbc02d;Alk;4,5;0;NULL;;2026-05-10 10:58:49;Kellner 11;WAHR;4,5;cash;;
112;132;62;ORDER: CREATED - Bestellung erfasst;U9;Cola 0,33;#004d40;Anti;3;0;NULL;;2026-05-10 10:58:49;Kellner 11;WAHR;3;cash;;
113;134;63;ORDER: CREATED - Bestellung erfasst;U2;Cola 0,33;#004d40;Anti;3;0;NULL;;2026-05-10 10:58:50;Kellner 7;WAHR;3;cash;;
114;133;63;ORDER: CREATED - Bestellung erfasst;U2;Radler 0,5;#afb42b;Alk;4,5;0;NULL;;2026-05-10 10:58:50;Kellner 7;WAHR;4,5;cash;;
115;135;64;ORDER: CREATED - Bestellung erfasst;B8;Cola 0,33;#004d40;Anti;3;0;NULL;;2026-05-10 10:58:51;Kellner 10;WAHR;3;cash;;
116;136;64;ORDER: CREATED - Bestellung erfasst;B8;Limo Orange 0,33;#ffc107;Anti;3;0;NULL;;2026-05-10 10:58:51;Kellner 10;WAHR;3;cash;;
117;137;65;ORDER: CREATED - Bestellung erfasst;A1;Hendl mit Pommes;#0070c0;Essen;12,5;0;NULL;;2026-05-10 10:59:21;Abholstation;WAHR;12,5;cash;;9
118;138;65;ORDER: CREATED - Bestellung erfasst;A1;Hendl mit Pommes;#0070c0;Essen;12,5;0;NULL;;2026-05-10 10:59:21;Abholstation;WAHR;12,5;cash;;9
119;139;65;ORDER: CREATED - Bestellung erfasst;A1;Hendl mit Pommes;#0070c0;Essen;12,5;0;NULL;;2026-05-10 10:59:21;Abholstation;WAHR;12,5;cash;;9
120;142;66;ORDER: CREATED - Bestellung erfasst;C9;Hendl mit Pommes;#0070c0;Essen;12,5;0;NULL;;2026-05-10 10:59:29;Kellner 10;WAHR;12,5;cash;;30
121;140;66;ORDER: CREATED - Bestellung erfasst;C9;Hendl mit Pommes;#0070c0;Essen;12,5;0;NULL;;2026-05-10 10:59:29;Kellner 10;WAHR;12,5;cash;;30
122;141;66;ORDER: CREATED - Bestellung erfasst;C9;Hendl mit Pommes;#0070c0;Essen;12,5;0;NULL;;2026-05-10 10:59:29;Kellner 10;WAHR;12,5;cash;;30
123;143;66;ORDER: CREATED - Bestellung erfasst;C9;Schnitzel mit Pommes;#827717;Essen;11,5;0;NULL;;2026-05-10 10:59:29;Kellner 10;WAHR;11,5;cash;;19
124;144;67;ORDER: CREATED - Bestellung erfasst;V1;Radler 0,5;#afb42b;Alk;4,5;0;NULL;;2026-05-10 10:59:46;Kellner 7;WAHR;4,5;cash;;
125;145;68;ORDER: CREATED - Bestellung erfasst;G10;Almdudler 0,33;#fbc02d;Anti;3;0;NULL;;2026-05-10 11:00:08;Kellner 9;WAHR;3;cash;;
126;146;68;ORDER: CREATED - Bestellung erfasst;G10;Bier 0,5;#fbc02d;Alk;4,5;0;NULL;;2026-05-10 11:00:08;Kellner 9;WAHR;4,5;cash;;
127;147;68;ORDER: CREATED - Bestellung erfasst;G10;Radler 0,5;#afb42b;Alk;4,5;0;NULL;;2026-05-10 11:00:08;Kellner 9;WAHR;4,5;cash;;
128;148;69;ORDER: CREATED - Bestellung erfasst;U10;Bier 0,5;#fbc02d;Alk;4,5;0;NULL;;2026-05-10 11:00:15;Kellner 7;WAHR;4,5;cash;;
129;149;69;ORDER: CREATED - Bestellung erfasst;U10;Bier 0,5;#fbc02d;Alk;4,5;0;NULL;;2026-05-10 11:00:15;Kellner 7;WAHR;4,5;cash;;
130;150;70;ORDER: CREATED - Bestellung erfasst;H9;Mineral 0,33;#b3e5fc;Anti;2,5;0;NULL;;2026-05-10 11:00:36;Kellner 11;WAHR;2,5;cash;;
131;151;70;ORDER: CREATED - Bestellung erfasst;H9;Gemüselaibchen mit Salat;#ffeb3b;Essen;9;0;NULL;;2026-05-10 11:00:36;Kellner 11;WAHR;9;cash;;16
132;152;71;ORDER: CREATED - Bestellung erfasst;U10;Hendl mit Pommes;#0070c0;Essen;12,5;0;NULL;;2026-05-10 11:00:53;Kellner 7;WAHR;12,5;cash;;95
133;153;71;ORDER: CREATED - Bestellung erfasst;U10;Hendl mit Pommes;#0070c0;Essen;12,5;0;NULL;;2026-05-10 11:00:53;Kellner 7;WAHR;12,5;cash;;95
134;154;71;ORDER: CREATED - Bestellung erfasst;U10;Hendl mit Pommes;#0070c0;Essen;12,5;0;NULL;;2026-05-10 11:00:53;Kellner 7;WAHR;12,5;cash;;95
135;155;71;ORDER: CREATED - Bestellung erfasst;U10;Hendl mit Pommes;#0070c0;Essen;12,5;0;NULL;;2026-05-10 11:00:53;Kellner 7;WAHR;12,5;cash;;130
136;156;72;ORDER: CREATED - Bestellung erfasst;B8;Hendl mit Pommes;#0070c0;Essen;12,5;0;NULL;;2026-05-10 11:01:11;Kellner 10;WAHR;12,5;free;;111
137;160;73;ORDER: CREATED - Bestellung erfasst;F10;Radler 0,5;#afb42b;Alk;4,5;0;NULL;;2026-05-10 11:01:44;Kellner 8;WAHR;4,5;cash;;
138;162;73;ORDER: CREATED - Bestellung erfasst;F10;Backhendl Salat;#4fc3f7;Essen;9;0;NULL;;2026-05-10 11:01:44;Kellner 8;WAHR;9;cash;;22
139;161;73;ORDER: CREATED - Bestellung erfasst;F10;Backhendl Salat;#4fc3f7;Essen;9;0;NULL;;2026-05-10 11:01:44;Kellner 8;WAHR;9;cash;;22
140;159;73;ORDER: CREATED - Bestellung erfasst;F10;Schnitzel mit Pommes;#827717;Essen;11,5;0;NULL;;2026-05-10 11:01:44;Kellner 8;WAHR;11,5;cash;;22
141;158;73;ORDER: CREATED - Bestellung erfasst;F10;Soda zitron 0,5;#4fc3f7;Anti;3;0;NULL;;2026-05-10 11:01:44;Kellner 8;WAHR;3;cash;;
142;157;73;ORDER: CREATED - Bestellung erfasst;F10;Radler 0,5;#afb42b;Alk;4,5;0;NULL;;2026-05-10 11:01:44;Kellner 8;WAHR;4,5;cash;;
143;163;74;ORDER: CREATED - Bestellung erfasst;U9;Soda zitron 0,5;#4fc3f7;Anti;3;0;NULL;;2026-05-10 11:01:59;Kellner 4;WAHR;3;cash;;
144;172;74;ORDER: CREATED - Bestellung erfasst;U9;Backhendl Salat;#4fc3f7;Essen;9;0;NULL;;2026-05-10 11:01:59;Kellner 4;WAHR;9;cash;;37
145;171;74;ORDER: CREATED - Bestellung erfasst;U9;Hendl mit Pommes;#0070c0;Essen;12,5;0;NULL;;2026-05-10 11:01:59;Kellner 4;WAHR;12,5;cash;;76
146;170;74;ORDER: CREATED - Bestellung erfasst;U9;Hendl mit Pommes;#0070c0;Essen;12,5;0;NULL;;2026-05-10 11:01:59;Kellner 4;WAHR;12,5;cash;;64
147;169;74;ORDER: CREATED - Bestellung erfasst;U9;Hendl mit Pommes;#0070c0;Essen;12,5;0;NULL;;2026-05-10 11:01:59;Kellner 4;WAHR;12,5;cash;;64
148;168;74;ORDER: CREATED - Bestellung erfasst;U9;Limo Orange 0,33;#ffc107;Anti;3;0;NULL;;2026-05-10 11:01:59;Kellner 4;WAHR;3;cash;;
149;167;74;ORDER: CREATED - Bestellung erfasst;U9;Bier 0,5;#fbc02d;Alk;4,5;0;NULL;;2026-05-10 11:01:59;Kellner 4;WAHR;4,5;cash;;
150;166;74;ORDER: CREATED - Bestellung erfasst;U9;Bier 0,5;#fbc02d;Alk;4,5;0;NULL;;2026-05-10 11:01:59;Kellner 4;WAHR;4,5;cash;;
151;165;74;ORDER: CREATED - Bestellung erfasst;U9;Cola 0,33;#004d40;Anti;3;0;NULL;;2026-05-10 11:01:59;Kellner 4;WAHR;3;cash;;
152;164;74;ORDER: CREATED - Bestellung erfasst;U9;Radler 0,5;#afb42b;Alk;4,5;0;NULL;;2026-05-10 11:01:59;Kellner 4;WAHR;4,5;cash;;
153;173;75;ORDER: CREATED - Bestellung erfasst;U9;Hendl mit Pommes;#0070c0;Essen;12,5;0;NULL;;2026-05-10 11:02:41;Kellner 7;WAHR;12,5;cash;;34
154;177;75;ORDER: CREATED - Bestellung erfasst;U9;Hendl mit Pommes;#0070c0;Essen;12,5;0;NULL;;2026-05-10 11:02:41;Kellner 7;WAHR;12,5;cash;;68
155;176;75;ORDER: CREATED - Bestellung erfasst;U9;Grillwürstel mit Pommes;#8bc34a;Essen;8;0;NULL;;2026-05-10 11:02:41;Kellner 7;WAHR;8;cash;;58
156;175;75;ORDER: CREATED - Bestellung erfasst;U9;Grillwürstel mit Pommes;#8bc34a;Essen;8;0;NULL;;2026-05-10 11:02:41;Kellner 7;WAHR;8;cash;;52
157;174;75;ORDER: CREATED - Bestellung erfasst;U9;Hendl mit Pommes;#0070c0;Essen;12,5;0;NULL;;2026-05-10 11:02:41;Kellner 7;WAHR;12,5;cash;;58
158;180;76;ORDER: CREATED - Bestellung erfasst;F9;Bier 0,5;#fbc02d;Alk;4,5;0;NULL;;2026-05-10 11:03:16;Kellner 8;WAHR;4,5;cash;;
159;179;76;ORDER: CREATED - Bestellung erfasst;F9;Cola 0,33;#004d40;Anti;3;0;NULL;;2026-05-10 11:03:16;Kellner 8;WAHR;3;cash;;
160;178;76;ORDER: CREATED - Bestellung erfasst;F9;Sommer spritzer 0,5;#fff176;Alk;4,5;0;NULL;;2026-05-10 11:03:16;Kellner 8;WAHR;4,5;cash;;
161;186;76;ORDER: CREATED - Bestellung erfasst;F9;Schnitzel mit Pommes;#827717;Essen;11,5;0;NULL;;2026-05-10 11:03:16;Kellner 8;WAHR;11,5;cash;;17
162;185;76;ORDER: CREATED - Bestellung erfasst;F9;Hendl mit Pommes;#0070c0;Essen;12,5;0;NULL;;2026-05-10 11:03:16;Kellner 8;WAHR;12,5;cash;;62
163;184;76;ORDER: CREATED - Bestellung erfasst;F9;Hendl mit Pommes;#0070c0;Essen;12,5;0;NULL;;2026-05-10 11:03:16;Kellner 8;WAHR;12,5;cash;;62
164;183;76;ORDER: CREATED - Bestellung erfasst;F9;Hendl mit Pommes;#0070c0;Essen;12,5;0;NULL;;2026-05-10 11:03:16;Kellner 8;WAHR;12,5;cash;;45
165;182;76;ORDER: CREATED - Bestellung erfasst;F9;Hendl mit Pommes;#0070c0;Essen;12,5;0;NULL;;2026-05-10 11:03:16;Kellner 8;WAHR;12,5;cash;;45
166;181;76;ORDER: CREATED - Bestellung erfasst;F9;Radler 0,5;#afb42b;Alk;4,5;0;NULL;;2026-05-10 11:03:16;Kellner 8;WAHR;4,5;cash;;
167;189;77;ORDER: CREATED - Bestellung erfasst;G7;Cola 0,33;#004d40;Anti;3;0;NULL;;2026-05-10 11:04:10;Kellner 6;WAHR;3;free;;
168;188;77;ORDER: CREATED - Bestellung erfasst;G7;Limo Orange 0,33;#ffc107;Anti;3;0;NULL;;2026-05-10 11:04:10;Kellner 6;FALSCH;0;;;
169;187;77;ORDER: CREATED - Bestellung erfasst;G7;Cola 0,33;#004d40;Anti;3;0;NULL;;2026-05-10 11:04:10;Kellner 6;WAHR;3;free;;
170;195;77;ORDER: CREATED - Bestellung erfasst;G7;Cola 0,33;#004d40;Anti;3;0;NULL;;2026-05-10 11:04:10;Kellner 6;FALSCH;0;;;
171;194;77;ORDER: CREATED - Bestellung erfasst;G7;Soda zitron 0,5;#4fc3f7;Anti;3;0;NULL;;2026-05-10 11:04:10;Kellner 6;WAHR;3;free;;
172;193;77;ORDER: CREATED - Bestellung erfasst;G7;Soda zitron 0,5;#4fc3f7;Anti;3;0;NULL;;2026-05-10 11:04:10;Kellner 6;WAHR;3;free;;
173;192;77;ORDER: CREATED - Bestellung erfasst;G7;Almdudler 0,33;#fbc02d;Anti;3;0;NULL;;2026-05-10 11:04:10;Kellner 6;FALSCH;0;;;
174;191;77;ORDER: CREATED - Bestellung erfasst;G7;Cola 0,33;#004d40;Anti;3;0;NULL;;2026-05-10 11:04:10;Kellner 6;FALSCH;0;;;
175;190;77;ORDER: CREATED - Bestellung erfasst;G7;Limo Orange 0,33;#ffc107;Anti;3;0;NULL;;2026-05-10 11:04:10;Kellner 6;FALSCH;0;;;
176;199;78;ORDER: CREATED - Bestellung erfasst;A3;Radler 0,5;#afb42b;Alk;4,5;0;NULL;;2026-05-10 11:04:55;Kellner 3;WAHR;4,5;cash;;
177;197;78;ORDER: CREATED - Bestellung erfasst;A3;Radler 0,5;#afb42b;Alk;4,5;0;NULL;;2026-05-10 11:04:55;Kellner 3;WAHR;4,5;cash;;
178;196;78;ORDER: CREATED - Bestellung erfasst;A3;Bier 0,5;#fbc02d;Alk;4,5;0;NULL;;2026-05-10 11:04:55;Kellner 3;WAHR;4,5;cash;;
179;198;78;ORDER: CREATED - Bestellung erfasst;A3;Bier 0,5;#fbc02d;Alk;4,5;0;NULL;;2026-05-10 11:04:55;Kellner 3;WAHR;4,5;cash;;
180;201;79;ORDER: CREATED - Bestellung erfasst;C10;Sommer spritzer 0,5;#fff176;Alk;4,5;0;NULL;;2026-05-10 11:05:13;Kellner 1;WAHR;4,5;cash;;
181;200;79;ORDER: CREATED - Bestellung erfasst;C10;Soda zitron 0,5;#4fc3f7;Anti;3;0;NULL;;2026-05-10 11:05:13;Kellner 1;WAHR;3;cash;;
182;202;79;ORDER: CREATED - Bestellung erfasst;C10;Backhendl Salat;#4fc3f7;Essen;9;0;NULL;;2026-05-10 11:05:13;Kellner 1;WAHR;9;cash;;21
183;205;80;ORDER: CREATED - Bestellung erfasst;C8;Mineral 0,33;#b3e5fc;Anti;2,5;0;NULL;;2026-05-10 11:05:13;Kellner 10;WAHR;2,5;cash;;
184;210;80;ORDER: CREATED - Bestellung erfasst;C8;Sommer spritzer 0,5;#fff176;Alk;4,5;0;NULL;;2026-05-10 11:05:13;Kellner 10;WAHR;4,5;cash;;
185;209;80;ORDER: CREATED - Bestellung erfasst;C8;Hendl mit Pommes;#0070c0;Essen;12,5;0;NULL;;2026-05-10 11:05:13;Kellner 10;WAHR;12,5;cash;;13
186;208;80;ORDER: CREATED - Bestellung erfasst;C8;Backhendl Salat;#4fc3f7;Essen;9;0;NULL;;2026-05-10 11:05:13;Kellner 10;WAHR;9;cash;;21
187;207;80;ORDER: CREATED - Bestellung erfasst;C8;Cola 0,33;#004d40;Anti;3;0;NULL;;2026-05-10 11:05:13;Kellner 10;WAHR;3;cash;;
188;206;80;ORDER: CREATED - Bestellung erfasst;C8;Schnitzel mit Pommes;#827717;Essen;11,5;0;NULL;;2026-05-10 11:05:13;Kellner 10;WAHR;11,5;cash;;21
189;204;80;ORDER: CREATED - Bestellung erfasst;C8;Hendl mit Pommes;#0070c0;Essen;12,5;0;NULL;;2026-05-10 11:05:13;Kellner 10;WAHR;12,5;cash;;13
190;203;80;ORDER: CREATED - Bestellung erfasst;C8;Radler 0,5;#afb42b;Alk;4,5;0;NULL;;2026-05-10 11:05:13;Kellner 10;WAHR;4,5;cash;;
191;213;81;ORDER: CREATED - Bestellung erfasst;G8;Cola 0,33;#004d40;Anti;3;0;NULL;;2026-05-10 11:05:30;Kellner 6;WAHR;3;voucher;;
192;211;81;ORDER: CREATED - Bestellung erfasst;G8;Mineral 0,33;#b3e5fc;Anti;2,5;0;NULL;;2026-05-10 11:05:30;Kellner 6;WAHR;2,5;voucher;;
193;212;81;ORDER: CREATED - Bestellung erfasst;G8;Cola 0,33;#004d40;Anti;3;0;NULL;;2026-05-10 11:05:30;Kellner 6;WAHR;3;voucher;;
194;217;81;ORDER: CREATED - Bestellung erfasst;G8;Almdudler 0,33;#fbc02d;Anti;3;0;NULL;;2026-05-10 11:05:30;Kellner 6;WAHR;3;voucher;;
195;216;81;ORDER: CREATED - Bestellung erfasst;G8;Cola 0,33;#004d40;Anti;3;0;NULL;;2026-05-10 11:05:30;Kellner 6;WAHR;3;voucher;;
196;215;81;ORDER: CREATED - Bestellung erfasst;G8;Cola 0,33;#004d40;Anti;3;0;NULL;;2026-05-10 11:05:30;Kellner 6;WAHR;3;voucher;;
197;214;81;ORDER: CREATED - Bestellung erfasst;G8;Cola 0,33;#004d40;Anti;3;0;NULL;;2026-05-10 11:05:30;Kellner 6;WAHR;3;voucher;;
198;225;82;ORDER: CREATED - Bestellung erfasst;A1;Bier 0,5;#fbc02d;Alk;4,5;0;NULL;;2026-05-10 11:05:40;Kellner 11;WAHR;4,5;voucher;;
199;219;82;ORDER: CREATED - Bestellung erfasst;A1;Bier 0,5;#fbc02d;Alk;4,5;0;NULL;;2026-05-10 11:05:40;Kellner 11;WAHR;4,5;voucher;;
200;220;82;ORDER: CREATED - Bestellung erfasst;A1;Bier 0,5;#fbc02d;Alk;4,5;0;NULL;;2026-05-10 11:05:40;Kellner 11;WAHR;4,5;voucher;;
201;221;82;ORDER: CREATED - Bestellung erfasst;A1;Bier 0,5;#fbc02d;Alk;4,5;0;NULL;;2026-05-10 11:05:40;Kellner 11;WAHR;4,5;voucher;;
202;222;82;ORDER: CREATED - Bestellung erfasst;A1;Bier 0,5;#fbc02d;Alk;4,5;0;NULL;;2026-05-10 11:05:40;Kellner 11;WAHR;4,5;voucher;;
203;223;82;ORDER: CREATED - Bestellung erfasst;A1;Bier 0,5;#fbc02d;Alk;4,5;0;NULL;;2026-05-10 11:05:40;Kellner 11;WAHR;4,5;voucher;;
204;218;82;ORDER: CREATED - Bestellung erfasst;A1;Bier 0,5;#fbc02d;Alk;4,5;0;NULL;;2026-05-10 11:05:40;Kellner 11;WAHR;4,5;voucher;;
205;224;82;ORDER: CREATED - Bestellung erfasst;A1;Bier 0,5;#fbc02d;Alk;4,5;0;NULL;;2026-05-10 11:05:40;Kellner 11;WAHR;4,5;voucher;;
206;226;83;ORDER: CREATED - Bestellung erfasst;E10;Radler 0,5;#afb42b;Alk;4,5;0;NULL;;2026-05-10 11:05:55;Kellner 9;WAHR;4,5;cash;;
207;228;83;ORDER: CREATED - Bestellung erfasst;E10;Radler 0,5;#afb42b;Alk;4,5;0;NULL;;2026-05-10 11:05:55;Kellner 9;WAHR;4,5;cash;;
208;227;83;ORDER: CREATED - Bestellung erfasst;E10;Radler 0,5;#afb42b;Alk;4,5;0;NULL;;2026-05-10 11:05:55;Kellner 9;WAHR;4,5;cash;;
209;229;84;ORDER: CREATED - Bestellung erfasst;A4;Sommer spritzer 0,5;#fff176;Alk;4,5;0;NULL;;2026-05-10 11:05:56;Kellner 3;WAHR;4,5;cash;;
210;230;84;ORDER: CREATED - Bestellung erfasst;A4;Sommer spritzer 0,5;#fff176;Alk;4,5;0;NULL;;2026-05-10 11:05:56;Kellner 3;WAHR;4,5;cash;;
211;231;84;ORDER: CREATED - Bestellung erfasst;A4;Almdudler 0,33;#fbc02d;Anti;3;0;NULL;;2026-05-10 11:05:56;Kellner 3;WAHR;3;cash;;
212;232;84;ORDER: CREATED - Bestellung erfasst;A4;Bier 0,5;#fbc02d;Alk;4,5;0;NULL;;2026-05-10 11:05:56;Kellner 3;WAHR;4,5;cash;;
213;238;85;ORDER: CREATED - Bestellung erfasst;U7;Hendl mit Pommes;#0070c0;Essen;12,5;0;NULL;;2026-05-10 11:05:57;Kellner 7;WAHR;12,5;voucher;;5
214;233;85;ORDER: CREATED - Bestellung erfasst;U7;Sommer spritzer 0,5;#fff176;Alk;4,5;0;NULL;;2026-05-10 11:05:57;Kellner 7;WAHR;4,5;voucher;;
215;235;85;ORDER: CREATED - Bestellung erfasst;U7;Limo Orange 0,33;#ffc107;Anti;3;0;NULL;;2026-05-10 11:05:57;Kellner 7;WAHR;3;voucher;;
216;234;85;ORDER: CREATED - Bestellung erfasst;U7;Soda zitron 0,5;#4fc3f7;Anti;3;0;NULL;;2026-05-10 11:05:57;Kellner 7;WAHR;3;voucher;;
217;237;85;ORDER: CREATED - Bestellung erfasst;U7;Hendl mit Pommes;#0070c0;Essen;12,5;0;NULL;;2026-05-10 11:05:57;Kellner 7;WAHR;12,5;voucher;;5
218;236;85;ORDER: CREATED - Bestellung erfasst;U7;Limo Orange 0,33;#ffc107;Anti;3;0;NULL;;2026-05-10 11:05:57;Kellner 7;WAHR;3;voucher;;
219;240;86;ORDER: CREATED - Bestellung erfasst;H8;Almdudler 0,33;#fbc02d;Anti;3;0;NULL;;2026-05-10 11:06:06;Kellner 6;WAHR;3;voucher;;
220;241;86;ORDER: CREATED - Bestellung erfasst;H8;Soda zitron 0,5;#4fc3f7;Anti;3;0;NULL;;2026-05-10 11:06:06;Kellner 6;WAHR;3;voucher;;
221;239;86;ORDER: CREATED - Bestellung erfasst;H8;Cola 0,33;#004d40;Anti;3;0;NULL;;2026-05-10 11:06:06;Kellner 6;WAHR;3;voucher;;
222;242;87;ORDER: CREATED - Bestellung erfasst;F1;Radler 0,5;#afb42b;Alk;4,5;0;NULL;;2026-05-10 11:06:11;Kellner 4;WAHR;4,5;voucher;;
223;245;87;ORDER: CREATED - Bestellung erfasst;F1;Radler 0,5;#afb42b;Alk;4,5;0;NULL;;2026-05-10 11:06:11;Kellner 4;WAHR;4,5;voucher;;
224;244;87;ORDER: CREATED - Bestellung erfasst;F1;Almdudler 0,33;#fbc02d;Anti;3;0;NULL;;2026-05-10 11:06:11;Kellner 4;WAHR;3;voucher;;
225;243;87;ORDER: CREATED - Bestellung erfasst;F1;Sommer spritzer 0,5;#fff176;Alk;4,5;0;NULL;;2026-05-10 11:06:11;Kellner 4;WAHR;4,5;voucher;;
226;248;88;ORDER: CREATED - Bestellung erfasst;H4;Soda zitron 0,5;#4fc3f7;Anti;3;0;NULL;;2026-05-10 11:06:21;Kellner 5;WAHR;3;cash;;
227;246;88;ORDER: CREATED - Bestellung erfasst;H4;Radler 0,5;#afb42b;Alk;4,5;0;NULL;;2026-05-10 11:06:21;Kellner 5;WAHR;4,5;cash;;
228;247;88;ORDER: CREATED - Bestellung erfasst;H4;Soda zitron 0,5;#4fc3f7;Anti;3;0;NULL;;2026-05-10 11:06:21;Kellner 5;WAHR;3;cash;;
229;249;89;ORDER: CREATED - Bestellung erfasst;C10;Backhendl Salat;#4fc3f7;Essen;9;0;NULL;;2026-05-10 11:06:26;Kellner 1;WAHR;9;cash;;20
230;257;90;ORDER: CREATED - Bestellung erfasst;A1;Hendl mit Pommes;#0070c0;Essen;12,5;0;NULL;;2026-05-10 11:06:28;Kellner 11;WAHR;12,5;cash;;70
231;258;90;ORDER: CREATED - Bestellung erfasst;A1;Schnitzel mit Pommes;#827717;Essen;11,5;0;NULL;;2026-05-10 11:06:28;Kellner 11;WAHR;11,5;cash;;43
232;250;90;ORDER: CREATED - Bestellung erfasst;A1;Hendl mit Pommes;#0070c0;Essen;12,5;0;NULL;;2026-05-10 11:06:28;Kellner 11;WAHR;12,5;cash;;23
233;251;90;ORDER: CREATED - Bestellung erfasst;A1;Hendl mit Pommes;#0070c0;Essen;12,5;0;NULL;;2026-05-10 11:06:28;Kellner 11;WAHR;12,5;cash;;23
234;252;90;ORDER: CREATED - Bestellung erfasst;A1;Hendl mit Pommes;#0070c0;Essen;12,5;0;NULL;;2026-05-10 11:06:28;Kellner 11;WAHR;12,5;cash;;23
235;253;90;ORDER: CREATED - Bestellung erfasst;A1;Grillwürstel mit Pommes;#8bc34a;Essen;8;0;NULL;;2026-05-10 11:06:28;Kellner 11;WAHR;8;cash;;8
236;254;90;ORDER: CREATED - Bestellung erfasst;A1;Grillwürstel mit Pommes;#8bc34a;Essen;8;0;NULL;;2026-05-10 11:06:28;Kellner 11;WAHR;8;cash;;53
237;256;90;ORDER: CREATED - Bestellung erfasst;A1;Hendl mit Pommes;#0070c0;Essen;12,5;0;NULL;;2026-05-10 11:06:28;Kellner 11;WAHR;12,5;cash;;70
238;255;90;ORDER: CREATED - Bestellung erfasst;A1;Schnitzel mit Pommes;#827717;Essen;11,5;0;NULL;;2026-05-10 11:06:28;Kellner 11;WAHR;11,5;cash;;43
239;259;91;ORDER: CREATED - Bestellung erfasst;F1;Hendl mit Pommes;#0070c0;Essen;12,5;0;NULL;;2026-05-10 11:07:01;Kellner 4;WAHR;12,5;voucher;;37
240;262;91;ORDER: CREATED - Bestellung erfasst;F1;Schnitzel mit Pommes;#827717;Essen;11,5;0;NULL;;2026-05-10 11:07:01;Kellner 4;WAHR;11,5;voucher;;53
241;261;91;ORDER: CREATED - Bestellung erfasst;F1;Schnitzel mit Pommes;#827717;Essen;11,5;0;NULL;;2026-05-10 11:07:01;Kellner 4;WAHR;11,5;voucher;;53
242;260;91;ORDER: CREATED - Bestellung erfasst;F1;Hendl mit Pommes;#0070c0;Essen;12,5;0;NULL;;2026-05-10 11:07:01;Kellner 4;WAHR;12,5;voucher;;85
243;263;92;ORDER: CREATED - Bestellung erfasst;C10;Backhendl Salat;#4fc3f7;Essen;9;0;NULL;;2026-05-10 11:07:06;Kellner 1;WAHR;9;cash;;36
244;264;92;ORDER: CREATED - Bestellung erfasst;C10;Mineral 0,33;#b3e5fc;Anti;2,5;0;NULL;;2026-05-10 11:07:06;Kellner 1;WAHR;2,5;cash;;
245;265;92;ORDER: CREATED - Bestellung erfasst;C10;Bier 0,5;#fbc02d;Alk;4,5;0;NULL;;2026-05-10 11:07:06;Kellner 1;WAHR;4,5;cash;;
246;266;93;ORDER: CREATED - Bestellung erfasst;H8;Pommes;#ffc000;Essen;3,5;0;NULL;;2026-05-10 11:07:09;Kellner 6;WAHR;3,5;voucher;;64
247;267;93;ORDER: CREATED - Bestellung erfasst;H8;Pommes;#ffc000;Essen;3,5;0;NULL;;2026-05-10 11:07:09;Kellner 6;WAHR;3,5;voucher;;64
248;268;94;ORDER: CREATED - Bestellung erfasst;A1;Almdudler 0,33;#fbc02d;Anti;3;0;NULL;Mit Wasser im Glas zum spritzen;2026-05-10 11:07:10;Kellner 11;WAHR;3;voucher;;
249;271;95;ORDER: CREATED - Bestellung erfasst;U12;Backhendl Salat;#4fc3f7;Essen;9;0;NULL;;2026-05-10 11:07:19;Kellner 7;WAHR;9;cash;;34
250;273;95;ORDER: CREATED - Bestellung erfasst;U12;Bier 0,5;#fbc02d;Alk;4,5;0;NULL;;2026-05-10 11:07:19;Kellner 7;WAHR;4,5;cash;;
251;275;95;ORDER: CREATED - Bestellung erfasst;U12;Soda zitron 0,5;#4fc3f7;Anti;3;0;NULL;;2026-05-10 11:07:19;Kellner 7;WAHR;3;cash;;
252;274;95;ORDER: CREATED - Bestellung erfasst;U12;Hendl mit Pommes;#0070c0;Essen;12,5;0;NULL;;2026-05-10 11:07:19;Kellner 7;WAHR;12,5;cash;;66
253;269;95;ORDER: CREATED - Bestellung erfasst;U12;Sommer spritzer 0,5;#fff176;Alk;4,5;0;NULL;;2026-05-10 11:07:19;Kellner 7;WAHR;4,5;cash;;
254;270;95;ORDER: CREATED - Bestellung erfasst;U12;Hendl mit Pommes;#0070c0;Essen;12,5;0;NULL;;2026-05-10 11:07:19;Kellner 7;WAHR;12,5;cash;;66
255;272;95;ORDER: CREATED - Bestellung erfasst;U12;Sommer spritzer 0,5;#fff176;Alk;4,5;0;NULL;;2026-05-10 11:07:19;Kellner 7;WAHR;4,5;cash;;
256;286;96;ORDER: CREATED - Bestellung erfasst;C2;Bier 0,5;#fbc02d;Alk;4,5;0;NULL;;2026-05-10 11:07:54;Kellner 3;WAHR;4,5;cash;;
257;287;96;ORDER: CREATED - Bestellung erfasst;C2;Radler 0,5;#afb42b;Alk;4,5;0;NULL;;2026-05-10 11:07:54;Kellner 3;WAHR;4,5;cash;;
258;288;96;ORDER: CREATED - Bestellung erfasst;C2;Limo Orange 0,33;#ffc107;Anti;3;0;NULL;;2026-05-10 11:07:54;Kellner 3;WAHR;3;cash;;
259;276;96;ORDER: CREATED - Bestellung erfasst;C2;Bier 0,5;#fbc02d;Alk;4,5;0;NULL;;2026-05-10 11:07:54;Kellner 3;WAHR;4,5;cash;;
260;277;96;ORDER: CREATED - Bestellung erfasst;C2;Bier 0,5;#fbc02d;Alk;4,5;0;NULL;;2026-05-10 11:07:54;Kellner 3;WAHR;4,5;cash;;
261;278;96;ORDER: CREATED - Bestellung erfasst;C2;Radler 0,5;#afb42b;Alk;4,5;0;NULL;;2026-05-10 11:07:54;Kellner 3;WAHR;4,5;cash;;
262;279;96;ORDER: CREATED - Bestellung erfasst;C2;Bier 0,5;#fbc02d;Alk;4,5;0;NULL;;2026-05-10 11:07:54;Kellner 3;WAHR;4,5;cash;;
263;280;96;ORDER: CREATED - Bestellung erfasst;C2;Bier 0,5;#fbc02d;Alk;4,5;0;NULL;;2026-05-10 11:07:54;Kellner 3;WAHR;4,5;cash;;
264;281;96;ORDER: CREATED - Bestellung erfasst;C2;Sommer spritzer 0,5;#fff176;Alk;4,5;0;NULL;;2026-05-10 11:07:54;Kellner 3;WAHR;4,5;cash;;
265;282;96;ORDER: CREATED - Bestellung erfasst;C2;Bier 0,5;#fbc02d;Alk;4,5;0;NULL;;2026-05-10 11:07:54;Kellner 3;WAHR;4,5;cash;;
266;283;96;ORDER: CREATED - Bestellung erfasst;C2;Bier 0,5;#fbc02d;Alk;4,5;0;NULL;;2026-05-10 11:07:54;Kellner 3;WAHR;4,5;cash;;
267;284;96;ORDER: CREATED - Bestellung erfasst;C2;Bier 0,5;#fbc02d;Alk;4,5;0;NULL;;2026-05-10 11:07:54;Kellner 3;WAHR;4,5;cash;;
268;285;96;ORDER: CREATED - Bestellung erfasst;C2;Bier 0,5;#fbc02d;Alk;4,5;0;NULL;;2026-05-10 11:07:54;Kellner 3;WAHR;4,5;cash;;
269;291;97;ORDER: CREATED - Bestellung erfasst;G8;Schnitzelsemmerl;#f57f17;Essen;4,5;0;NULL;;2026-05-10 11:07:58;Kellner 6;WAHR;4,5;voucher;;45
270;294;97;ORDER: CREATED - Bestellung erfasst;G8;Hendl mit Pommes;#0070c0;Essen;12,5;0;NULL;;2026-05-10 11:07:58;Kellner 6;WAHR;12,5;voucher;;60
271;293;97;ORDER: CREATED - Bestellung erfasst;G8;Grillwürstel mit Pommes;#8bc34a;Essen;8;0;NULL;;2026-05-10 11:07:58;Kellner 6;WAHR;8;voucher;;67
272;289;97;ORDER: CREATED - Bestellung erfasst;G8;Hendl mit Pommes;#0070c0;Essen;12,5;0;NULL;;2026-05-10 11:07:58;Kellner 6;WAHR;12,5;free;;27
273;290;97;ORDER: CREATED - Bestellung erfasst;G8;Schnitzelsemmerl;#f57f17;Essen;4,5;0;NULL;;2026-05-10 11:07:58;Kellner 6;WAHR;4,5;voucher;;45
274;292;97;ORDER: CREATED - Bestellung erfasst;G8;Hendl mit Pommes;#0070c0;Essen;12,5;0;NULL;;2026-05-10 11:07:58;Kellner 6;WAHR;12,5;voucher;;60
275;296;98;ORDER: CREATED - Bestellung erfasst;G10;Sommer spritzer 0,5;#fff176;Alk;4,5;0;NULL;;2026-05-10 11:08:01;Kellner 9;WAHR;4,5;cash;;
276;295;98;ORDER: CREATED - Bestellung erfasst;G10;Backhendl Salat;#4fc3f7;Essen;9;0;NULL;;2026-05-10 11:08:01;Kellner 9;WAHR;9;cash;;35
277;297;99;ORDER: CREATED - Bestellung erfasst;E8;Radler 0,5;#afb42b;Alk;4,5;0;NULL;;2026-05-10 11:08:11;Kellner 10;WAHR;4,5;cash;;
278;298;99;ORDER: CREATED - Bestellung erfasst;E8;Limo Orange 0,33;#ffc107;Anti;3;0;NULL;;2026-05-10 11:08:11;Kellner 10;WAHR;3;cash;;
279;299;99;ORDER: CREATED - Bestellung erfasst;E8;Schnitzel mit Pommes;#827717;Essen;11,5;0;NULL;;2026-05-10 11:08:11;Kellner 10;WAHR;11,5;cash;;42
280;300;100;ORDER: CREATED - Bestellung erfasst;G8;Hendl mit Pommes;#0070c0;Essen;12,5;0;NULL;;2026-05-10 11:08:32;Kellner 6;WAHR;12,5;voucher;;25
281;301;101;ORDER: CREATED - Bestellung erfasst;F2;Bier 0,5;#fbc02d;Alk;4,5;0;NULL;;2026-05-10 11:08:33;Kellner 4;WAHR;4,5;cash;;
282;313;102;ORDER: CREATED - Bestellung erfasst;B1;Radler 0,5;#afb42b;Alk;4,5;0;NULL;;2026-05-10 11:08:44;Kellner 11;WAHR;4,5;voucher;;
283;305;102;ORDER: CREATED - Bestellung erfasst;B1;Bier 0,5;#fbc02d;Alk;4,5;0;NULL;;2026-05-10 11:08:44;Kellner 11;WAHR;4,5;voucher;;
284;304;102;ORDER: CREATED - Bestellung erfasst;B1;Bier 0,5;#fbc02d;Alk;4,5;0;NULL;;2026-05-10 11:08:44;Kellner 11;WAHR;4,5;voucher;;
285;303;102;ORDER: CREATED - Bestellung erfasst;B1;Soda zitron 0,5;#4fc3f7;Anti;3;0;NULL;;2026-05-10 11:08:44;Kellner 11;WAHR;3;voucher;;
286;302;102;ORDER: CREATED - Bestellung erfasst;B1;Bier 0,5;#fbc02d;Alk;4,5;0;NULL;;2026-05-10 11:08:44;Kellner 11;WAHR;4,5;voucher;;
287;310;102;ORDER: CREATED - Bestellung erfasst;B1;Sommer spritzer 0,5;#fff176;Alk;4,5;0;NULL;;2026-05-10 11:08:44;Kellner 11;WAHR;4,5;voucher;;
288;311;102;ORDER: CREATED - Bestellung erfasst;B1;Sommer spritzer 0,5;#fff176;Alk;4,5;0;NULL;;2026-05-10 11:08:44;Kellner 11;WAHR;4,5;voucher;;
289;312;102;ORDER: CREATED - Bestellung erfasst;B1;Sommer spritzer 0,5;#fff176;Alk;4,5;0;NULL;;2026-05-10 11:08:44;Kellner 11;WAHR;4,5;voucher;;
290;309;102;ORDER: CREATED - Bestellung erfasst;B1;Sommer spritzer 0,5;#fff176;Alk;4,5;0;NULL;;2026-05-10 11:08:44;Kellner 11;WAHR;4,5;voucher;;
291;306;102;ORDER: CREATED - Bestellung erfasst;B1;Bier 0,5;#fbc02d;Alk;4,5;0;NULL;;2026-05-10 11:08:44;Kellner 11;WAHR;4,5;voucher;;
292;307;102;ORDER: CREATED - Bestellung erfasst;B1;Sommer spritzer 0,5;#fff176;Alk;4,5;0;NULL;;2026-05-10 11:08:44;Kellner 11;WAHR;4,5;voucher;;
293;308;102;ORDER: CREATED - Bestellung erfasst;B1;Sommer spritzer 0,5;#fff176;Alk;4,5;0;NULL;;2026-05-10 11:08:44;Kellner 11;WAHR;4,5;voucher;;
294;314;103;ORDER: CREATED - Bestellung erfasst;C10;Bier 0,5;#fbc02d;Alk;4,5;0;NULL;;2026-05-10 11:08:49;Kellner 1;WAHR;4,5;voucher;;
295;315;104;ORDER: CREATED - Bestellung erfasst;G8;Soda zitron 0,5;#4fc3f7;Anti;3;0;NULL;;2026-05-10 11:09:14;Kellner 6;WAHR;3;free;;
296;316;105;ORDER: CREATED - Bestellung erfasst;A3;Radler 0,5;#afb42b;Alk;4,5;0;NULL;;2026-05-10 11:09:41;Kellner 3;WAHR;4,5;cash;;
297;319;106;ORDER: CREATED - Bestellung erfasst;I4;Radler 0,5;#afb42b;Alk;4,5;0;NULL;;2026-05-10 11:09:54;Kellner 5;WAHR;4,5;voucher;;
298;318;106;ORDER: CREATED - Bestellung erfasst;I4;Hendl mit Pommes;#0070c0;Essen;12,5;0;NULL;;2026-05-10 11:09:54;Kellner 5;WAHR;12,5;voucher;;7
299;317;106;ORDER: CREATED - Bestellung erfasst;I4;Radler 0,5;#afb42b;Alk;4,5;0;NULL;;2026-05-10 11:09:54;Kellner 5;WAHR;4,5;voucher;;
300;322;106;ORDER: CREATED - Bestellung erfasst;I4;Hendl mit Pommes;#0070c0;Essen;12,5;0;NULL;;2026-05-10 11:09:54;Kellner 5;WAHR;12,5;voucher;;7
301;321;106;ORDER: CREATED - Bestellung erfasst;I4;Hendl mit Pommes;#0070c0;Essen;12,5;0;NULL;;2026-05-10 11:09:54;Kellner 5;WAHR;12,5;voucher;;7
302;320;106;ORDER: CREATED - Bestellung erfasst;I4;Radler 0,5;#afb42b;Alk;4,5;0;NULL;;2026-05-10 11:09:54;Kellner 5;WAHR;4,5;voucher;;
303;328;106;ORDER: CREATED - Bestellung erfasst;I4;Gemüselaibchen mit Salat;#ffeb3b;Essen;9;0;NULL;;2026-05-10 11:09:54;Kellner 5;WAHR;9;voucher;;25
304;327;106;ORDER: CREATED - Bestellung erfasst;I4;Almdudler 0,33;#fbc02d;Anti;3;0;NULL;;2026-05-10 11:09:54;Kellner 5;WAHR;3;voucher;;
305;326;106;ORDER: CREATED - Bestellung erfasst;I4;Soda zitron 0,5;#4fc3f7;Anti;3;0;NULL;;2026-05-10 11:09:54;Kellner 5;WAHR;3;cash;;
306;325;106;ORDER: CREATED - Bestellung erfasst;I4;Hendl mit Pommes;#0070c0;Essen;12,5;0;NULL;;2026-05-10 11:09:54;Kellner 5;WAHR;12,5;voucher;;20
307;324;106;ORDER: CREATED - Bestellung erfasst;I4;Hendl mit Pommes;#0070c0;Essen;12,5;0;NULL;;2026-05-10 11:09:54;Kellner 5;WAHR;12,5;voucher;;7
308;323;106;ORDER: CREATED - Bestellung erfasst;I4;Mineral 0,33;#b3e5fc;Anti;2,5;0;NULL;;2026-05-10 11:09:54;Kellner 5;WAHR;2,5;voucher;;
309;329;107;ORDER: CREATED - Bestellung erfasst;H8;Almdudler 0,33;#fbc02d;Anti;3;0;NULL;;2026-05-10 11:10:09;Kellner 2;WAHR;3;voucher;;
310;337;108;ORDER: CREATED - Bestellung erfasst;G7;Hendl mit Pommes;#0070c0;Essen;12,5;0;NULL;;2026-05-10 11:10:12;Kellner 6;WAHR;12,5;voucher;;65
311;336;108;ORDER: CREATED - Bestellung erfasst;G7;Hendl mit Pommes;#0070c0;Essen;12,5;0;NULL;;2026-05-10 11:10:12;Kellner 6;WAHR;12,5;voucher;;65
312;335;108;ORDER: CREATED - Bestellung erfasst;G7;Hendl mit Pommes;#0070c0;Essen;12,5;0;NULL;;2026-05-10 11:10:12;Kellner 6;WAHR;12,5;voucher;;35
313;334;108;ORDER: CREATED - Bestellung erfasst;G7;Hendl mit Pommes;#0070c0;Essen;12,5;0;NULL;;2026-05-10 11:10:12;Kellner 6;WAHR;12,5;free;;35
314;333;108;ORDER: CREATED - Bestellung erfasst;G7;Hendl mit Pommes;#0070c0;Essen;12,5;0;NULL;;2026-05-10 11:10:12;Kellner 6;WAHR;12,5;free;;35
315;332;108;ORDER: CREATED - Bestellung erfasst;G7;Schnitzel mit Pommes;#827717;Essen;11,5;0;NULL;;2026-05-10 11:10:12;Kellner 6;WAHR;11,5;voucher;;29
316;331;108;ORDER: CREATED - Bestellung erfasst;G7;Hendl mit Pommes;#0070c0;Essen;12,5;0;NULL;;2026-05-10 11:10:12;Kellner 6;WAHR;12,5;free;;35
317;330;108;ORDER: CREATED - Bestellung erfasst;G7;Backhendl Salat;#4fc3f7;Essen;9;0;NULL;;2026-05-10 11:10:12;Kellner 6;WAHR;9;voucher;;17
318;339;109;ORDER: CREATED - Bestellung erfasst;B3;Bier 0,5;#fbc02d;Alk;4,5;0;NULL;;2026-05-10 11:10:31;Kellner 3;WAHR;4,5;cash;;
319;340;109;ORDER: CREATED - Bestellung erfasst;B3;Bier 0,5;#fbc02d;Alk;4,5;0;NULL;;2026-05-10 11:10:31;Kellner 3;WAHR;4,5;cash;;
320;338;109;ORDER: CREATED - Bestellung erfasst;B3;Cola 0,33;#004d40;Anti;3;0;NULL;;2026-05-10 11:10:31;Kellner 3;WAHR;3;cash;;
321;342;109;ORDER: CREATED - Bestellung erfasst;B3;Cola 0,33;#004d40;Anti;3;0;NULL;;2026-05-10 11:10:31;Kellner 3;WAHR;3;cash;;
322;341;109;ORDER: CREATED - Bestellung erfasst;B3;Cola 0,33;#004d40;Anti;3;0;NULL;;2026-05-10 11:10:31;Kellner 3;WAHR;3;cash;;
323;343;110;ORDER: CREATED - Bestellung erfasst;H4;Bier 0,5;#fbc02d;Alk;4,5;0;NULL;;2026-05-10 11:10:34;Kellner 5;WAHR;4,5;voucher;;
324;344;111;ORDER: CREATED - Bestellung erfasst;G8;Hendl mit Pommes;#0070c0;Essen;12,5;0;NULL;;2026-05-10 11:10:41;Kellner 2;WAHR;12,5;voucher;;47
325;347;112;ORDER: CREATED - Bestellung erfasst;U1;Hendl mit Pommes;#0070c0;Essen;12,5;0;NULL;;2026-05-10 11:10:41;Kellner 7;WAHR;12,5;cash;;47
326;349;112;ORDER: CREATED - Bestellung erfasst;U1;Hendl mit Pommes;#0070c0;Essen;12,5;0;NULL;;2026-05-10 11:10:41;Kellner 7;WAHR;12,5;cash;;47
327;348;112;ORDER: CREATED - Bestellung erfasst;U1;Hendl mit Pommes;#0070c0;Essen;12,5;0;NULL;;2026-05-10 11:10:41;Kellner 7;WAHR;12,5;cash;;47
328;346;112;ORDER: CREATED - Bestellung erfasst;U1;Almdudler 0,33;#fbc02d;Anti;3;0;NULL;;2026-05-10 11:10:41;Kellner 7;WAHR;3;cash;;
329;345;112;ORDER: CREATED - Bestellung erfasst;U1;Almdudler 0,33;#fbc02d;Anti;3;0;NULL;;2026-05-10 11:10:41;Kellner 7;WAHR;3;cash;;
330;355;113;ORDER: CREATED - Bestellung erfasst;B1;Hendl mit Pommes;#0070c0;Essen;12,5;0;NULL;;2026-05-10 11:10:48;Kellner 11;WAHR;12,5;cash;;94
331;353;113;ORDER: CREATED - Bestellung erfasst;B1;Hendl mit Pommes;#0070c0;Essen;12,5;0;NULL;;2026-05-10 11:10:48;Kellner 11;WAHR;12,5;cash;;72
332;351;113;ORDER: CREATED - Bestellung erfasst;B1;Hendl mit Pommes;#0070c0;Essen;12,5;0;NULL;;2026-05-10 11:10:48;Kellner 11;WAHR;12,5;cash;;72
333;352;113;ORDER: CREATED - Bestellung erfasst;B1;Grillwürstel mit Pommes;#8bc34a;Essen;8;0;NULL;;2026-05-10 11:10:48;Kellner 11;WAHR;8;cash;;47
334;350;113;ORDER: CREATED - Bestellung erfasst;B1;Hendl mit Pommes;#0070c0;Essen;12,5;0;NULL;;2026-05-10 11:10:48;Kellner 11;WAHR;12,5;cash;;72
335;354;113;ORDER: CREATED - Bestellung erfasst;B1;Hendl mit Pommes;#0070c0;Essen;12,5;0;NULL;;2026-05-10 11:10:48;Kellner 11;WAHR;12,5;cash;;94
336;356;114;ORDER: CREATED - Bestellung erfasst;U1;Almdudler 0,33;#fbc02d;Anti;3;0;NULL;;2026-05-10 11:11:00;Kellner 7;WAHR;3;cash;;
337;357;115;ORDER: CREATED - Bestellung erfasst;H4;Hendl mit Pommes;#0070c0;Essen;12,5;0;NULL;;2026-05-10 11:11:10;Kellner 5;WAHR;12,5;cash;;72
338;360;116;ORDER: CREATED - Bestellung erfasst;B3;Hendl mit Pommes;#0070c0;Essen;12,5;0;NULL;;2026-05-10 11:11:25;Kellner 3;WAHR;12,5;cash;;58
339;362;116;ORDER: CREATED - Bestellung erfasst;B3;Grillwürstel mit Pommes;#8bc34a;Essen;8;0;NULL;;2026-05-10 11:11:25;Kellner 3;WAHR;8;voucher;;77
340;358;116;ORDER: CREATED - Bestellung erfasst;B3;Hendl mit Pommes;#0070c0;Essen;12,5;0;NULL;;2026-05-10 11:11:25;Kellner 3;WAHR;12,5;cash;;58
341;359;116;ORDER: CREATED - Bestellung erfasst;B3;Backhendl Salat;#4fc3f7;Essen;9;0;NULL;;2026-05-10 11:11:25;Kellner 3;WAHR;9;voucher;;22
342;361;116;ORDER: CREATED - Bestellung erfasst;B3;Grillwürstel mit Pommes;#8bc34a;Essen;8;0;NULL;;2026-05-10 11:11:25;Kellner 3;WAHR;8;cash;;77
343;365;117;ORDER: CREATED - Bestellung erfasst;B10;Radler 0,5;#afb42b;Alk;4,5;0;NULL;;2026-05-10 11:11:32;Kellner 8;WAHR;4,5;cash;;
344;370;117;ORDER: CREATED - Bestellung erfasst;B10;Backhendl Salat;#4fc3f7;Essen;9;0;NULL;;2026-05-10 11:11:32;Kellner 8;WAHR;9;cash;;40
345;369;117;ORDER: CREATED - Bestellung erfasst;B10;Hendl mit Pommes;#0070c0;Essen;12,5;0;NULL;;2026-05-10 11:11:32;Kellner 8;WAHR;12,5;cash;;103
346;368;117;ORDER: CREATED - Bestellung erfasst;B10;Hendl mit Pommes;#0070c0;Essen;12,5;0;NULL;;2026-05-10 11:11:32;Kellner 8;WAHR;12,5;cash;;50
347;367;117;ORDER: CREATED - Bestellung erfasst;B10;Hendl mit Pommes;#0070c0;Essen;12,5;0;NULL;;2026-05-10 11:11:32;Kellner 8;WAHR;12,5;cash;;50
348;366;117;ORDER: CREATED - Bestellung erfasst;B10;Sommer spritzer 0,5;#fff176;Alk;4,5;0;NULL;;2026-05-10 11:11:32;Kellner 8;WAHR;4,5;cash;;
349;364;117;ORDER: CREATED - Bestellung erfasst;B10;Radler sauer 0,5;#aed581;Alk;4,5;0;NULL;;2026-05-10 11:11:32;Kellner 8;WAHR;4,5;cash;;
350;363;117;ORDER: CREATED - Bestellung erfasst;B10;Radler sauer 0,5;#aed581;Alk;4,5;0;NULL;;2026-05-10 11:11:32;Kellner 8;WAHR;4,5;cash;;
351;373;118;ORDER: CREATED - Bestellung erfasst;G6;Almdudler 0,33;#fbc02d;Anti;3;0;NULL;;2026-05-10 11:11:41;Kellner 6;WAHR;3;free;;
352;372;118;ORDER: CREATED - Bestellung erfasst;G6;Sommer spritzer 0,5;#fff176;Alk;4,5;0;NULL;;2026-05-10 11:11:41;Kellner 6;WAHR;4,5;free;;
353;371;118;ORDER: CREATED - Bestellung erfasst;G6;Sommer spritzer 0,5;#fff176;Alk;4,5;0;NULL;;2026-05-10 11:11:41;Kellner 6;WAHR;4,5;free;;
354;381;119;ORDER: CREATED - Bestellung erfasst;I2;Soda zitron 0,5;#4fc3f7;Anti;3;0;NULL;;2026-05-10 11:11:42;Kellner 4;WAHR;3;voucher;;
355;380;119;ORDER: CREATED - Bestellung erfasst;I2;Soda zitron 0,5;#4fc3f7;Anti;3;0;NULL;;2026-05-10 11:11:42;Kellner 4;WAHR;3;voucher;;
356;379;119;ORDER: CREATED - Bestellung erfasst;I2;Sommer spritzer 0,5;#fff176;Alk;4,5;0;NULL;;2026-05-10 11:11:42;Kellner 4;WAHR;4,5;voucher;;
357;384;119;ORDER: CREATED - Bestellung erfasst;I2;Almdudler 0,33;#fbc02d;Anti;3;0;NULL;;2026-05-10 11:11:42;Kellner 4;WAHR;3;voucher;;
358;377;119;ORDER: CREATED - Bestellung erfasst;I2;Bier 0,5;#fbc02d;Alk;4,5;0;NULL;;2026-05-10 11:11:42;Kellner 4;WAHR;4,5;voucher;;
359;376;119;ORDER: CREATED - Bestellung erfasst;I2;Freibier 0.5;#ffeb3b;Alk;4,5;0;NULL;;2026-05-10 11:11:42;Kellner 4;WAHR;4,5;voucher;;
360;375;119;ORDER: CREATED - Bestellung erfasst;I2;Hendl mit Pommes;#0070c0;Essen;12,5;0;NULL;;2026-05-10 11:11:42;Kellner 4;WAHR;12,5;voucher;;94
361;374;119;ORDER: CREATED - Bestellung erfasst;I2;Bier 0,5;#fbc02d;Alk;4,5;0;NULL;;2026-05-10 11:11:42;Kellner 4;WAHR;4,5;voucher;;
362;378;119;ORDER: CREATED - Bestellung erfasst;I2;Bier 0,5;#fbc02d;Alk;4,5;0;NULL;;2026-05-10 11:11:42;Kellner 4;WAHR;4,5;voucher;;
363;383;119;ORDER: CREATED - Bestellung erfasst;I2;Soda zitron 0,5;#4fc3f7;Anti;3;0;NULL;;2026-05-10 11:11:42;Kellner 4;WAHR;3;voucher;;
364;382;119;ORDER: CREATED - Bestellung erfasst;I2;Soda zitron 0,5;#4fc3f7;Anti;3;0;NULL;;2026-05-10 11:11:42;Kellner 4;WAHR;3;voucher;;
365;392;119;ORDER: CREATED - Bestellung erfasst;I2;Schnitzel mit Pommes;#827717;Essen;11,5;0;NULL;;2026-05-10 11:11:42;Kellner 4;WAHR;11,5;voucher;;117
366;393;119;ORDER: CREATED - Bestellung erfasst;I2;Hendl mit Pommes;#0070c0;Essen;12,5;0;NULL;;2026-05-10 11:11:42;Kellner 4;WAHR;12,5;voucher;;94
367;394;119;ORDER: CREATED - Bestellung erfasst;I2;Schnitzel mit Pommes;#827717;Essen;11,5;0;NULL;;2026-05-10 11:11:42;Kellner 4;WAHR;11,5;voucher;;117
368;395;119;ORDER: CREATED - Bestellung erfasst;I2;Backhendl Salat;#4fc3f7;Essen;9;0;NULL;;2026-05-10 11:11:42;Kellner 4;WAHR;9;voucher;;60
369;385;119;ORDER: CREATED - Bestellung erfasst;I2;Almdudler 0,33;#fbc02d;Anti;3;0;NULL;;2026-05-10 11:11:42;Kellner 4;WAHR;3;voucher;;
370;386;119;ORDER: CREATED - Bestellung erfasst;I2;Sommer spritzer 0,5;#fff176;Alk;4,5;0;NULL;;2026-05-10 11:11:42;Kellner 4;WAHR;4,5;voucher;;
371;387;119;ORDER: CREATED - Bestellung erfasst;I2;Backhendl Salat;#4fc3f7;Essen;9;0;NULL;;2026-05-10 11:11:42;Kellner 4;WAHR;9;voucher;;30
372;388;119;ORDER: CREATED - Bestellung erfasst;I2;Backhendl Salat;#4fc3f7;Essen;9;0;NULL;;2026-05-10 11:11:42;Kellner 4;WAHR;9;voucher;;46
373;389;119;ORDER: CREATED - Bestellung erfasst;I2;Grillwürstel mit Pommes;#8bc34a;Essen;8;0;NULL;;2026-05-10 11:11:42;Kellner 4;WAHR;8;voucher;;88
374;390;119;ORDER: CREATED - Bestellung erfasst;I2;Grillwürstel mit Pommes;#8bc34a;Essen;8;0;NULL;;2026-05-10 11:11:42;Kellner 4;WAHR;8;voucher;;88
375;391;119;ORDER: CREATED - Bestellung erfasst;I2;Backhendl Salat;#4fc3f7;Essen;9;0;NULL;;2026-05-10 11:11:42;Kellner 4;WAHR;9;voucher;;60
376;400;120;ORDER: CREATED - Bestellung erfasst;B2;Hendl mit Pommes;#0070c0;Essen;12,5;0;NULL;;2026-05-10 11:11:46;Kellner 11;WAHR;12,5;cash;;118
377;398;120;ORDER: CREATED - Bestellung erfasst;B2;Hendl mit Pommes;#0070c0;Essen;12,5;0;NULL;;2026-05-10 11:11:46;Kellner 11;WAHR;12,5;cash;;118
378;399;120;ORDER: CREATED - Bestellung erfasst;B2;Hendl mit Pommes;#0070c0;Essen;12,5;0;NULL;;2026-05-10 11:11:46;Kellner 11;WAHR;12,5;cash;;118
379;397;120;ORDER: CREATED - Bestellung erfasst;B2;Hendl mit Pommes;#0070c0;Essen;12,5;0;NULL;;2026-05-10 11:11:46;Kellner 11;WAHR;12,5;cash;;118
380;401;120;ORDER: CREATED - Bestellung erfasst;B2;Hendl mit Pommes;#0070c0;Essen;12,5;0;NULL;;2026-05-10 11:11:46;Kellner 11;WAHR;12,5;cash;;130
381;396;120;ORDER: CREATED - Bestellung erfasst;B2;Hendl mit Pommes;#0070c0;Essen;12,5;0;NULL;;2026-05-10 11:11:46;Kellner 11;WAHR;12,5;cash;;90
382;402;121;ORDER: CREATED - Bestellung erfasst;U11;Limo Orange 0,33;#ffc107;Anti;3;0;NULL;;2026-05-10 11:12:20;Kellner 7;WAHR;3;cash;;
383;410;122;ORDER: CREATED - Bestellung erfasst;H6;Grillwürstel mit Pommes;#8bc34a;Essen;8;0;NULL;;2026-05-10 11:12:28;Kellner 2;WAHR;8;voucher;;93
384;409;122;ORDER: CREATED - Bestellung erfasst;H6;Schnitzel mit Pommes;#827717;Essen;11,5;0;NULL;;2026-05-10 11:12:28;Kellner 2;WAHR;11,5;voucher;;71
385;405;122;ORDER: CREATED - Bestellung erfasst;H6;Hendl mit Pommes;#0070c0;Essen;12,5;0;NULL;;2026-05-10 11:12:28;Kellner 2;WAHR;12,5;voucher;;88
386;408;122;ORDER: CREATED - Bestellung erfasst;H6;Radler 0,5;#afb42b;Alk;4,5;0;NULL;;2026-05-10 11:12:28;Kellner 2;WAHR;4,5;voucher;;
387;406;122;ORDER: CREATED - Bestellung erfasst;H6;Grillwürstel mit Pommes;#8bc34a;Essen;8;0;NULL;;2026-05-10 11:12:28;Kellner 2;WAHR;8;voucher;;93
388;407;122;ORDER: CREATED - Bestellung erfasst;H6;Bier 0,5;#fbc02d;Alk;4,5;0;NULL;;2026-05-10 11:12:28;Kellner 2;WAHR;4,5;voucher;;
389;414;122;ORDER: CREATED - Bestellung erfasst;H6;Schnitzel mit Pommes;#827717;Essen;11,5;0;NULL;;2026-05-10 11:12:28;Kellner 2;WAHR;11,5;voucher;;145
390;415;122;ORDER: CREATED - Bestellung erfasst;H6;Hendl mit Pommes;#0070c0;Essen;12,5;0;NULL;;2026-05-10 11:12:28;Kellner 2;WAHR;12,5;voucher;;88
391;417;122;ORDER: CREATED - Bestellung erfasst;H6;Bier 0,5;#fbc02d;Alk;4,5;0;NULL;;2026-05-10 11:12:28;Kellner 2;WAHR;4,5;voucher;;
392;416;122;ORDER: CREATED - Bestellung erfasst;H6;Hendl mit Pommes;#0070c0;Essen;12,5;0;NULL;;2026-05-10 11:12:28;Kellner 2;WAHR;12,5;voucher;;88
393;403;122;ORDER: CREATED - Bestellung erfasst;H6;Freibier 0.5;#ffeb3b;Alk;4,5;0;NULL;;2026-05-10 11:12:28;Kellner 2;WAHR;4,5;voucher;;
394;404;122;ORDER: CREATED - Bestellung erfasst;H6;Radler 0,5;#afb42b;Alk;4,5;0;NULL;;2026-05-10 11:12:28;Kellner 2;WAHR;4,5;voucher;;
395;418;122;ORDER: CREATED - Bestellung erfasst;H6;Bier 0,5;#fbc02d;Alk;4,5;0;NULL;;2026-05-10 11:12:28;Kellner 2;WAHR;4,5;voucher;;
396;413;122;ORDER: CREATED - Bestellung erfasst;H6;Bier 0,5;#fbc02d;Alk;4,5;0;NULL;;2026-05-10 11:12:28;Kellner 2;WAHR;4,5;voucher;;
397;412;122;ORDER: CREATED - Bestellung erfasst;H6;Schnitzel mit Pommes;#827717;Essen;11,5;0;NULL;;2026-05-10 11:12:28;Kellner 2;WAHR;11,5;voucher;;117
398;411;122;ORDER: CREATED - Bestellung erfasst;H6;Soda zitron 0,5;#4fc3f7;Anti;3;0;NULL;;2026-05-10 11:12:28;Kellner 2;WAHR;3;voucher;;
399;420;123;ORDER: CREATED - Bestellung erfasst;F6;Mineral 0,33;#b3e5fc;Anti;2,5;0;NULL;Mit Glas;2026-05-10 11:12:51;Kellner 6;WAHR;2,5;free;;
400;426;123;ORDER: CREATED - Bestellung erfasst;F6;Bier 0,5;#fbc02d;Alk;4,5;0;NULL;;2026-05-10 11:12:51;Kellner 6;WAHR;4,5;free;;
401;425;123;ORDER: CREATED - Bestellung erfasst;F6;Soda zitron 0,5;#4fc3f7;Anti;3;0;NULL;;2026-05-10 11:12:51;Kellner 6;WAHR;3;free;;
402;424;123;ORDER: CREATED - Bestellung erfasst;F6;Bier 0,5;#fbc02d;Alk;4,5;0;NULL;;2026-05-10 11:12:51;Kellner 6;WAHR;4,5;free;;
403;423;123;ORDER: CREATED - Bestellung erfasst;F6;Bier 0,5;#fbc02d;Alk;4,5;0;NULL;;2026-05-10 11:12:51;Kellner 6;WAHR;4,5;free;;
404;422;123;ORDER: CREATED - Bestellung erfasst;F6;Bier 0,5;#fbc02d;Alk;4,5;0;NULL;;2026-05-10 11:12:51;Kellner 6;WAHR;4,5;free;;
405;421;123;ORDER: CREATED - Bestellung erfasst;F6;Mineral 0,33;#b3e5fc;Anti;2,5;0;NULL;;2026-05-10 11:12:51;Kellner 6;WAHR;2,5;free;;
406;419;123;ORDER: CREATED - Bestellung erfasst;F6;Almdudler 0,33;#fbc02d;Anti;3;0;NULL;;2026-05-10 11:12:51;Kellner 6;WAHR;3;free;;
407;429;124;ORDER: CREATED - Bestellung erfasst;D10;Backhendl Salat;#4fc3f7;Essen;9;0;NULL;;2026-05-10 11:12:56;Kellner 1;WAHR;9;cash;;14
408;430;124;ORDER: CREATED - Bestellung erfasst;D10;Backhendl Salat;#4fc3f7;Essen;9;0;NULL;;2026-05-10 11:12:56;Kellner 1;WAHR;9;cash;;84
409;431;124;ORDER: CREATED - Bestellung erfasst;D10;Hendl mit Pommes;#0070c0;Essen;12,5;0;NULL;;2026-05-10 11:12:56;Kellner 1;WAHR;12,5;cash;;100
410;427;124;ORDER: CREATED - Bestellung erfasst;D10;Mineral 0,33;#b3e5fc;Anti;2,5;0;NULL;;2026-05-10 11:12:56;Kellner 1;WAHR;2,5;cash;;
411;428;124;ORDER: CREATED - Bestellung erfasst;D10;Soda zitron 0,5;#4fc3f7;Anti;3;0;NULL;;2026-05-10 11:12:56;Kellner 1;WAHR;3;cash;;
412;435;125;ORDER: CREATED - Bestellung erfasst;G4;Hendl mit Pommes;#0070c0;Essen;12,5;0;NULL;;2026-05-10 11:13:12;Kellner 5;WAHR;12,5;cash;;84
413;434;125;ORDER: CREATED - Bestellung erfasst;G4;Sommer spritzer 0,5;#fff176;Alk;4,5;0;NULL;;2026-05-10 11:13:12;Kellner 5;WAHR;4,5;voucher;;
414;433;125;ORDER: CREATED - Bestellung erfasst;G4;Bier 0,5;#fbc02d;Alk;4,5;0;NULL;;2026-05-10 11:13:12;Kellner 5;WAHR;4,5;voucher;;
415;432;125;ORDER: CREATED - Bestellung erfasst;G4;Hendl mit Pommes;#0070c0;Essen;12,5;0;NULL;;2026-05-10 11:13:12;Kellner 5;WAHR;12,5;cash;;84
416;441;125;ORDER: CREATED - Bestellung erfasst;G4;Hendl mit Pommes;#0070c0;Essen;12,5;0;NULL;;2026-05-10 11:13:12;Kellner 5;WAHR;12,5;cash;;84
417;439;125;ORDER: CREATED - Bestellung erfasst;G4;Pommes;#ffc000;Essen;3,5;0;NULL;;2026-05-10 11:13:12;Kellner 5;WAHR;3,5;voucher;;187
418;438;125;ORDER: CREATED - Bestellung erfasst;G4;Cola 0,33;#004d40;Anti;3;0;NULL;;2026-05-10 11:13:12;Kellner 5;WAHR;3;voucher;;
419;437;125;ORDER: CREATED - Bestellung erfasst;G4;Schnitzel mit Pommes;#827717;Essen;11,5;0;NULL;;2026-05-10 11:13:12;Kellner 5;WAHR;11,5;voucher;;102
420;436;125;ORDER: CREATED - Bestellung erfasst;G4;Radler 0,5;#afb42b;Alk;4,5;0;NULL;;2026-05-10 11:13:12;Kellner 5;WAHR;4,5;voucher;;
421;440;125;ORDER: CREATED - Bestellung erfasst;G4;Sommer spritzer 0,5;#fff176;Alk;4,5;0;NULL;;2026-05-10 11:13:12;Kellner 5;WAHR;4,5;voucher;;
422;444;126;ORDER: CREATED - Bestellung erfasst;U4;Hendl mit Pommes;#0070c0;Essen;12,5;0;NULL;;2026-05-10 11:13:20;Kellner 9;WAHR;12,5;cash;;149
423;443;126;ORDER: CREATED - Bestellung erfasst;U4;Soda zitron 0,5;#4fc3f7;Anti;3;0;NULL;;2026-05-10 11:13:20;Kellner 9;WAHR;3;cash;;
424;442;126;ORDER: CREATED - Bestellung erfasst;U4;Bier 0,5;#fbc02d;Alk;4,5;0;NULL;;2026-05-10 11:13:20;Kellner 9;WAHR;4,5;cash;;
425;445;126;ORDER: CREATED - Bestellung erfasst;U4;Hendl mit Pommes;#0070c0;Essen;12,5;0;NULL;;2026-05-10 11:13:20;Kellner 9;WAHR;12,5;cash;;149
426;449;127;ORDER: CREATED - Bestellung erfasst;F5;Bier 0,5;#fbc02d;Alk;4,5;0;NULL;;2026-05-10 11:13:43;Kellner 6;WAHR;4,5;free;;
427;450;127;ORDER: CREATED - Bestellung erfasst;F5;Radler 0,5;#afb42b;Alk;4,5;0;NULL;;2026-05-10 11:13:43;Kellner 6;WAHR;4,5;free;;
428;448;127;ORDER: CREATED - Bestellung erfasst;F5;Bier 0,5;#fbc02d;Alk;4,5;0;NULL;;2026-05-10 11:13:43;Kellner 6;WAHR;4,5;free;;
429;447;127;ORDER: CREATED - Bestellung erfasst;F5;Cola 0,33;#004d40;Anti;3;0;NULL;;2026-05-10 11:13:43;Kellner 6;WAHR;3;free;;
430;446;127;ORDER: CREATED - Bestellung erfasst;F5;Sommer spritzer 0,5;#fff176;Alk;4,5;0;NULL;;2026-05-10 11:13:43;Kellner 6;WAHR;4,5;free;;
431;457;128;ORDER: CREATED - Bestellung erfasst;D2;Bier 0,5;#fbc02d;Alk;4,5;0;NULL;;2026-05-10 11:13:47;Kellner 3;WAHR;4,5;voucher;;
432;458;128;ORDER: CREATED - Bestellung erfasst;D2;Bier 0,5;#fbc02d;Alk;4,5;0;NULL;;2026-05-10 11:13:47;Kellner 3;WAHR;4,5;voucher;;
433;456;128;ORDER: CREATED - Bestellung erfasst;D2;Bier 0,5;#fbc02d;Alk;4,5;0;NULL;;2026-05-10 11:13:47;Kellner 3;WAHR;4,5;voucher;;
434;455;128;ORDER: CREATED - Bestellung erfasst;D2;Hendl mit Pommes;#0070c0;Essen;12,5;0;NULL;;2026-05-10 11:13:47;Kellner 3;WAHR;12,5;cash;;123
435;454;128;ORDER: CREATED - Bestellung erfasst;D2;Schnitzel mit Pommes;#827717;Essen;11,5;0;NULL;;2026-05-10 11:13:47;Kellner 3;WAHR;11,5;cash;;85
436;453;128;ORDER: CREATED - Bestellung erfasst;D2;Bier 0,5;#fbc02d;Alk;4,5;0;NULL;;2026-05-10 11:13:47;Kellner 3;WAHR;4,5;voucher;;
437;452;128;ORDER: CREATED - Bestellung erfasst;D2;Sommer spritzer 0,5;#fff176;Alk;4,5;0;NULL;;2026-05-10 11:13:47;Kellner 3;WAHR;4,5;voucher;;
438;451;128;ORDER: CREATED - Bestellung erfasst;D2;Hendl mit Pommes;#0070c0;Essen;12,5;0;NULL;;2026-05-10 11:13:47;Kellner 3;WAHR;12,5;voucher;;122
439;464;129;ORDER: CREATED - Bestellung erfasst;E6;Grillwürstel mit Pommes;#8bc34a;Essen;8;0;NULL;;2026-05-10 11:13:51;Kellner 10;WAHR;8;free;;88
440;459;129;ORDER: CREATED - Bestellung erfasst;E6;Bier 0,5;#fbc02d;Alk;4,5;0;NULL;;2026-05-10 11:13:51;Kellner 10;WAHR;4,5;free;;
441;460;129;ORDER: CREATED - Bestellung erfasst;E6;Freibier 0.5;#ffeb3b;Alk;4,5;0;NULL;;2026-05-10 11:13:51;Kellner 10;WAHR;4,5;free;;
442;461;129;ORDER: CREATED - Bestellung erfasst;E6;Bier 0,5;#fbc02d;Alk;4,5;0;NULL;;2026-05-10 11:13:51;Kellner 10;WAHR;4,5;free;;
443;462;129;ORDER: CREATED - Bestellung erfasst;E6;Bier 0,5;#fbc02d;Alk;4,5;0;NULL;;2026-05-10 11:13:51;Kellner 10;WAHR;4,5;free;;
444;463;129;ORDER: CREATED - Bestellung erfasst;E6;Radler 0,5;#afb42b;Alk;4,5;0;NULL;;2026-05-10 11:13:51;Kellner 10;WAHR;4,5;free;;
445;468;129;ORDER: CREATED - Bestellung erfasst;E6;Grillwürstel mit Pommes;#8bc34a;Essen;8;0;NULL;;2026-05-10 11:13:51;Kellner 10;WAHR;8;free;;88
446;467;129;ORDER: CREATED - Bestellung erfasst;E6;Backhendl Salat;#4fc3f7;Essen;9;0;NULL;;2026-05-10 11:13:51;Kellner 10;WAHR;9;free;;92
447;466;129;ORDER: CREATED - Bestellung erfasst;E6;Backhendl Salat;#4fc3f7;Essen;9;0;NULL;;2026-05-10 11:13:51;Kellner 10;WAHR;9;free;;35
448;465;129;ORDER: CREATED - Bestellung erfasst;E6;Hendl mit Pommes;#0070c0;Essen;12,5;0;NULL;;2026-05-10 11:13:51;Kellner 10;WAHR;12,5;free;;119
449;470;130;ORDER: CREATED - Bestellung erfasst;V2;Almdudler 0,33;#fbc02d;Anti;3;0;NULL;;2026-05-10 11:13:53;Kellner 7;WAHR;3;cash;;
450;469;130;ORDER: CREATED - Bestellung erfasst;V2;Cola 0,33;#004d40;Anti;3;0;NULL;;2026-05-10 11:13:53;Kellner 7;WAHR;3;cash;;
451;479;130;ORDER: CREATED - Bestellung erfasst;V2;Hendl mit Pommes;#0070c0;Essen;12,5;0;NULL;;2026-05-10 11:13:53;Kellner 7;WAHR;12,5;cash;;178
452;472;130;ORDER: CREATED - Bestellung erfasst;V2;Soda zitron 0,5;#4fc3f7;Anti;3;0;NULL;;2026-05-10 11:13:53;Kellner 7;WAHR;3;cash;;
453;473;130;ORDER: CREATED - Bestellung erfasst;V2;Mineral 0,33;#b3e5fc;Anti;2,5;0;NULL;;2026-05-10 11:13:53;Kellner 7;WAHR;2,5;cash;;
454;474;130;ORDER: CREATED - Bestellung erfasst;V2;Mineral 0,33;#b3e5fc;Anti;2,5;0;NULL;;2026-05-10 11:13:53;Kellner 7;WAHR;2,5;cash;;
455;475;130;ORDER: CREATED - Bestellung erfasst;V2;Grillwürstel mit Pommes;#8bc34a;Essen;8;0;NULL;;2026-05-10 11:13:53;Kellner 7;WAHR;8;cash;;86
456;476;130;ORDER: CREATED - Bestellung erfasst;V2;Hendl mit Pommes;#0070c0;Essen;12,5;0;NULL;;2026-05-10 11:13:53;Kellner 7;WAHR;12,5;cash;;117
457;477;130;ORDER: CREATED - Bestellung erfasst;V2;Hendl mit Pommes;#0070c0;Essen;12,5;0;NULL;;2026-05-10 11:13:53;Kellner 7;WAHR;12,5;cash;;117
458;478;130;ORDER: CREATED - Bestellung erfasst;V2;Hendl mit Pommes;#0070c0;Essen;12,5;0;NULL;;2026-05-10 11:13:53;Kellner 7;WAHR;12,5;cash;;178
459;471;130;ORDER: CREATED - Bestellung erfasst;V2;Bier 0,5;#fbc02d;Alk;4,5;0;NULL;;2026-05-10 11:13:53;Kellner 7;WAHR;4,5;cash;;
460;482;131;ORDER: CREATED - Bestellung erfasst;C2;Hendl mit Pommes;#0070c0;Essen;12,5;0;NULL;;2026-05-10 11:13:54;Kellner 11;WAHR;12,5;cash;;177
461;484;131;ORDER: CREATED - Bestellung erfasst;C2;Hendl mit Pommes;#0070c0;Essen;12,5;0;NULL;;2026-05-10 11:13:54;Kellner 11;WAHR;12,5;cash;;177
462;485;131;ORDER: CREATED - Bestellung erfasst;C2;Grillwürstel mit Pommes;#8bc34a;Essen;8;0;NULL;;2026-05-10 11:13:54;Kellner 11;WAHR;8;cash;;123
463;480;131;ORDER: CREATED - Bestellung erfasst;C2;Hendl mit Pommes;#0070c0;Essen;12,5;0;NULL;;2026-05-10 11:13:54;Kellner 11;WAHR;12,5;cash;;177
464;481;131;ORDER: CREATED - Bestellung erfasst;C2;Backhendl Salat;#4fc3f7;Essen;9;0;NULL;;2026-05-10 11:13:54;Kellner 11;WAHR;9;cash;;99
465;483;131;ORDER: CREATED - Bestellung erfasst;C2;Hendl mit Pommes;#0070c0;Essen;12,5;0;NULL;;2026-05-10 11:13:54;Kellner 11;WAHR;12,5;cash;;177
466;486;132;ORDER: CREATED - Bestellung erfasst;E7;Bier 0,5;#fbc02d;Alk;4,5;0;NULL;;2026-05-10 11:14:21;Kellner 10;WAHR;4,5;cash;;
467;487;132;ORDER: CREATED - Bestellung erfasst;E7;Bier 0,5;#fbc02d;Alk;4,5;0;NULL;;2026-05-10 11:14:21;Kellner 10;WAHR;4,5;cash;;
468;488;132;ORDER: CREATED - Bestellung erfasst;E7;Mineral 0,33;#b3e5fc;Anti;2,5;0;NULL;;2026-05-10 11:14:21;Kellner 10;WAHR;2,5;cash;;
469;490;133;ORDER: CREATED - Bestellung erfasst;H6;Hendl mit Pommes;#0070c0;Essen;12,5;0;NULL;;2026-05-10 11:14:23;Kellner 2;WAHR;12,5;cash;;148
470;489;133;ORDER: CREATED - Bestellung erfasst;H6;Bier 0,5;#fbc02d;Alk;4,5;0;NULL;;2026-05-10 11:14:23;Kellner 2;WAHR;4,5;cash;;
471;491;134;ORDER: CREATED - Bestellung erfasst;C1;Grillwürstel mit Pommes;#8bc34a;Essen;8;0;NULL;;2026-05-10 11:14:27;Kellner 11;WAHR;8;cash;;90
472;493;134;ORDER: CREATED - Bestellung erfasst;C1;Hendl mit Pommes;#0070c0;Essen;12,5;0;NULL;;2026-05-10 11:14:27;Kellner 11;WAHR;12,5;cash;;152
473;492;134;ORDER: CREATED - Bestellung erfasst;C1;Grillwürstel mit Pommes;#8bc34a;Essen;8;0;NULL;;2026-05-10 11:14:27;Kellner 11;WAHR;8;cash;;158
474;496;134;ORDER: CREATED - Bestellung erfasst;C1;Hendl mit Pommes;#0070c0;Essen;12,5;0;NULL;;2026-05-10 11:14:27;Kellner 11;WAHR;12,5;cash;;152
475;495;134;ORDER: CREATED - Bestellung erfasst;C1;Hendl mit Pommes;#0070c0;Essen;12,5;0;NULL;;2026-05-10 11:14:27;Kellner 11;WAHR;12,5;cash;;152
476;494;134;ORDER: CREATED - Bestellung erfasst;C1;Hendl mit Pommes;#0070c0;Essen;12,5;0;NULL;;2026-05-10 11:14:27;Kellner 11;WAHR;12,5;cash;;152
477;497;135;ORDER: CREATED - Bestellung erfasst;B10;Cola 0,33;#004d40;Anti;3;0;NULL;;2026-05-10 11:14:43;Kellner 8;WAHR;3;cash;;
478;498;135;ORDER: CREATED - Bestellung erfasst;B10;Pommes;#ffc000;Essen;3,5;0;NULL;Ohne Ketchup ;2026-05-10 11:14:43;Kellner 8;WAHR;3,5;cash;;96
479;502;136;ORDER: CREATED - Bestellung erfasst;F8;Cola 0,33;#004d40;Anti;3;0;NULL;;2026-05-10 11:14:57;Kellner 6;WAHR;3;cash;;
480;499;136;ORDER: CREATED - Bestellung erfasst;F8;Sommer spritzer 0,5;#fff176;Alk;4,5;0;NULL;;2026-05-10 11:14:57;Kellner 6;WAHR;4,5;cash;;
481;500;136;ORDER: CREATED - Bestellung erfasst;F8;Sommer spritzer 0,5;#fff176;Alk;4,5;0;NULL;;2026-05-10 11:14:57;Kellner 6;WAHR;4,5;cash;;
482;501;136;ORDER: CREATED - Bestellung erfasst;F8;Bier 0,5;#fbc02d;Alk;4,5;0;NULL;;2026-05-10 11:14:57;Kellner 6;WAHR;4,5;cash;;
483;503;136;ORDER: CREATED - Bestellung erfasst;F8;Backhendl Salat;#4fc3f7;Essen;9;0;NULL;;2026-05-10 11:14:57;Kellner 6;WAHR;9;cash;;60
484;504;136;ORDER: CREATED - Bestellung erfasst;F8;Backhendl Salat;#4fc3f7;Essen;9;0;NULL;;2026-05-10 11:14:57;Kellner 6;WAHR;9;cash;;60
485;505;136;ORDER: CREATED - Bestellung erfasst;F8;Grillwürstel mit Pommes;#8bc34a;Essen;8;0;NULL;;2026-05-10 11:14:57;Kellner 6;WAHR;8;cash;;194
486;506;136;ORDER: CREATED - Bestellung erfasst;F8;Pommes;#ffc000;Essen;3,5;0;NULL;;2026-05-10 11:14:57;Kellner 6;WAHR;3,5;cash;;81
487;508;137;ORDER: CREATED - Bestellung erfasst;B9;Bier 0,5;#fbc02d;Alk;4,5;0;NULL;;2026-05-10 11:15:26;Kellner 8;WAHR;4,5;cash;;
488;509;137;ORDER: CREATED - Bestellung erfasst;B9;Bier 0,5;#fbc02d;Alk;4,5;0;NULL;;2026-05-10 11:15:26;Kellner 8;WAHR;4,5;cash;;
489;510;137;ORDER: CREATED - Bestellung erfasst;B9;Radler 0,5;#afb42b;Alk;4,5;0;NULL;;2026-05-10 11:15:26;Kellner 8;WAHR;4,5;cash;;
490;507;137;ORDER: CREATED - Bestellung erfasst;B9;Bier 0,5;#fbc02d;Alk;4,5;0;NULL;;2026-05-10 11:15:26;Kellner 8;WAHR;4,5;cash;;
491;514;138;ORDER: CREATED - Bestellung erfasst;D7;Hendl mit Pommes;#0070c0;Essen;12,5;0;NULL;;2026-05-10 11:15:42;Kellner 10;WAHR;12,5;cash;;94
492;515;138;ORDER: CREATED - Bestellung erfasst;D7;Grillwürstel mit Pommes;#8bc34a;Essen;8;0;NULL;;2026-05-10 11:15:42;Kellner 10;WAHR;8;cash;;149
493;516;138;ORDER: CREATED - Bestellung erfasst;D7;Soda zitron 0,5;#4fc3f7;Anti;3;0;NULL;;2026-05-10 11:15:42;Kellner 10;WAHR;3;cash;;
494;517;138;ORDER: CREATED - Bestellung erfasst;D7;Bier 0,5;#fbc02d;Alk;4,5;0;NULL;;2026-05-10 11:15:42;Kellner 10;WAHR;4,5;cash;;
495;518;138;ORDER: CREATED - Bestellung erfasst;D7;Limo Orange 0,33;#ffc107;Anti;3;0;NULL;;2026-05-10 11:15:42;Kellner 10;WAHR;3;cash;;
496;520;138;ORDER: CREATED - Bestellung erfasst;D7;Limo Orange 0,33;#ffc107;Anti;3;0;NULL;;2026-05-10 11:15:42;Kellner 10;WAHR;3;cash;;
497;519;138;ORDER: CREATED - Bestellung erfasst;D7;Limo Orange 0,33;#ffc107;Anti;3;0;NULL;;2026-05-10 11:15:42;Kellner 10;WAHR;3;cash;;
498;511;138;ORDER: CREATED - Bestellung erfasst;D7;Hendl mit Pommes;#0070c0;Essen;12,5;0;NULL;;2026-05-10 11:15:42;Kellner 10;WAHR;12,5;cash;;94
499;512;138;ORDER: CREATED - Bestellung erfasst;D7;Hendl mit Pommes;#0070c0;Essen;12,5;0;NULL;;2026-05-10 11:15:42;Kellner 10;WAHR;12,5;cash;;94
500;513;138;ORDER: CREATED - Bestellung erfasst;D7;Hendl mit Pommes;#0070c0;Essen;12,5;0;NULL;;2026-05-10 11:15:42;Kellner 10;WAHR;12,5;cash;;94
501;522;139;ORDER: CREATED - Bestellung erfasst;E2;Hendl mit Pommes;#0070c0;Essen;12,5;0;NULL;;2026-05-10 11:15:43;Kellner 3;WAHR;12,5;cash;;100
502;521;139;ORDER: CREATED - Bestellung erfasst;E2;Sommer spritzer 0,5;#fff176;Alk;4,5;0;NULL;;2026-05-10 11:15:43;Kellner 3;WAHR;4,5;cash;;
503;523;139;ORDER: CREATED - Bestellung erfasst;E2;Bier 0,5;#fbc02d;Alk;4,5;0;NULL;;2026-05-10 11:15:43;Kellner 3;WAHR;4,5;voucher;;
504;524;139;ORDER: CREATED - Bestellung erfasst;E2;Bier 0,5;#fbc02d;Alk;4,5;0;NULL;;2026-05-10 11:15:43;Kellner 3;WAHR;4,5;cash;;
505;525;139;ORDER: CREATED - Bestellung erfasst;E2;Bier 0,5;#fbc02d;Alk;4,5;0;NULL;;2026-05-10 11:15:43;Kellner 3;WAHR;4,5;voucher;;
506;526;139;ORDER: CREATED - Bestellung erfasst;E2;Hendl mit Pommes;#0070c0;Essen;12,5;0;NULL;;2026-05-10 11:15:43;Kellner 3;WAHR;12,5;cash;;100
507;527;139;ORDER: CREATED - Bestellung erfasst;E2;Hendl mit Pommes;#0070c0;Essen;12,5;0;NULL;;2026-05-10 11:15:43;Kellner 3;WAHR;12,5;cash;;100
508;528;139;ORDER: CREATED - Bestellung erfasst;E2;Bier 0,5;#fbc02d;Alk;4,5;0;NULL;;2026-05-10 11:15:43;Kellner 3;WAHR;4,5;cash;;
509;530;140;ORDER: CREATED - Bestellung erfasst;G4;Hendl mit Pommes;#0070c0;Essen;12,5;0;NULL;;2026-05-10 11:16:07;Kellner 5;WAHR;12,5;cash;;76
510;529;140;ORDER: CREATED - Bestellung erfasst;G4;Radler 0,5;#afb42b;Alk;4,5;0;NULL;;2026-05-10 11:16:07;Kellner 5;WAHR;4,5;voucher;;
511;531;141;ORDER: CREATED - Bestellung erfasst;U7;Soda zitron 0,5;#4fc3f7;Anti;3;0;NULL;;2026-05-10 11:16:27;Kellner 1;WAHR;3;cash;;
512;532;141;ORDER: CREATED - Bestellung erfasst;U7;Hendl mit Pommes;#0070c0;Essen;12,5;0;NULL;;2026-05-10 11:16:27;Kellner 1;WAHR;12,5;cash;;150
513;534;141;ORDER: CREATED - Bestellung erfasst;U7;Limo Zitrone 0,33;#ffeb3b;Anti;3;0;NULL;;2026-05-10 11:16:27;Kellner 1;WAHR;3;cash;;
514;535;141;ORDER: CREATED - Bestellung erfasst;U7;Hendl mit Pommes;#0070c0;Essen;12,5;0;NULL;;2026-05-10 11:16:27;Kellner 1;WAHR;12,5;cash;;150
515;536;141;ORDER: CREATED - Bestellung erfasst;U7;Radler 0,5;#afb42b;Alk;4,5;0;NULL;;2026-05-10 11:16:27;Kellner 1;WAHR;4,5;cash;;
516;537;141;ORDER: CREATED - Bestellung erfasst;U7;Grillwürstel mit Pommes;#8bc34a;Essen;8;0;NULL;;2026-05-10 11:16:27;Kellner 1;WAHR;8;cash;;105
517;533;141;ORDER: CREATED - Bestellung erfasst;U7;Bier 0,5;#fbc02d;Alk;4,5;0;NULL;;2026-05-10 11:16:27;Kellner 1;WAHR;4,5;cash;;
518;539;142;ORDER: CREATED - Bestellung erfasst;U10;Bier 0,5;#fbc02d;Alk;4,5;0;NULL;;2026-05-10 11:16:30;Kellner 7;WAHR;4,5;cash;;
519;538;142;ORDER: CREATED - Bestellung erfasst;U10;Bier 0,5;#fbc02d;Alk;4,5;0;NULL;;2026-05-10 11:16:30;Kellner 7;WAHR;4,5;cash;;
520;540;143;ORDER: CREATED - Bestellung erfasst;E9;Soda zitron 0,5;#4fc3f7;Anti;3;0;NULL;;2026-05-10 11:17:12;Kellner 9;WAHR;3;cash;;
521;541;143;ORDER: CREATED - Bestellung erfasst;E9;Gemüselaibchen mit Salat;#ffeb3b;Essen;9;0;NULL;;2026-05-10 11:17:12;Kellner 9;WAHR;9;cash;;28
522;547;144;ORDER: CREATED - Bestellung erfasst;D9;Gemüselaibchen mit Salat;#ffeb3b;Essen;9;0;NULL;;2026-05-10 11:17:14;Kellner 8;WAHR;9;cash;;44
523;542;144;ORDER: CREATED - Bestellung erfasst;D9;Mineral 0,33;#b3e5fc;Anti;2,5;0;NULL;;2026-05-10 11:17:14;Kellner 8;WAHR;2,5;cash;;
524;543;144;ORDER: CREATED - Bestellung erfasst;D9;Mineral 0,33;#b3e5fc;Anti;2,5;0;NULL;;2026-05-10 11:17:14;Kellner 8;WAHR;2,5;cash;;
525;544;144;ORDER: CREATED - Bestellung erfasst;D9;Cola 0,33;#004d40;Anti;3;0;NULL;;2026-05-10 11:17:14;Kellner 8;WAHR;3;cash;;
526;545;144;ORDER: CREATED - Bestellung erfasst;D9;Hendl mit Pommes;#0070c0;Essen;12,5;0;NULL;;2026-05-10 11:17:14;Kellner 8;WAHR;12,5;cash;;102
527;546;144;ORDER: CREATED - Bestellung erfasst;D9;Grillwürstel mit Pommes;#8bc34a;Essen;8;0;NULL;;2026-05-10 11:17:14;Kellner 8;WAHR;8;cash;;168
528;548;144;ORDER: CREATED - Bestellung erfasst;D9;Gemüselaibchen mit Salat;#ffeb3b;Essen;9;0;NULL;;2026-05-10 11:17:14;Kellner 8;WAHR;9;cash;;44
529;550;145;ORDER: CREATED - Bestellung erfasst;F8;Cola 0,33;#004d40;Anti;3;0;NULL;;2026-05-10 11:17:20;Kellner 6;WAHR;3;cash;;
530;561;145;ORDER: CREATED - Bestellung erfasst;F8;Sommer spritzer 0,5;#fff176;Alk;4,5;0;NULL;;2026-05-10 11:17:20;Kellner 6;WAHR;4,5;voucher;;
531;560;145;ORDER: CREATED - Bestellung erfasst;F8;Cola 0,33;#004d40;Anti;3;0;NULL;;2026-05-10 11:17:20;Kellner 6;WAHR;3;voucher;;
532;559;145;ORDER: CREATED - Bestellung erfasst;F8;Limo Orange 0,33;#ffc107;Anti;3;0;NULL;;2026-05-10 11:17:20;Kellner 6;WAHR;3;voucher;;
533;558;145;ORDER: CREATED - Bestellung erfasst;F8;Hendl mit Pommes;#0070c0;Essen;12,5;0;NULL;;2026-05-10 11:17:20;Kellner 6;WAHR;12,5;voucher;;120
534;557;145;ORDER: CREATED - Bestellung erfasst;F8;Hendl mit Pommes;#0070c0;Essen;12,5;0;NULL;;2026-05-10 11:17:20;Kellner 6;WAHR;12,5;voucher;;97
535;556;145;ORDER: CREATED - Bestellung erfasst;F8;Schnitzel mit Pommes;#827717;Essen;11,5;0;NULL;;2026-05-10 11:17:20;Kellner 6;WAHR;11,5;cash;;110
536;555;145;ORDER: CREATED - Bestellung erfasst;F8;Hendl mit Pommes;#0070c0;Essen;12,5;0;NULL;;2026-05-10 11:17:20;Kellner 6;WAHR;12,5;cash;;97
537;554;145;ORDER: CREATED - Bestellung erfasst;F8;Hendl mit Pommes;#0070c0;Essen;12,5;0;NULL;;2026-05-10 11:17:20;Kellner 6;WAHR;12,5;cash;;97
538;553;145;ORDER: CREATED - Bestellung erfasst;F8;Hendl mit Pommes;#0070c0;Essen;12,5;0;NULL;;2026-05-10 11:17:20;Kellner 6;WAHR;12,5;cash;;97
539;552;145;ORDER: CREATED - Bestellung erfasst;F8;Limo Orange 0,33;#ffc107;Anti;3;0;NULL;;2026-05-10 11:17:20;Kellner 6;WAHR;3;cash;;
540;551;145;ORDER: CREATED - Bestellung erfasst;F8;Bier 0,5;#fbc02d;Alk;4,5;0;NULL;;2026-05-10 11:17:20;Kellner 6;WAHR;4,5;cash;;
541;549;145;ORDER: CREATED - Bestellung erfasst;F8;Sommer spritzer 0,5;#fff176;Alk;4,5;0;NULL;;2026-05-10 11:17:20;Kellner 6;WAHR;4,5;cash;;
542;569;146;ORDER: CREATED - Bestellung erfasst;D1;Hendl mit Pommes;#0070c0;Essen;12,5;0;NULL;;2026-05-10 11:17:21;Kellner 11;WAHR;12,5;cash;;120
543;562;146;ORDER: CREATED - Bestellung erfasst;D1;Bier 0,5;#fbc02d;Alk;4,5;0;NULL;;2026-05-10 11:17:21;Kellner 11;WAHR;4,5;voucher;;
544;563;146;ORDER: CREATED - Bestellung erfasst;D1;Sommer spritzer 0,5;#fff176;Alk;4,5;0;NULL;;2026-05-10 11:17:21;Kellner 11;WAHR;4,5;voucher;;
545;564;146;ORDER: CREATED - Bestellung erfasst;D1;Radler 0,5;#afb42b;Alk;4,5;0;NULL;;2026-05-10 11:17:21;Kellner 11;WAHR;4,5;voucher;;
546;565;146;ORDER: CREATED - Bestellung erfasst;D1;Bier 0,5;#fbc02d;Alk;4,5;0;NULL;;2026-05-10 11:17:21;Kellner 11;WAHR;4,5;voucher;;
547;566;146;ORDER: CREATED - Bestellung erfasst;D1;Hendl mit Pommes;#0070c0;Essen;12,5;0;NULL;;2026-05-10 11:17:21;Kellner 11;WAHR;12,5;voucher;;120
548;567;146;ORDER: CREATED - Bestellung erfasst;D1;Hendl mit Pommes;#0070c0;Essen;12,5;0;NULL;;2026-05-10 11:17:21;Kellner 11;WAHR;12,5;cash;;120
549;568;146;ORDER: CREATED - Bestellung erfasst;D1;Hendl mit Pommes;#0070c0;Essen;12,5;0;NULL;;2026-05-10 11:17:21;Kellner 11;WAHR;12,5;cash;;120
550;572;147;ORDER: CREATED - Bestellung erfasst;I2;Schnitzel mit Pommes;#827717;Essen;11,5;0;NULL;;2026-05-10 11:17:33;Kellner 4;WAHR;11,5;voucher;;96
551;570;147;ORDER: CREATED - Bestellung erfasst;I2;Backhendl Salat;#4fc3f7;Essen;9;0;NULL;;2026-05-10 11:17:33;Kellner 4;WAHR;9;voucher;;7
552;571;147;ORDER: CREATED - Bestellung erfasst;I2;Hendl mit Pommes;#0070c0;Essen;12,5;0;NULL;;2026-05-10 11:17:33;Kellner 4;WAHR;12,5;voucher;;240
553;573;147;ORDER: CREATED - Bestellung erfasst;I2;Schnitzelsemmerl;#f57f17;Essen;4,5;0;NULL;;2026-05-10 11:17:33;Kellner 4;WAHR;4,5;voucher;;61
554;574;148;ORDER: CREATED - Bestellung erfasst;B8;Gemüselaibchen mit Salat;#ffeb3b;Essen;9;0;NULL;;2026-05-10 11:17:34;Kellner 2;WAHR;9;free;;77
555;575;148;ORDER: CREATED - Bestellung erfasst;B8;Gemüselaibchen mit Salat;#ffeb3b;Essen;9;0;NULL;;2026-05-10 11:17:34;Kellner 2;FALSCH;0;;;77
556;584;149;ORDER: CREATED - Bestellung erfasst;F4;Pommes;#ffc000;Essen;3,5;0;NULL;;2026-05-10 11:17:53;Kellner 5;WAHR;3,5;cash;;41
557;579;149;ORDER: CREATED - Bestellung erfasst;F4;Grillwürstel mit Pommes;#8bc34a;Essen;8;0;NULL;;2026-05-10 11:17:53;Kellner 5;WAHR;8;cash;;130
558;580;149;ORDER: CREATED - Bestellung erfasst;F4;Schnitzelsemmerl;#f57f17;Essen;4,5;0;NULL;;2026-05-10 11:17:53;Kellner 5;WAHR;4,5;cash;;41
559;583;149;ORDER: CREATED - Bestellung erfasst;F4;Hendl mit Pommes;#0070c0;Essen;12,5;0;NULL;;2026-05-10 11:17:53;Kellner 5;WAHR;12,5;cash;;220
560;581;149;ORDER: CREATED - Bestellung erfasst;F4;Pommes;#ffc000;Essen;3,5;0;NULL;;2026-05-10 11:17:53;Kellner 5;WAHR;3,5;cash;;41
561;582;149;ORDER: CREATED - Bestellung erfasst;F4;Grillwürstel mit Pommes;#8bc34a;Essen;8;0;NULL;;2026-05-10 11:17:53;Kellner 5;WAHR;8;cash;;130
562;576;149;ORDER: CREATED - Bestellung erfasst;F4;Almdudler 0,33;#fbc02d;Anti;3;0;NULL;;2026-05-10 11:17:53;Kellner 5;WAHR;3;voucher;;
563;578;149;ORDER: CREATED - Bestellung erfasst;F4;Hendl mit Pommes;#0070c0;Essen;12,5;0;NULL;;2026-05-10 11:17:53;Kellner 5;WAHR;12,5;cash;;220
564;577;149;ORDER: CREATED - Bestellung erfasst;F4;Gemüselaibchen mit Salat;#ffeb3b;Essen;9;0;NULL;;2026-05-10 11:17:53;Kellner 5;WAHR;9;cash;;112
565;588;150;ORDER: CREATED - Bestellung erfasst;E1;Soda zitron 0,5;#4fc3f7;Anti;3;0;NULL;;2026-05-10 11:18:12;Kellner 3;WAHR;3;voucher;;
566;597;150;ORDER: CREATED - Bestellung erfasst;E1;Hendl mit Pommes;#0070c0;Essen;12,5;0;NULL;;2026-05-10 11:18:12;Kellner 3;WAHR;12,5;cash;;201
567;596;150;ORDER: CREATED - Bestellung erfasst;E1;Schnitzel mit Pommes;#827717;Essen;11,5;0;NULL;;2026-05-10 11:18:12;Kellner 3;WAHR;11,5;cash;;57
568;595;150;ORDER: CREATED - Bestellung erfasst;E1;Schnitzel mit Pommes;#827717;Essen;11,5;0;NULL;;2026-05-10 11:18:12;Kellner 3;WAHR;11,5;cash;;57
569;594;150;ORDER: CREATED - Bestellung erfasst;E1;Hendl mit Pommes;#0070c0;Essen;12,5;0;NULL;;2026-05-10 11:18:12;Kellner 3;WAHR;12,5;voucher;;201
570;593;150;ORDER: CREATED - Bestellung erfasst;E1;Bier 0,5;#fbc02d;Alk;4,5;0;NULL;;2026-05-10 11:18:12;Kellner 3;WAHR;4,5;voucher;;
571;592;150;ORDER: CREATED - Bestellung erfasst;E1;Grillwürstel mit Pommes;#8bc34a;Essen;8;0;NULL;;2026-05-10 11:18:12;Kellner 3;WAHR;8;cash;;136
572;591;150;ORDER: CREATED - Bestellung erfasst;E1;Hendl mit Pommes;#0070c0;Essen;12,5;0;NULL;;2026-05-10 11:18:12;Kellner 3;WAHR;12,5;cash;;201
573;590;150;ORDER: CREATED - Bestellung erfasst;E1;Bier 0,5;#fbc02d;Alk;4,5;0;NULL;;2026-05-10 11:18:12;Kellner 3;WAHR;4,5;voucher;;
574;589;150;ORDER: CREATED - Bestellung erfasst;E1;Soda zitron 0,5;#4fc3f7;Anti;3;0;NULL;;2026-05-10 11:18:12;Kellner 3;WAHR;3;voucher;;
575;587;150;ORDER: CREATED - Bestellung erfasst;E1;Bier 0,5;#fbc02d;Alk;4,5;0;NULL;;2026-05-10 11:18:12;Kellner 3;WAHR;4,5;voucher;;
576;586;150;ORDER: CREATED - Bestellung erfasst;E1;Bier 0,5;#fbc02d;Alk;4,5;0;NULL;;2026-05-10 11:18:12;Kellner 3;WAHR;4,5;cash;;
577;585;150;ORDER: CREATED - Bestellung erfasst;E1;Soda zitron 0,5;#4fc3f7;Anti;3;0;NULL;;2026-05-10 11:18:12;Kellner 3;WAHR;3;voucher;;
578;598;151;ORDER: CREATED - Bestellung erfasst;E9;Mineral 0,33;#b3e5fc;Anti;2,5;0;NULL;;2026-05-10 11:18:12;Kellner 9;WAHR;2,5;cash;;
579;599;151;ORDER: CREATED - Bestellung erfasst;E9;Grillwürstel mit Pommes;#8bc34a;Essen;8;0;NULL;;2026-05-10 11:18:12;Kellner 9;WAHR;8;cash;;213
580;600;152;ORDER: CREATED - Bestellung erfasst;A4;Bier 0,5;#fbc02d;Alk;4,5;0;NULL;;2026-05-10 11:18:23;Kellner 10;WAHR;4,5;cash;;
581;602;153;ORDER: CREATED - Bestellung erfasst;H9;Sommer spritzer 0,5;#fff176;Alk;4,5;0;NULL;;2026-05-10 11:18:28;Kellner 7;WAHR;4,5;cash;;
582;601;153;ORDER: CREATED - Bestellung erfasst;H9;Bier 0,5;#fbc02d;Alk;4,5;0;NULL;;2026-05-10 11:18:28;Kellner 7;WAHR;4,5;cash;;
583;605;154;ORDER: CREATED - Bestellung erfasst;H3;Bier 0,5;#fbc02d;Alk;4,5;0;NULL;;2026-05-10 11:18:29;Kellner 4;WAHR;4,5;voucher;;
584;604;154;ORDER: CREATED - Bestellung erfasst;H3;Bier 0,5;#fbc02d;Alk;4,5;0;NULL;;2026-05-10 11:18:29;Kellner 4;WAHR;4,5;voucher;;
585;603;154;ORDER: CREATED - Bestellung erfasst;H3;Bier 0,5;#fbc02d;Alk;4,5;0;NULL;;2026-05-10 11:18:29;Kellner 4;WAHR;4,5;voucher;;
586;609;154;ORDER: CREATED - Bestellung erfasst;H3;Almdudler 0,33;#fbc02d;Anti;3;0;NULL;;2026-05-10 11:18:29;Kellner 4;WAHR;3;voucher;;
587;610;154;ORDER: CREATED - Bestellung erfasst;H3;Bier 0,5;#fbc02d;Alk;4,5;0;NULL;;2026-05-10 11:18:29;Kellner 4;WAHR;4,5;voucher;;
588;608;154;ORDER: CREATED - Bestellung erfasst;H3;Soda zitron 0,5;#4fc3f7;Anti;3;0;NULL;;2026-05-10 11:18:29;Kellner 4;WAHR;3;voucher;;
589;607;154;ORDER: CREATED - Bestellung erfasst;H3;Limo Orange 0,33;#ffc107;Anti;3;0;NULL;;2026-05-10 11:18:29;Kellner 4;WAHR;3;voucher;;
590;606;154;ORDER: CREATED - Bestellung erfasst;H3;Bier 0,5;#fbc02d;Alk;4,5;0;NULL;;2026-05-10 11:18:29;Kellner 4;WAHR;4,5;voucher;;
591;611;155;ORDER: CREATED - Bestellung erfasst;E10;Hendl mit Pommes;#0070c0;Essen;12,5;0;NULL;;2026-05-10 11:18:34;Kellner 8;WAHR;12,5;cash;;257
592;612;155;ORDER: CREATED - Bestellung erfasst;E10;Radler 0,5;#afb42b;Alk;4,5;0;NULL;;2026-05-10 11:18:34;Kellner 8;WAHR;4,5;cash;;
593;614;156;ORDER: CREATED - Bestellung erfasst;U5;Sommer spritzer 0,5;#fff176;Alk;4,5;0;NULL;;2026-05-10 11:18:34;Kellner 1;WAHR;4,5;cash;;
594;613;156;ORDER: CREATED - Bestellung erfasst;U5;Mineral 0,33;#b3e5fc;Anti;2,5;0;NULL;;2026-05-10 11:18:34;Kellner 1;WAHR;2,5;cash;;
595;615;156;ORDER: CREATED - Bestellung erfasst;U5;Bier 0,5;#fbc02d;Alk;4,5;0;NULL;;2026-05-10 11:18:34;Kellner 1;WAHR;4,5;cash;;
596;616;157;ORDER: CREATED - Bestellung erfasst;G9;Backhendl Salat;#4fc3f7;Essen;9;0;NULL;;2026-05-10 11:19:20;Kellner 7;WAHR;9;cash;;42
597;617;157;ORDER: CREATED - Bestellung erfasst;G9;Grillwürstel mit Pommes;#8bc34a;Essen;8;0;NULL;;2026-05-10 11:19:20;Kellner 7;WAHR;8;cash;;146
598;618;157;ORDER: CREATED - Bestellung erfasst;G9;Hendl mit Pommes;#0070c0;Essen;12,5;0;NULL;;2026-05-10 11:19:20;Kellner 7;WAHR;12,5;cash;;211
599;619;158;ORDER: CREATED - Bestellung erfasst;E10;Backhendl Salat;#4fc3f7;Essen;9;0;NULL;;2026-05-10 11:19:32;Kellner 8;WAHR;9;cash;;31
600;620;159;ORDER: CREATED - Bestellung erfasst;D10;Bier 0,5;#fbc02d;Alk;4,5;0;NULL;;2026-05-10 11:20:05;Kellner 1;WAHR;4,5;cash;;
601;625;160;ORDER: CREATED - Bestellung erfasst;G4;Backhendl Salat;#4fc3f7;Essen;9;0;NULL;;2026-05-10 11:20:18;Kellner 4;WAHR;9;voucher;;39
602;626;160;ORDER: CREATED - Bestellung erfasst;G4;Limo Orange 0,33;#ffc107;Anti;3;0;NULL;;2026-05-10 11:20:18;Kellner 4;WAHR;3;voucher;;
603;627;160;ORDER: CREATED - Bestellung erfasst;G4;Soda zitron 0,5;#4fc3f7;Anti;3;0;NULL;;2026-05-10 11:20:18;Kellner 4;WAHR;3;voucher;;
604;628;160;ORDER: CREATED - Bestellung erfasst;G4;Backhendl Salat;#4fc3f7;Essen;9;0;NULL;;2026-05-10 11:20:18;Kellner 4;WAHR;9;voucher;;39
605;629;160;ORDER: CREATED - Bestellung erfasst;G4;Grillwürstel mit Pommes;#8bc34a;Essen;8;0;NULL;;2026-05-10 11:20:18;Kellner 4;WAHR;8;voucher;;88
606;630;160;ORDER: CREATED - Bestellung erfasst;G4;Soda zitron 0,5;#4fc3f7;Anti;3;0;NULL;;2026-05-10 11:20:18;Kellner 4;WAHR;3;voucher;;
607;631;160;ORDER: CREATED - Bestellung erfasst;G4;Almdudler 0,33;#fbc02d;Anti;3;0;NULL;;2026-05-10 11:20:18;Kellner 4;WAHR;3;voucher;;
608;632;160;ORDER: CREATED - Bestellung erfasst;G4;Backhendl Salat;#4fc3f7;Essen;9;0;NULL;;2026-05-10 11:20:18;Kellner 4;WAHR;9;voucher;;39
609;633;160;ORDER: CREATED - Bestellung erfasst;G4;Backhendl Salat;#4fc3f7;Essen;9;0;NULL;;2026-05-10 11:20:18;Kellner 4;WAHR;9;voucher;;58
610;634;160;ORDER: CREATED - Bestellung erfasst;G4;Sommer spritzer 0,5;#fff176;Alk;4,5;0;NULL;;2026-05-10 11:20:18;Kellner 4;WAHR;4,5;voucher;;
611;635;160;ORDER: CREATED - Bestellung erfasst;G4;Radler 0,5;#afb42b;Alk;4,5;0;NULL;;2026-05-10 11:20:18;Kellner 4;WAHR;4,5;voucher;;
612;636;160;ORDER: CREATED - Bestellung erfasst;G4;Backhendl Salat;#4fc3f7;Essen;9;0;NULL;;2026-05-10 11:20:18;Kellner 4;WAHR;9;voucher;;58
613;621;160;ORDER: CREATED - Bestellung erfasst;G4;Soda zitron 0,5;#4fc3f7;Anti;3;0;NULL;;2026-05-10 11:20:18;Kellner 4;WAHR;3;voucher;;
614;622;160;ORDER: CREATED - Bestellung erfasst;G4;Backhendl Salat;#4fc3f7;Essen;9;0;NULL;;2026-05-10 11:20:18;Kellner 4;WAHR;9;voucher;;26
615;623;160;ORDER: CREATED - Bestellung erfasst;G4;Radler 0,5;#afb42b;Alk;4,5;0;NULL;;2026-05-10 11:20:18;Kellner 4;WAHR;4,5;voucher;;
616;624;160;ORDER: CREATED - Bestellung erfasst;G4;Backhendl Salat;#4fc3f7;Essen;9;0;NULL;;2026-05-10 11:20:18;Kellner 4;WAHR;9;voucher;;26
617;637;161;ORDER: CREATED - Bestellung erfasst;E10;Backhendl Salat;#4fc3f7;Essen;9;0;NULL;;2026-05-10 11:20:18;Kellner 8;WAHR;9;cash;;58
618;638;162;ORDER: CREATED - Bestellung erfasst;G10;Mineral 0,33;#b3e5fc;Anti;2,5;0;NULL;;2026-05-10 11:20:26;Kellner 7;WAHR;2,5;cash;;
619;641;162;ORDER: CREATED - Bestellung erfasst;G10;Backhendl Salat;#4fc3f7;Essen;9;0;NULL;;2026-05-10 11:20:26;Kellner 7;WAHR;9;cash;;102
620;640;162;ORDER: CREATED - Bestellung erfasst;G10;Freibier 0.5;#ffeb3b;Alk;4,5;0;NULL;;2026-05-10 11:20:26;Kellner 7;WAHR;4,5;cash;;
621;639;162;ORDER: CREATED - Bestellung erfasst;G10;Backhendl Salat;#4fc3f7;Essen;9;0;NULL;;2026-05-10 11:20:26;Kellner 7;WAHR;9;cash;;102
622;647;163;ORDER: CREATED - Bestellung erfasst;F5;Schnitzelsemmerl;#f57f17;Essen;4,5;0;NULL;;2026-05-10 11:20:37;Kellner 6;WAHR;4,5;free;;91
623;642;163;ORDER: CREATED - Bestellung erfasst;F5;Sommer spritzer 0,5;#fff176;Alk;4,5;0;NULL;;2026-05-10 11:20:37;Kellner 6;WAHR;4,5;free;;
624;643;163;ORDER: CREATED - Bestellung erfasst;F5;Mineral 0,33;#b3e5fc;Anti;2,5;0;NULL;;2026-05-10 11:20:37;Kellner 6;WAHR;2,5;free;;
625;644;163;ORDER: CREATED - Bestellung erfasst;F5;Hendl mit Pommes;#0070c0;Essen;12,5;0;NULL;;2026-05-10 11:20:37;Kellner 6;WAHR;12,5;free;;133
626;645;163;ORDER: CREATED - Bestellung erfasst;F5;Hendl mit Pommes;#0070c0;Essen;12,5;0;NULL;;2026-05-10 11:20:37;Kellner 6;WAHR;12,5;free;;133
627;646;163;ORDER: CREATED - Bestellung erfasst;F5;Hendl mit Pommes;#0070c0;Essen;12,5;0;NULL;;2026-05-10 11:20:37;Kellner 6;WAHR;12,5;free;;133
628;648;163;ORDER: CREATED - Bestellung erfasst;F5;Backhendl Salat;#4fc3f7;Essen;9;0;NULL;;2026-05-10 11:20:37;Kellner 6;WAHR;9;free;;111
629;649;163;ORDER: CREATED - Bestellung erfasst;F5;Schnitzel mit Pommes;#827717;Essen;11,5;0;NULL;;2026-05-10 11:20:37;Kellner 6;WAHR;11,5;free;;147
630;651;164;ORDER: CREATED - Bestellung erfasst;H4;Grillwürstel mit Pommes;#8bc34a;Essen;8;0;NULL;;2026-05-10 11:20:45;Kellner 5;WAHR;8;cash;;60
631;650;164;ORDER: CREATED - Bestellung erfasst;H4;Hendl mit Pommes;#0070c0;Essen;12,5;0;NULL;;2026-05-10 11:20:45;Kellner 5;WAHR;12,5;cash;;125
632;652;164;ORDER: CREATED - Bestellung erfasst;H4;Backhendl Salat;#4fc3f7;Essen;9;0;NULL;;2026-05-10 11:20:45;Kellner 5;WAHR;9;cash;;103
633;653;165;ORDER: CREATED - Bestellung erfasst;I2;Hendl mit Pommes;#0070c0;Essen;12,5;0;NULL;;2026-05-10 11:20:50;Kellner 4;WAHR;12,5;cash;;121
634;654;165;ORDER: CREATED - Bestellung erfasst;I2;Sommer spritzer 0,5;#fff176;Alk;4,5;0;NULL;;2026-05-10 11:20:50;Kellner 4;WAHR;4,5;cash;;
635;658;166;ORDER: CREATED - Bestellung erfasst;I8;Backhendl Salat;#4fc3f7;Essen;9;0;NULL;;2026-05-10 11:21:10;Kellner 2;WAHR;9;cash;;135
636;655;166;ORDER: CREATED - Bestellung erfasst;I8;Soda zitron 0,5;#4fc3f7;Anti;3;0;NULL;;2026-05-10 11:21:10;Kellner 2;WAHR;3;cash;;
637;656;166;ORDER: CREATED - Bestellung erfasst;I8;Soda zitron 0,5;#4fc3f7;Anti;3;0;NULL;;2026-05-10 11:21:10;Kellner 2;WAHR;3;cash;;
638;657;166;ORDER: CREATED - Bestellung erfasst;I8;Hendl mit Pommes;#0070c0;Essen;12,5;0;NULL;;2026-05-10 11:21:10;Kellner 2;WAHR;12,5;cash;;100
639;660;167;ORDER: CREATED - Bestellung erfasst;E8;Sommer spritzer 0,5;#fff176;Alk;4,5;0;NULL;;2026-05-10 11:21:20;Kellner 10;WAHR;4,5;cash;;
640;659;167;ORDER: CREATED - Bestellung erfasst;E8;Limo Orange 0,33;#ffc107;Anti;3;0;NULL;;2026-05-10 11:21:20;Kellner 10;WAHR;3;cash;;
641;664;168;ORDER: CREATED - Bestellung erfasst;H2;Hendl mit Pommes;#0070c0;Essen;12,5;0;NULL;;2026-05-10 11:21:21;Kellner 4;WAHR;12,5;voucher;;182
642;663;168;ORDER: CREATED - Bestellung erfasst;H2;Hendl mit Pommes;#0070c0;Essen;12,5;0;NULL;;2026-05-10 11:21:21;Kellner 4;WAHR;12,5;voucher;;89
643;662;168;ORDER: CREATED - Bestellung erfasst;H2;Almdudler 0,33;#fbc02d;Anti;3;0;NULL;;2026-05-10 11:21:21;Kellner 4;WAHR;3;voucher;;
644;661;168;ORDER: CREATED - Bestellung erfasst;H2;Sommer spritzer 0,5;#fff176;Alk;4,5;0;NULL;;2026-05-10 11:21:21;Kellner 4;WAHR;4,5;voucher;;
645;665;169;ORDER: CREATED - Bestellung erfasst;C2;Hendl mit Pommes;#0070c0;Essen;12,5;0;NULL;;2026-05-10 11:21:31;Kellner 11;WAHR;12,5;cash;;172
646;666;170;ORDER: CREATED - Bestellung erfasst;U1;Soda zitron 0,5;#4fc3f7;Anti;3;0;NULL;;2026-05-10 11:21:34;Kellner 9;WAHR;3;cash;;
647;667;170;ORDER: CREATED - Bestellung erfasst;U1;Hendl mit Pommes;#0070c0;Essen;12,5;0;NULL;;2026-05-10 11:21:34;Kellner 9;WAHR;12,5;cash;;169
648;671;171;ORDER: CREATED - Bestellung erfasst;F6;Backhendl Salat;#4fc3f7;Essen;9;0;NULL;;2026-05-10 11:21:42;Kellner 6;WAHR;9;free;;103
649;670;171;ORDER: CREATED - Bestellung erfasst;F6;Gemüselaibchen mit Salat;#ffeb3b;Essen;9;0;NULL;;2026-05-10 11:21:42;Kellner 6;WAHR;9;free;;47
650;669;171;ORDER: CREATED - Bestellung erfasst;F6;Backhendl Salat;#4fc3f7;Essen;9;0;NULL;;2026-05-10 11:21:42;Kellner 6;WAHR;9;free;;103
651;668;171;ORDER: CREATED - Bestellung erfasst;F6;Kaffee;#bf360c;Anti;3;0;NULL;;2026-05-10 11:21:42;Kellner 6;WAHR;3;free;;
652;674;172;ORDER: CREATED - Bestellung erfasst;F2;Freibier 0.5;#ffeb3b;Alk;4,5;0;NULL;;2026-05-10 11:21:54;Kellner 4;WAHR;4,5;voucher;;
653;672;172;ORDER: CREATED - Bestellung erfasst;F2;Schnitzel mit Pommes;#827717;Essen;11,5;0;NULL;;2026-05-10 11:21:54;Kellner 4;WAHR;11,5;voucher;;71
654;673;172;ORDER: CREATED - Bestellung erfasst;F2;Hendl mit Pommes;#0070c0;Essen;12,5;0;NULL;;2026-05-10 11:21:54;Kellner 4;WAHR;12,5;voucher;;149
655;675;172;ORDER: CREATED - Bestellung erfasst;F2;Soda zitron 0,5;#4fc3f7;Anti;3;0;NULL;;2026-05-10 11:21:54;Kellner 4;WAHR;3;voucher;;
656;676;173;ORDER: CREATED - Bestellung erfasst;A2;Schnitzel mit Pommes;#827717;Essen;11,5;0;NULL;;2026-05-10 11:22:02;Kellner 11;WAHR;11,5;cash;;63
657;677;174;ORDER: CREATED - Bestellung erfasst;H8;Bier 0,5;#fbc02d;Alk;4,5;0;NULL;;2026-05-10 11:22:05;Kellner 2;WAHR;4,5;voucher;;
658;678;174;ORDER: CREATED - Bestellung erfasst;H8;Bier 0,5;#fbc02d;Alk;4,5;0;NULL;;2026-05-10 11:22:05;Kellner 2;WAHR;4,5;voucher;;
659;679;174;ORDER: CREATED - Bestellung erfasst;H8;Bier 0,5;#fbc02d;Alk;4,5;0;NULL;;2026-05-10 11:22:05;Kellner 2;WAHR;4,5;voucher;;
660;680;175;ORDER: CREATED - Bestellung erfasst;F6;Mineral 0,33;#b3e5fc;Anti;2,5;0;NULL;;2026-05-10 11:22:11;Kellner 6;WAHR;2,5;free;;
661;681;175;ORDER: CREATED - Bestellung erfasst;F6;Hendl mit Pommes;#0070c0;Essen;12,5;0;NULL;;2026-05-10 11:22:11;Kellner 6;WAHR;12,5;free;;132
662;682;176;ORDER: CREATED - Bestellung erfasst;U1;Bier 0,5;#fbc02d;Alk;4,5;0;NULL;;2026-05-10 11:22:15;Kellner 9;WAHR;4,5;cash;;
663;683;176;ORDER: CREATED - Bestellung erfasst;U1;Hendl mit Pommes;#0070c0;Essen;12,5;0;NULL;;2026-05-10 11:22:15;Kellner 9;WAHR;12,5;cash;;128
664;684;177;ORDER: CREATED - Bestellung erfasst;B9;Schnitzelsemmerl;#f57f17;Essen;4,5;0;NULL;;2026-05-10 11:22:18;Kellner 8;WAHR;4,5;cash;;128
665;686;177;ORDER: CREATED - Bestellung erfasst;B9;Cola 0,33;#004d40;Anti;3;0;NULL;;2026-05-10 11:22:18;Kellner 8;WAHR;3;cash;;
666;685;177;ORDER: CREATED - Bestellung erfasst;B9;Radler 0,5;#afb42b;Alk;4,5;0;NULL;;2026-05-10 11:22:18;Kellner 8;WAHR;4,5;cash;;
667;687;178;ORDER: CREATED - Bestellung erfasst;C10;Radler 0,5;#afb42b;Alk;4,5;0;NULL;;2026-05-10 11:22:23;Kellner 7;WAHR;4,5;cash;;
668;692;179;ORDER: CREATED - Bestellung erfasst;C3;Bier 0,5;#fbc02d;Alk;4,5;0;NULL;;2026-05-10 11:22:28;Kellner 3;WAHR;4,5;cash;;
669;690;179;ORDER: CREATED - Bestellung erfasst;C3;Gemüselaibchen mit Salat;#ffeb3b;Essen;9;0;NULL;;2026-05-10 11:22:28;Kellner 3;WAHR;9;cash;;85
670;688;179;ORDER: CREATED - Bestellung erfasst;C3;Mineral 0,33;#b3e5fc;Anti;2,5;0;NULL;;2026-05-10 11:22:28;Kellner 3;WAHR;2,5;cash;;
671;689;179;ORDER: CREATED - Bestellung erfasst;C3;Mineral 0,33;#b3e5fc;Anti;2,5;0;NULL;;2026-05-10 11:22:28;Kellner 3;WAHR;2,5;cash;;
672;691;179;ORDER: CREATED - Bestellung erfasst;C3;Gemüselaibchen mit Salat;#ffeb3b;Essen;9;0;NULL;;2026-05-10 11:22:28;Kellner 3;WAHR;9;cash;;85
673;699;180;ORDER: CREATED - Bestellung erfasst;G3;Bier 0,5;#fbc02d;Alk;4,5;0;NULL;;2026-05-10 11:22:36;Kellner 5;WAHR;4,5;voucher;;
674;698;180;ORDER: CREATED - Bestellung erfasst;G3;Bier 0,5;#fbc02d;Alk;4,5;0;NULL;;2026-05-10 11:22:36;Kellner 5;WAHR;4,5;voucher;;
675;697;180;ORDER: CREATED - Bestellung erfasst;G3;Hendl mit Pommes;#0070c0;Essen;12,5;0;NULL;;2026-05-10 11:22:36;Kellner 5;WAHR;12,5;cash;;171
676;696;180;ORDER: CREATED - Bestellung erfasst;G3;Bier 0,5;#fbc02d;Alk;4,5;0;NULL;;2026-05-10 11:22:36;Kellner 5;WAHR;4,5;voucher;;
677;695;180;ORDER: CREATED - Bestellung erfasst;G3;Hendl mit Pommes;#0070c0;Essen;12,5;0;NULL;;2026-05-10 11:22:36;Kellner 5;WAHR;12,5;voucher;;107
678;700;180;ORDER: CREATED - Bestellung erfasst;G3;Hendl mit Pommes;#0070c0;Essen;12,5;0;NULL;;2026-05-10 11:22:36;Kellner 5;WAHR;12,5;cash;;171
679;694;180;ORDER: CREATED - Bestellung erfasst;G3;Bier 0,5;#fbc02d;Alk;4,5;0;NULL;;2026-05-10 11:22:36;Kellner 5;WAHR;4,5;voucher;;
680;693;180;ORDER: CREATED - Bestellung erfasst;G3;Bier 0,5;#fbc02d;Alk;4,5;0;NULL;;2026-05-10 11:22:36;Kellner 5;WAHR;4,5;voucher;;
681;705;181;ORDER: CREATED - Bestellung erfasst;G5;Hendl mit Pommes;#0070c0;Essen;12,5;0;NULL;;2026-05-10 11:22:45;Kellner 6;WAHR;12,5;cash;;189
682;704;181;ORDER: CREATED - Bestellung erfasst;G5;Bier 0,5;#fbc02d;Alk;4,5;0;NULL;;2026-05-10 11:22:45;Kellner 6;WAHR;4,5;cash;;
683;703;181;ORDER: CREATED - Bestellung erfasst;G5;Bier 0,5;#fbc02d;Alk;4,5;0;NULL;;2026-05-10 11:22:45;Kellner 6;WAHR;4,5;cash;;
684;702;181;ORDER: CREATED - Bestellung erfasst;G5;Sommer spritzer 0,5;#fff176;Alk;4,5;0;NULL;;2026-05-10 11:22:45;Kellner 6;WAHR;4,5;cash;;
685;701;181;ORDER: CREATED - Bestellung erfasst;G5;Sommer spritzer 0,5;#fff176;Alk;4,5;0;NULL;;2026-05-10 11:22:45;Kellner 6;WAHR;4,5;cash;;
686;708;181;ORDER: CREATED - Bestellung erfasst;G5;Hendl mit Pommes;#0070c0;Essen;12,5;0;NULL;;2026-05-10 11:22:45;Kellner 6;WAHR;12,5;cash;;189
687;706;181;ORDER: CREATED - Bestellung erfasst;G5;Hendl mit Pommes;#0070c0;Essen;12,5;0;NULL;;2026-05-10 11:22:45;Kellner 6;WAHR;12,5;cash;;189
688;707;181;ORDER: CREATED - Bestellung erfasst;G5;Hendl mit Pommes;#0070c0;Essen;12,5;0;NULL;;2026-05-10 11:22:45;Kellner 6;WAHR;12,5;cash;;189
689;709;182;ORDER: CREATED - Bestellung erfasst;H4;Hendl mit Pommes;#0070c0;Essen;12,5;0;NULL;;2026-05-10 11:23:12;Kellner 4;WAHR;12,5;voucher;;163
690;710;182;ORDER: CREATED - Bestellung erfasst;H4;Hendl mit Pommes;#0070c0;Essen;12,5;0;NULL;;2026-05-10 11:23:12;Kellner 4;WAHR;12,5;voucher;;163
691;712;183;ORDER: CREATED - Bestellung erfasst;U9;Hendl mit Pommes;#0070c0;Essen;12,5;0;NULL;;2026-05-10 11:23:42;Kellner 8;WAHR;12,5;cash;;132
692;714;183;ORDER: CREATED - Bestellung erfasst;U9;Radler 0,5;#afb42b;Alk;4,5;0;NULL;;2026-05-10 11:23:42;Kellner 8;WAHR;4,5;cash;;
693;713;183;ORDER: CREATED - Bestellung erfasst;U9;Bier 0,5;#fbc02d;Alk;4,5;0;NULL;;2026-05-10 11:23:42;Kellner 8;WAHR;4,5;cash;;
694;711;183;ORDER: CREATED - Bestellung erfasst;U9;Hendl mit Pommes;#0070c0;Essen;12,5;0;NULL;;2026-05-10 11:23:42;Kellner 8;WAHR;12,5;cash;;132
695;715;184;ORDER: CREATED - Bestellung erfasst;F4;Limo Orange 0,33;#ffc107;Anti;3;0;NULL;;2026-05-10 11:23:57;Kellner 6;WAHR;3;voucher;;
696;716;184;ORDER: CREATED - Bestellung erfasst;F4;Bier 0,5;#fbc02d;Alk;4,5;0;NULL;;2026-05-10 11:23:57;Kellner 6;WAHR;4,5;voucher;;
697;717;185;ORDER: CREATED - Bestellung erfasst;A3;Hendl mit Pommes;#0070c0;Essen;12,5;0;NULL;;2026-05-10 11:24:09;Kellner 3;WAHR;12,5;cash;;105
698;722;185;ORDER: CREATED - Bestellung erfasst;A3;Backhendl Salat;#4fc3f7;Essen;9;0;NULL;;2026-05-10 11:24:09;Kellner 3;WAHR;9;cash;;24
699;721;185;ORDER: CREATED - Bestellung erfasst;A3;Grillwürstel mit Pommes;#8bc34a;Essen;8;0;NULL;;2026-05-10 11:24:09;Kellner 3;WAHR;8;cash;;28
700;720;185;ORDER: CREATED - Bestellung erfasst;A3;Backhendl Salat;#4fc3f7;Essen;9;0;NULL;;2026-05-10 11:24:09;Kellner 3;WAHR;9;cash;;24
701;719;185;ORDER: CREATED - Bestellung erfasst;A3;Hendl mit Pommes;#0070c0;Essen;12,5;0;NULL;;2026-05-10 11:24:09;Kellner 3;WAHR;12,5;cash;;159
702;718;185;ORDER: CREATED - Bestellung erfasst;A3;Hendl mit Pommes;#0070c0;Essen;12,5;0;NULL;;2026-05-10 11:24:09;Kellner 3;WAHR;12,5;cash;;159
703;723;186;ORDER: CREATED - Bestellung erfasst;E2;Sommer spritzer 0,5;#fff176;Alk;4,5;0;NULL;;2026-05-10 11:24:20;Kellner 1;WAHR;4,5;free;;
704;724;187;ORDER: CREATED - Bestellung erfasst;H8;Hendl mit Pommes;#0070c0;Essen;12,5;0;NULL;;2026-05-10 11:24:22;Kellner 2;WAHR;12,5;cash;;146
705;725;188;ORDER: CREATED - Bestellung erfasst;G3;Bier 0,5;#fbc02d;Alk;4,5;0;NULL;;2026-05-10 11:24:35;Kellner 5;WAHR;4,5;voucher;;
706;727;188;ORDER: CREATED - Bestellung erfasst;G3;Bier 0,5;#fbc02d;Alk;4,5;0;NULL;;2026-05-10 11:24:35;Kellner 5;WAHR;4,5;voucher;;
707;726;188;ORDER: CREATED - Bestellung erfasst;G3;Hendl mit Pommes;#0070c0;Essen;12,5;0;NULL;;2026-05-10 11:24:35;Kellner 5;WAHR;12,5;cash;;133
708;728;189;ORDER: CREATED - Bestellung erfasst;H8;Schnitzel mit Pommes;#827717;Essen;11,5;0;NULL;;2026-05-10 11:24:40;Kellner 2;WAHR;11,5;cash;;12
709;734;190;ORDER: CREATED - Bestellung erfasst;U3;Gemüselaibchen mit Salat;#ffeb3b;Essen;9;0;NULL;;2026-05-10 11:25:04;Kellner 7;WAHR;9;voucher;;45
710;733;190;ORDER: CREATED - Bestellung erfasst;U3;Gemüselaibchen mit Salat;#ffeb3b;Essen;9;0;NULL;;2026-05-10 11:25:04;Kellner 7;WAHR;9;voucher;;13
711;732;190;ORDER: CREATED - Bestellung erfasst;U3;Almdudler 0,33;#fbc02d;Anti;3;0;NULL;;2026-05-10 11:25:04;Kellner 7;WAHR;3;cash;;
712;731;190;ORDER: CREATED - Bestellung erfasst;U3;Cola 0,33;#004d40;Anti;3;0;NULL;;2026-05-10 11:25:04;Kellner 7;WAHR;3;cash;;
713;730;190;ORDER: CREATED - Bestellung erfasst;U3;Schnitzel mit Pommes;#827717;Essen;11,5;0;NULL;;2026-05-10 11:25:04;Kellner 7;WAHR;11,5;cash;;33
714;729;190;ORDER: CREATED - Bestellung erfasst;U3;Hendl mit Pommes;#0070c0;Essen;12,5;0;NULL;;2026-05-10 11:25:04;Kellner 7;WAHR;12,5;cash;;104
715;736;190;ORDER: CREATED - Bestellung erfasst;U3;Radler sauer 0,5;#aed581;Alk;4,5;0;NULL;;2026-05-10 11:25:04;Kellner 7;WAHR;4,5;voucher;;
716;735;190;ORDER: CREATED - Bestellung erfasst;U3;Limo Zitrone 0,33;#ffeb3b;Anti;3;0;NULL;;2026-05-10 11:25:04;Kellner 7;WAHR;3;voucher;;
717;737;191;ORDER: CREATED - Bestellung erfasst;A1;Hendl mit Pommes;#0070c0;Essen;12,5;0;NULL;;2026-05-10 11:25:49;Abholstation;WAHR;12,5;cash;;112
718;738;191;ORDER: CREATED - Bestellung erfasst;A1;Hendl mit Pommes;#0070c0;Essen;12,5;0;NULL;;2026-05-10 11:25:49;Abholstation;WAHR;12,5;cash;;112
719;741;192;ORDER: CREATED - Bestellung erfasst;A1;Schnitzelsemmerl;#f57f17;Essen;4,5;0;NULL;;2026-05-10 11:26:19;Abholstation;WAHR;4,5;cash;;24
720;739;192;ORDER: CREATED - Bestellung erfasst;A1;Schnitzelsemmerl;#f57f17;Essen;4,5;0;NULL;;2026-05-10 11:26:19;Abholstation;WAHR;4,5;cash;;24
721;743;192;ORDER: CREATED - Bestellung erfasst;A1;Bier 0,5;#fbc02d;Alk;4,5;0;NULL;;2026-05-10 11:26:19;Abholstation;WAHR;4,5;cash;;
722;742;192;ORDER: CREATED - Bestellung erfasst;A1;Schnitzelsemmerl;#f57f17;Essen;4,5;0;NULL;;2026-05-10 11:26:19;Abholstation;WAHR;4,5;cash;;24
723;740;192;ORDER: CREATED - Bestellung erfasst;A1;Schnitzelsemmerl;#f57f17;Essen;4,5;0;NULL;;2026-05-10 11:26:19;Abholstation;WAHR;4,5;cash;;24
724;745;193;ORDER: CREATED - Bestellung erfasst;C4;Bier 0,5;#fbc02d;Alk;4,5;0;NULL;;2026-05-10 11:26:24;Kellner 1;WAHR;4,5;cash;;
725;744;193;ORDER: CREATED - Bestellung erfasst;C4;Bier 0,5;#fbc02d;Alk;4,5;0;NULL;;2026-05-10 11:26:24;Kellner 1;WAHR;4,5;cash;;
726;746;193;ORDER: CREATED - Bestellung erfasst;C4;Hendl mit Pommes;#0070c0;Essen;12,5;0;NULL;;2026-05-10 11:26:24;Kellner 1;WAHR;12,5;cash;;89
727;747;194;ORDER: CREATED - Bestellung erfasst;C6;Hendl mit Pommes;#0070c0;Essen;12,5;0;NULL;;2026-05-10 11:26:25;Kellner 2;WAHR;12,5;cash;;89
728;748;194;ORDER: CREATED - Bestellung erfasst;C6;Limo Orange 0,33;#ffc107;Anti;3;0;NULL;;2026-05-10 11:26:25;Kellner 2;WAHR;3;cash;;
729;749;194;ORDER: CREATED - Bestellung erfasst;C6;Mineral 0,33;#b3e5fc;Anti;2,5;0;NULL;;2026-05-10 11:26:25;Kellner 2;WAHR;2,5;cash;;
730;752;195;ORDER: CREATED - Bestellung erfasst;F2;Hendl mit Pommes;#0070c0;Essen;12,5;0;NULL;;2026-05-10 11:26:28;Kellner 6;WAHR;12,5;voucher;;85
731;754;195;ORDER: CREATED - Bestellung erfasst;F2;Backhendl Salat;#4fc3f7;Essen;9;0;NULL;;2026-05-10 11:26:28;Kellner 6;WAHR;9;voucher;;5
732;750;195;ORDER: CREATED - Bestellung erfasst;F2;Bier 0,5;#fbc02d;Alk;4,5;0;NULL;;2026-05-10 11:26:28;Kellner 6;WAHR;4,5;voucher;;
733;751;195;ORDER: CREATED - Bestellung erfasst;F2;Bier 0,5;#fbc02d;Alk;4,5;0;NULL;;2026-05-10 11:26:28;Kellner 6;WAHR;4,5;voucher;;
734;753;195;ORDER: CREATED - Bestellung erfasst;F2;Schnitzel mit Pommes;#827717;Essen;11,5;0;NULL;Ohne Ketchup;2026-05-10 11:26:28;Kellner 6;WAHR;11,5;voucher;;31
735;755;196;ORDER: CREATED - Bestellung erfasst;E10;Bier 0,5;#fbc02d;Alk;4,5;0;NULL;;2026-05-10 11:26:33;Kellner 8;WAHR;4,5;cash;;
736;757;197;ORDER: CREATED - Bestellung erfasst;H3;Hendl mit Pommes;#0070c0;Essen;12,5;0;NULL;;2026-05-10 11:26:35;Kellner 5;WAHR;12,5;cash;;193
737;756;197;ORDER: CREATED - Bestellung erfasst;H3;Hendl mit Pommes;#0070c0;Essen;12,5;0;NULL;;2026-05-10 11:26:35;Kellner 5;WAHR;12,5;voucher;;78
738;759;197;ORDER: CREATED - Bestellung erfasst;H3;Hendl mit Pommes;#0070c0;Essen;12,5;0;NULL;;2026-05-10 11:26:35;Kellner 5;WAHR;12,5;cash;;193
739;758;197;ORDER: CREATED - Bestellung erfasst;H3;Hendl mit Pommes;#0070c0;Essen;12,5;0;NULL;;2026-05-10 11:26:35;Kellner 5;WAHR;12,5;cash;;193
740;761;198;ORDER: CREATED - Bestellung erfasst;A4;Hendl mit Pommes;#0070c0;Essen;12,5;0;NULL;;2026-05-10 11:26:59;Kellner 3;WAHR;12,5;cash;;169
741;760;198;ORDER: CREATED - Bestellung erfasst;A4;Hendl mit Pommes;#0070c0;Essen;12,5;0;NULL;;2026-05-10 11:26:59;Kellner 3;WAHR;12,5;cash;;169
742;763;198;ORDER: CREATED - Bestellung erfasst;A4;Schnitzel mit Pommes;#827717;Essen;11,5;0;NULL;;2026-05-10 11:26:59;Kellner 3;WAHR;11,5;cash;;30
743;762;198;ORDER: CREATED - Bestellung erfasst;A4;Backhendl Salat;#4fc3f7;Essen;9;0;NULL;;2026-05-10 11:26:59;Kellner 3;WAHR;9;cash;;15
744;766;198;ORDER: CREATED - Bestellung erfasst;A4;Sommer spritzer 0,5;#fff176;Alk;4,5;0;NULL;;2026-05-10 11:26:59;Kellner 3;WAHR;4,5;voucher;;
745;765;198;ORDER: CREATED - Bestellung erfasst;A4;Schnitzel mit Pommes;#827717;Essen;11,5;0;NULL;;2026-05-10 11:26:59;Kellner 3;WAHR;11,5;cash;;30
746;764;198;ORDER: CREATED - Bestellung erfasst;A4;Backhendl Salat;#4fc3f7;Essen;9;0;NULL;;2026-05-10 11:26:59;Kellner 3;WAHR;9;voucher;;15
747;768;199;ORDER: CREATED - Bestellung erfasst;V2;Hendl mit Pommes;#0070c0;Essen;12,5;0;NULL;;2026-05-10 11:27:16;Kellner 7;WAHR;12,5;cash;;152
748;767;199;ORDER: CREATED - Bestellung erfasst;V2;Limo Zitrone 0,33;#ffeb3b;Anti;3;0;NULL;;2026-05-10 11:27:16;Kellner 7;WAHR;3;voucher;;
749;773;200;ORDER: CREATED - Bestellung erfasst;D3;Schnitzelsemmerl;#f57f17;Essen;4,5;0;NULL;;2026-05-10 11:27:52;Kellner 1;WAHR;4,5;cash;;37
750;772;200;ORDER: CREATED - Bestellung erfasst;D3;Schnitzel mit Pommes;#827717;Essen;11,5;0;NULL;;2026-05-10 11:27:52;Kellner 1;WAHR;11,5;cash;;31
751;771;200;ORDER: CREATED - Bestellung erfasst;D3;Soda zitron 0,5;#4fc3f7;Anti;3;0;NULL;;2026-05-10 11:27:52;Kellner 1;WAHR;3;cash;;
752;770;200;ORDER: CREATED - Bestellung erfasst;D3;Cola 0,33;#004d40;Anti;3;0;NULL;;2026-05-10 11:27:52;Kellner 1;WAHR;3;cash;;
753;769;200;ORDER: CREATED - Bestellung erfasst;D3;Limo Zitrone 0,33;#ffeb3b;Anti;3;0;NULL;;2026-05-10 11:27:52;Kellner 1;WAHR;3;cash;;
754;774;200;ORDER: CREATED - Bestellung erfasst;D3;Pommes;#ffc000;Essen;3,5;0;NULL;;2026-05-10 11:27:52;Kellner 1;WAHR;3,5;cash;;31
755;775;201;ORDER: CREATED - Bestellung erfasst;B8;Bier 0,5;#fbc02d;Alk;4,5;0;NULL;;2026-05-10 11:27:55;Kellner 10;WAHR;4,5;cash;;
756;776;202;ORDER: CREATED - Bestellung erfasst;D2;Hendl mit Pommes;#0070c0;Essen;12,5;0;NULL;;2026-05-10 11:27:58;Kellner 11;WAHR;12,5;free;;110
757;777;202;ORDER: CREATED - Bestellung erfasst;D2;Radler 0,5;#afb42b;Alk;4,5;0;NULL;;2026-05-10 11:27:58;Kellner 11;WAHR;4,5;free;;
758;778;203;ORDER: CREATED - Bestellung erfasst;G4;Bier 0,5;#fbc02d;Alk;4,5;0;NULL;;2026-05-10 11:28:01;Kellner 5;WAHR;4,5;free;;
759;779;203;ORDER: CREATED - Bestellung erfasst;G4;Cola 0,33;#004d40;Anti;3;0;NULL;;2026-05-10 11:28:01;Kellner 5;WAHR;3;free;;
760;780;203;ORDER: CREATED - Bestellung erfasst;G4;Sommer spritzer 0,5;#fff176;Alk;4,5;0;NULL;;2026-05-10 11:28:01;Kellner 5;WAHR;4,5;free;;
761;781;204;ORDER: CREATED - Bestellung erfasst;C5;Cola 0,33;#004d40;Anti;3;0;NULL;;2026-05-10 11:28:01;Kellner 2;WAHR;3;cash;;
762;782;204;ORDER: CREATED - Bestellung erfasst;C5;Hendl mit Pommes;#0070c0;Essen;12,5;0;NULL;;2026-05-10 11:28:01;Kellner 2;WAHR;12,5;cash;;140
763;783;205;ORDER: CREATED - Bestellung erfasst;U6;Hendl mit Pommes;#0070c0;Essen;12,5;0;NULL;;2026-05-10 11:28:22;Kellner 7;WAHR;12,5;cash;;119
764;784;205;ORDER: CREATED - Bestellung erfasst;U6;Mineral 0,33;#b3e5fc;Anti;2,5;0;NULL;;2026-05-10 11:28:22;Kellner 7;WAHR;2,5;cash;;
765;785;206;ORDER: CREATED - Bestellung erfasst;D2;Hendl mit Pommes;#0070c0;Essen;12,5;0;NULL;;2026-05-10 11:28:34;Kellner 11;WAHR;12,5;cash;;108
766;791;207;ORDER: CREATED - Bestellung erfasst;H9;Schnitzel mit Pommes;#827717;Essen;11,5;0;NULL;;2026-05-10 11:28:43;Kellner 9;WAHR;11,5;cash;;38
767;786;207;ORDER: CREATED - Bestellung erfasst;H9;Soda zitron 0,5;#4fc3f7;Anti;3;0;NULL;;2026-05-10 11:28:43;Kellner 9;WAHR;3;cash;;
768;787;207;ORDER: CREATED - Bestellung erfasst;H9;Soda zitron 0,5;#4fc3f7;Anti;3;0;NULL;;2026-05-10 11:28:43;Kellner 9;WAHR;3;cash;;
769;788;207;ORDER: CREATED - Bestellung erfasst;H9;Hendl mit Pommes;#0070c0;Essen;12,5;0;NULL;;2026-05-10 11:28:43;Kellner 9;WAHR;12,5;cash;;98
770;789;207;ORDER: CREATED - Bestellung erfasst;H9;Hendl mit Pommes;#0070c0;Essen;12,5;0;NULL;;2026-05-10 11:28:43;Kellner 9;WAHR;12,5;cash;;153
771;790;207;ORDER: CREATED - Bestellung erfasst;H9;Backhendl Salat;#4fc3f7;Essen;9;0;NULL;;2026-05-10 11:28:43;Kellner 9;WAHR;9;cash;;25
772;792;207;ORDER: CREATED - Bestellung erfasst;H9;Radler 0,5;#afb42b;Alk;4,5;0;NULL;;2026-05-10 11:28:43;Kellner 9;WAHR;4,5;voucher;;
773;793;207;ORDER: CREATED - Bestellung erfasst;H9;Almdudler 0,33;#fbc02d;Anti;3;0;NULL;;2026-05-10 11:28:43;Kellner 9;WAHR;3;voucher;;
774;794;208;ORDER: CREATED - Bestellung erfasst;F6;Mineral 0,33;#b3e5fc;Anti;2,5;0;NULL;;2026-05-10 11:28:50;Kellner 6;WAHR;2,5;free;;
775;795;208;ORDER: CREATED - Bestellung erfasst;F6;Grillwürstel mit Pommes;#8bc34a;Essen;8;0;NULL;;2026-05-10 11:28:50;Kellner 6;WAHR;8;free;;8
776;797;209;ORDER: CREATED - Bestellung erfasst;G2;Radler 0,5;#afb42b;Alk;4,5;0;NULL;;2026-05-10 11:29:04;Kellner 4;WAHR;4,5;voucher;;
777;798;209;ORDER: CREATED - Bestellung erfasst;G2;Radler 0,5;#afb42b;Alk;4,5;0;NULL;;2026-05-10 11:29:04;Kellner 4;WAHR;4,5;voucher;;
778;799;209;ORDER: CREATED - Bestellung erfasst;G2;Bier 0,5;#fbc02d;Alk;4,5;0;NULL;;2026-05-10 11:29:04;Kellner 4;WAHR;4,5;voucher;;
779;800;209;ORDER: CREATED - Bestellung erfasst;G2;Hendl mit Pommes;#0070c0;Essen;12,5;0;NULL;;2026-05-10 11:29:04;Kellner 4;WAHR;12,5;voucher;;132
780;801;209;ORDER: CREATED - Bestellung erfasst;G2;Schnitzel mit Pommes;#827717;Essen;11,5;0;NULL;;2026-05-10 11:29:04;Kellner 4;WAHR;11,5;voucher;;56
781;802;209;ORDER: CREATED - Bestellung erfasst;G2;Hendl mit Pommes;#0070c0;Essen;12,5;0;NULL;;2026-05-10 11:29:04;Kellner 4;WAHR;12,5;voucher;;132
782;803;209;ORDER: CREATED - Bestellung erfasst;G2;Schnitzel mit Pommes;#827717;Essen;11,5;0;NULL;;2026-05-10 11:29:04;Kellner 4;WAHR;11,5;voucher;;56
783;804;209;ORDER: CREATED - Bestellung erfasst;G2;Schnitzel mit Pommes;#827717;Essen;11,5;0;NULL;;2026-05-10 11:29:04;Kellner 4;WAHR;11,5;voucher;;56
784;805;209;ORDER: CREATED - Bestellung erfasst;G2;Schnitzel mit Pommes;#827717;Essen;11,5;0;NULL;;2026-05-10 11:29:04;Kellner 4;WAHR;11,5;voucher;;92
785;806;209;ORDER: CREATED - Bestellung erfasst;G2;Radler 0,5;#afb42b;Alk;4,5;0;NULL;;2026-05-10 11:29:04;Kellner 4;WAHR;4,5;voucher;;
786;796;209;ORDER: CREATED - Bestellung erfasst;G2;Radler 0,5;#afb42b;Alk;4,5;0;NULL;;2026-05-10 11:29:04;Kellner 4;WAHR;4,5;voucher;;
787;810;210;ORDER: CREATED - Bestellung erfasst;B3;Gemüselaibchen mit Salat;#ffeb3b;Essen;9;0;NULL;;2026-05-10 11:29:05;Kellner 3;WAHR;9;cash;;29
788;807;210;ORDER: CREATED - Bestellung erfasst;B3;Sommer spritzer 0,5;#fff176;Alk;4,5;0;NULL;;2026-05-10 11:29:05;Kellner 3;WAHR;4,5;cash;;
789;808;210;ORDER: CREATED - Bestellung erfasst;B3;Bier 0,5;#fbc02d;Alk;4,5;0;NULL;;2026-05-10 11:29:05;Kellner 3;WAHR;4,5;cash;;
790;809;210;ORDER: CREATED - Bestellung erfasst;B3;Hendl mit Pommes;#0070c0;Essen;12,5;0;NULL;;2026-05-10 11:29:05;Kellner 3;WAHR;12,5;cash;;343
791;811;211;ORDER: CREATED - Bestellung erfasst;G6;Sommer spritzer 0,5;#fff176;Alk;4,5;0;NULL;;2026-05-10 11:29:28;Kellner 6;WAHR;4,5;free;;
792;812;211;ORDER: CREATED - Bestellung erfasst;G6;Hendl mit Pommes;#0070c0;Essen;12,5;0;NULL;;2026-05-10 11:29:28;Kellner 6;WAHR;12,5;free;;321
793;813;211;ORDER: CREATED - Bestellung erfasst;G6;Hendl mit Pommes;#0070c0;Essen;12,5;0;NULL;;2026-05-10 11:29:28;Kellner 6;WAHR;12,5;free;;321
794;814;211;ORDER: CREATED - Bestellung erfasst;G6;Sommer spritzer 0,5;#fff176;Alk;4,5;0;NULL;;2026-05-10 11:29:28;Kellner 6;WAHR;4,5;free;;
795;815;211;ORDER: CREATED - Bestellung erfasst;G6;Grillwürstel mit Pommes;#8bc34a;Essen;8;0;NULL;;2026-05-10 11:29:28;Kellner 6;WAHR;8;free;;58
796;816;211;ORDER: CREATED - Bestellung erfasst;G6;Schnitzel mit Pommes;#827717;Essen;11,5;0;NULL;;2026-05-10 11:29:28;Kellner 6;WAHR;11,5;free;;90
797;822;212;ORDER: CREATED - Bestellung erfasst;U11;Backhendl Salat;#4fc3f7;Essen;9;0;NULL;;2026-05-10 11:29:49;Kellner 7;WAHR;9;cash;;58
798;819;212;ORDER: CREATED - Bestellung erfasst;U11;Bier 0,5;#fbc02d;Alk;4,5;0;NULL;;2026-05-10 11:29:49;Kellner 7;WAHR;4,5;cash;;
799;820;212;ORDER: CREATED - Bestellung erfasst;U11;Hendl mit Pommes;#0070c0;Essen;12,5;0;NULL;;2026-05-10 11:29:49;Kellner 7;WAHR;12,5;cash;;300
800;821;212;ORDER: CREATED - Bestellung erfasst;U11;Hendl mit Pommes;#0070c0;Essen;12,5;0;NULL;;2026-05-10 11:29:49;Kellner 7;WAHR;12,5;cash;;300
801;817;212;ORDER: CREATED - Bestellung erfasst;U11;Radler 0,5;#afb42b;Alk;4,5;0;NULL;;2026-05-10 11:29:49;Kellner 7;WAHR;4,5;cash;;
802;818;212;ORDER: CREATED - Bestellung erfasst;U11;Bier 0,5;#fbc02d;Alk;4,5;0;NULL;;2026-05-10 11:29:49;Kellner 7;WAHR;4,5;cash;;
803;825;213;ORDER: CREATED - Bestellung erfasst;F7;Sommer spritzer 0,5;#fff176;Alk;4,5;0;NULL;;2026-05-10 11:29:57;Kellner 1;WAHR;4,5;cash;;
804;824;213;ORDER: CREATED - Bestellung erfasst;F7;Bier 0,5;#fbc02d;Alk;4,5;0;NULL;;2026-05-10 11:29:57;Kellner 1;WAHR;4,5;cash;;
805;823;213;ORDER: CREATED - Bestellung erfasst;F7;Hendl mit Pommes;#0070c0;Essen;12,5;0;NULL;;2026-05-10 11:29:57;Kellner 1;WAHR;12,5;cash;;355
806;826;214;ORDER: CREATED - Bestellung erfasst;H6;Radler 0,5;#afb42b;Alk;4,5;0;NULL;;2026-05-10 11:30:11;Kellner 6;WAHR;4,5;cash;;
807;827;214;ORDER: CREATED - Bestellung erfasst;H6;Hendl mit Pommes;#0070c0;Essen;12,5;0;NULL;;2026-05-10 11:30:11;Kellner 6;WAHR;12,5;cash;;341
808;828;215;ORDER: CREATED - Bestellung erfasst;F2;Hendl mit Pommes;#0070c0;Essen;12,5;0;NULL;;2026-05-10 11:30:12;Kellner 5;WAHR;12,5;voucher;;340
809;831;216;ORDER: CREATED - Bestellung erfasst;E2;Bier 0,5;#fbc02d;Alk;4,5;0;NULL;;2026-05-10 11:30:12;Kellner 3;WAHR;4,5;voucher;;
810;830;216;ORDER: CREATED - Bestellung erfasst;E2;Bier 0,5;#fbc02d;Alk;4,5;0;NULL;;2026-05-10 11:30:12;Kellner 3;WAHR;4,5;voucher;;
811;829;216;ORDER: CREATED - Bestellung erfasst;E2;Hendl mit Pommes;#0070c0;Essen;12,5;0;NULL;;2026-05-10 11:30:12;Kellner 3;WAHR;12,5;cash;;389
812;832;217;ORDER: CREATED - Bestellung erfasst;E9;Bier 0,5;#fbc02d;Alk;4,5;0;NULL;;2026-05-10 11:30:39;Kellner 10;WAHR;4,5;cash;;
813;833;217;ORDER: CREATED - Bestellung erfasst;E9;Hendl mit Pommes;#0070c0;Essen;12,5;0;NULL;;2026-05-10 11:30:39;Kellner 10;WAHR;12,5;cash;;362
814;834;218;ORDER: CREATED - Bestellung erfasst;U3;Schnitzel mit Pommes;#827717;Essen;11,5;0;NULL;;2026-05-10 11:30:54;Kellner 7;WAHR;11,5;cash;;9
815;835;218;ORDER: CREATED - Bestellung erfasst;U3;Limo Orange 0,33;#ffc107;Anti;3;0;NULL;;2026-05-10 11:30:54;Kellner 7;WAHR;3;cash;;
816;837;219;ORDER: CREATED - Bestellung erfasst;G7;Soda zitron 0,5;#4fc3f7;Anti;3;0;NULL;;2026-05-10 11:31:04;Kellner 1;WAHR;3;cash;;
817;836;219;ORDER: CREATED - Bestellung erfasst;G7;Cola 0,33;#004d40;Anti;3;0;NULL;;2026-05-10 11:31:04;Kellner 1;WAHR;3;cash;;
818;838;219;ORDER: CREATED - Bestellung erfasst;G7;Cola 0,33;#004d40;Anti;3;0;NULL;;2026-05-10 11:31:04;Kellner 1;WAHR;3;cash;;
819;839;220;ORDER: CREATED - Bestellung erfasst;G2;Grillwürstel mit Pommes;#8bc34a;Essen;8;0;NULL;;2026-05-10 11:31:07;Kellner 4;WAHR;8;voucher;;37
820;840;221;ORDER: CREATED - Bestellung erfasst;U1;Bier 0,5;#fbc02d;Alk;4,5;0;NULL;;2026-05-10 11:31:41;Kellner 10;WAHR;4,5;cash;;
821;841;222;ORDER: CREATED - Bestellung erfasst;A3;Mineral 0,33;#b3e5fc;Anti;2,5;0;NULL;;2026-05-10 11:31:45;Kellner 3;WAHR;2,5;voucher;;
822;842;222;ORDER: CREATED - Bestellung erfasst;A3;Gemüselaibchen mit Salat;#ffeb3b;Essen;9;0;NULL;;2026-05-10 11:31:45;Kellner 3;WAHR;9;voucher;;49
823;843;222;ORDER: CREATED - Bestellung erfasst;A3;Pommes;#ffc000;Essen;3,5;0;NULL;;2026-05-10 11:31:45;Kellner 3;WAHR;3,5;voucher;;29
824;844;222;ORDER: CREATED - Bestellung erfasst;A3;Soda zitron 0,5;#4fc3f7;Anti;3;0;NULL;;2026-05-10 11:31:45;Kellner 3;WAHR;3;voucher;;
825;845;222;ORDER: CREATED - Bestellung erfasst;A3;Backhendl Salat;#4fc3f7;Essen;9;0;NULL;;2026-05-10 11:31:45;Kellner 3;WAHR;9;voucher;;29
826;846;223;ORDER: CREATED - Bestellung erfasst;C2;Sommer spritzer 0,5;#fff176;Alk;4,5;0;NULL;;2026-05-10 11:32:03;Kellner 11;WAHR;4,5;voucher;;
827;847;224;ORDER: CREATED - Bestellung erfasst;G9;Grillwürstel mit Pommes;#8bc34a;Essen;8;0;NULL;;2026-05-10 11:32:05;Kellner 9;WAHR;8;cash;;57
828;848;224;ORDER: CREATED - Bestellung erfasst;G9;Grillwürstel mit Pommes;#8bc34a;Essen;8;0;NULL;;2026-05-10 11:32:05;Kellner 9;WAHR;8;cash;;57
829;849;224;ORDER: CREATED - Bestellung erfasst;G9;Hendl mit Pommes;#0070c0;Essen;12,5;0;NULL;;2026-05-10 11:32:05;Kellner 9;WAHR;12,5;cash;;276
830;850;224;ORDER: CREATED - Bestellung erfasst;G9;Sommer spritzer 0,5;#fff176;Alk;4,5;0;NULL;;2026-05-10 11:32:05;Kellner 9;WAHR;4,5;cash;;
831;851;224;ORDER: CREATED - Bestellung erfasst;G9;Sommer spritzer 0,5;#fff176;Alk;4,5;0;NULL;;2026-05-10 11:32:05;Kellner 9;WAHR;4,5;cash;;
832;852;224;ORDER: CREATED - Bestellung erfasst;G9;Sommer spritzer 0,5;#fff176;Alk;4,5;0;NULL;;2026-05-10 11:32:05;Kellner 9;WAHR;4,5;cash;;
833;853;225;ORDER: CREATED - Bestellung erfasst;U12;Bier 0,5;#fbc02d;Alk;4,5;0;NULL;;2026-05-10 11:32:21;Kellner 8;WAHR;4,5;cash;;
834;854;226;ORDER: CREATED - Bestellung erfasst;U2;Soda zitron 0,5;#4fc3f7;Anti;3;0;NULL;;2026-05-10 11:32:42;Kellner 7;WAHR;3;cash;;
835;855;226;ORDER: CREATED - Bestellung erfasst;U2;Hendl mit Pommes;#0070c0;Essen;12,5;0;NULL;;2026-05-10 11:32:42;Kellner 7;WAHR;12,5;cash;;239
836;856;226;ORDER: CREATED - Bestellung erfasst;U2;Hendl mit Pommes;#0070c0;Essen;12,5;0;NULL;;2026-05-10 11:32:42;Kellner 7;WAHR;12,5;cash;;267
837;857;226;ORDER: CREATED - Bestellung erfasst;U2;Backhendl Salat;#4fc3f7;Essen;9;0;NULL;;2026-05-10 11:32:42;Kellner 7;WAHR;9;cash;;24
838;858;226;ORDER: CREATED - Bestellung erfasst;U2;Backhendl Salat;#4fc3f7;Essen;9;0;NULL;;2026-05-10 11:32:42;Kellner 7;WAHR;9;cash;;43
839;859;226;ORDER: CREATED - Bestellung erfasst;U2;Backhendl Salat;#4fc3f7;Essen;9;0;NULL;;2026-05-10 11:32:42;Kellner 7;WAHR;9;cash;;51
840;860;227;ORDER: CREATED - Bestellung erfasst;A2;Bier 0,5;#fbc02d;Alk;4,5;0;NULL;;2026-05-10 11:32:55;Kellner 3;WAHR;4,5;voucher;;
841;861;227;ORDER: CREATED - Bestellung erfasst;A2;Bier 0,5;#fbc02d;Alk;4,5;0;NULL;;2026-05-10 11:32:55;Kellner 3;WAHR;4,5;voucher;;
842;862;228;ORDER: CREATED - Bestellung erfasst;H6;Kaffee;#bf360c;Anti;3;0;NULL;;2026-05-10 11:33:14;Kellner 6;WAHR;3;free;;
843;863;229;ORDER: CREATED - Bestellung erfasst;U1;Sommer spritzer 0,5;#fff176;Alk;4,5;0;NULL;;2026-05-10 11:33:29;Kellner 10;WAHR;4,5;cash;;
844;864;229;ORDER: CREATED - Bestellung erfasst;U1;Mineral 0,33;#b3e5fc;Anti;2,5;0;NULL;;2026-05-10 11:33:29;Kellner 10;WAHR;2,5;cash;;
845;865;230;ORDER: CREATED - Bestellung erfasst;B3;Cola 0,33;#004d40;Anti;3;0;NULL;;2026-05-10 11:33:34;Kellner 3;WAHR;3;voucher;;
846;866;231;ORDER: CREATED - Bestellung erfasst;U12;Soda zitron 0,5;#4fc3f7;Anti;3;0;NULL;;2026-05-10 11:34:00;Kellner 7;WAHR;3;cash;;
847;867;232;ORDER: CREATED - Bestellung erfasst;D2;Sommer spritzer 0,5;#fff176;Alk;4,5;0;NULL;;2026-05-10 11:34:00;Kellner 3;WAHR;4,5;cash;;
848;868;232;ORDER: CREATED - Bestellung erfasst;D2;Hendl mit Pommes;#0070c0;Essen;12,5;0;NULL;;2026-05-10 11:34:00;Kellner 3;WAHR;12,5;cash;;189
849;869;233;ORDER: CREATED - Bestellung erfasst;E3;Schnitzel mit Pommes;#827717;Essen;11,5;0;NULL;;2026-05-10 11:34:20;Kellner 11;WAHR;11,5;voucher;;18
850;870;233;ORDER: CREATED - Bestellung erfasst;E3;Schnitzel mit Pommes;#827717;Essen;11,5;0;NULL;;2026-05-10 11:34:20;Kellner 11;WAHR;11,5;voucher;;18
851;871;233;ORDER: CREATED - Bestellung erfasst;E3;Soda zitron 0,5;#4fc3f7;Anti;3;0;NULL;;2026-05-10 11:34:20;Kellner 11;WAHR;3;voucher;;
852;872;234;ORDER: CREATED - Bestellung erfasst;D5;Bier 0,5;#fbc02d;Alk;4,5;0;NULL;;2026-05-10 11:34:27;Kellner 1;WAHR;4,5;cash;;
853;873;234;ORDER: CREATED - Bestellung erfasst;D5;Soda zitron 0,5;#4fc3f7;Anti;3;0;NULL;;2026-05-10 11:34:27;Kellner 1;WAHR;3;cash;;
854;874;234;ORDER: CREATED - Bestellung erfasst;D5;Grillwürstel mit Pommes;#8bc34a;Essen;8;0;NULL;;2026-05-10 11:34:27;Kellner 1;WAHR;8;cash;;54
855;875;235;ORDER: CREATED - Bestellung erfasst;U11;Bier 0,5;#fbc02d;Alk;4,5;0;NULL;;2026-05-10 11:34:40;Kellner 7;WAHR;4,5;cash;;
856;876;236;ORDER: CREATED - Bestellung erfasst;I3;Radler 0,5;#afb42b;Alk;4,5;0;NULL;;2026-05-10 11:34:40;Kellner 5;WAHR;4,5;free;;
857;877;236;ORDER: CREATED - Bestellung erfasst;I3;Backhendl Salat;#4fc3f7;Essen;9;0;NULL;;2026-05-10 11:34:40;Kellner 5;WAHR;9;free;;24
858;878;236;ORDER: CREATED - Bestellung erfasst;I3;Soda zitron 0,5;#4fc3f7;Anti;3;0;NULL;;2026-05-10 11:34:40;Kellner 5;WAHR;3;free;;
859;879;236;ORDER: CREATED - Bestellung erfasst;I3;Backhendl Salat;#4fc3f7;Essen;9;0;NULL;;2026-05-10 11:34:40;Kellner 5;WAHR;9;free;;24
860;880;236;ORDER: CREATED - Bestellung erfasst;I3;Limo Orange 0,33;#ffc107;Anti;3;0;NULL;;2026-05-10 11:34:40;Kellner 5;WAHR;3;free;;
861;881;236;ORDER: CREATED - Bestellung erfasst;I3;Backhendl Salat;#4fc3f7;Essen;9;0;NULL;;2026-05-10 11:34:40;Kellner 5;WAHR;9;free;;44
862;882;236;ORDER: CREATED - Bestellung erfasst;I3;Soda zitron 0,5;#4fc3f7;Anti;3;0;NULL;;2026-05-10 11:34:40;Kellner 5;WAHR;3;free;;
863;883;236;ORDER: CREATED - Bestellung erfasst;I3;Grillwürstel mit Pommes;#8bc34a;Essen;8;0;NULL;;2026-05-10 11:34:40;Kellner 5;WAHR;8;free;;40
864;884;236;ORDER: CREATED - Bestellung erfasst;I3;Soda zitron 0,5;#4fc3f7;Anti;3;0;NULL;;2026-05-10 11:34:40;Kellner 5;WAHR;3;free;;
865;885;236;ORDER: CREATED - Bestellung erfasst;I3;Backhendl Salat;#4fc3f7;Essen;9;0;NULL;;2026-05-10 11:34:40;Kellner 5;WAHR;9;free;;44
866;886;236;ORDER: CREATED - Bestellung erfasst;I3;Backhendl Salat;#4fc3f7;Essen;9;0;NULL;;2026-05-10 11:34:40;Kellner 5;WAHR;9;free;;84
867;887;236;ORDER: CREATED - Bestellung erfasst;I3;Sommer spritzer 0,5;#fff176;Alk;4,5;0;NULL;;2026-05-10 11:34:40;Kellner 5;WAHR;4,5;free;;
868;888;236;ORDER: CREATED - Bestellung erfasst;I3;Almdudler 0,33;#fbc02d;Anti;3;0;NULL;;2026-05-10 11:34:40;Kellner 5;WAHR;3;free;;
869;889;236;ORDER: CREATED - Bestellung erfasst;I3;Backhendl Salat;#4fc3f7;Essen;9;0;NULL;;2026-05-10 11:34:40;Kellner 5;WAHR;9;free;;84
870;890;236;ORDER: CREATED - Bestellung erfasst;I3;Backhendl Salat;#4fc3f7;Essen;9;0;NULL;;2026-05-10 11:34:40;Kellner 5;WAHR;9;free;;84
871;891;236;ORDER: CREATED - Bestellung erfasst;I3;Radler 0,5;#afb42b;Alk;4,5;0;NULL;;2026-05-10 11:34:40;Kellner 5;WAHR;4,5;free;;
872;892;237;ORDER: CREATED - Bestellung erfasst;A1;Radler 0,5;#afb42b;Alk;4,5;0;NULL;;2026-05-10 11:34:45;Kellner 3;WAHR;4,5;voucher;;
873;893;237;ORDER: CREATED - Bestellung erfasst;A1;Radler 0,5;#afb42b;Alk;4,5;0;NULL;;2026-05-10 11:34:45;Kellner 3;WAHR;4,5;voucher;;
874;894;237;ORDER: CREATED - Bestellung erfasst;A1;Bier 0,5;#fbc02d;Alk;4,5;0;NULL;;2026-05-10 11:34:45;Kellner 3;WAHR;4,5;voucher;;
875;895;238;ORDER: CREATED - Bestellung erfasst;A1;Cola 0,33;#004d40;Anti;3;0;NULL;;2026-05-10 11:34:56;Abholstation;WAHR;3;voucher;;
876;896;238;ORDER: CREATED - Bestellung erfasst;A1;Bier 0,5;#fbc02d;Alk;4,5;0;NULL;;2026-05-10 11:34:56;Abholstation;WAHR;4,5;voucher;;
877;897;238;ORDER: CREATED - Bestellung erfasst;A1;Sommer spritzer 0,5;#fff176;Alk;4,5;0;NULL;;2026-05-10 11:34:56;Abholstation;WAHR;4,5;voucher;;
878;898;238;ORDER: CREATED - Bestellung erfasst;A1;Schnitzelsemmerl;#f57f17;Essen;4,5;0;NULL;;2026-05-10 11:34:56;Abholstation;WAHR;4,5;voucher;;48
879;899;238;ORDER: CREATED - Bestellung erfasst;A1;Schnitzelsemmerl;#f57f17;Essen;4,5;0;NULL;;2026-05-10 11:34:56;Abholstation;WAHR;4,5;voucher;;48
880;900;238;ORDER: CREATED - Bestellung erfasst;A1;Schnitzelsemmerl;#f57f17;Essen;4,5;0;NULL;;2026-05-10 11:34:56;Abholstation;WAHR;4,5;voucher;;48
881;901;239;ORDER: CREATED - Bestellung erfasst;F1;Almdudler 0,33;#fbc02d;Anti;3;0;NULL;;2026-05-10 11:34:57;Kellner 11;WAHR;3;voucher;;
882;902;240;ORDER: CREATED - Bestellung erfasst;U10;Bier 0,5;#fbc02d;Alk;4,5;0;NULL;;2026-05-10 11:35:06;Kellner 7;WAHR;4,5;cash;;
883;903;241;ORDER: CREATED - Bestellung erfasst;E9;Radler 0,5;#afb42b;Alk;4,5;0;NULL;;2026-05-10 11:35:10;Kellner 8;WAHR;4,5;cash;;
884;905;241;ORDER: CREATED - Bestellung erfasst;E9;Gemüselaibchen mit Salat;#ffeb3b;Essen;9;0;NULL;;2026-05-10 11:35:10;Kellner 8;WAHR;9;cash;;65
885;906;241;ORDER: CREATED - Bestellung erfasst;E9;Gemüselaibchen mit Salat;#ffeb3b;Essen;9;0;NULL;;2026-05-10 11:35:10;Kellner 8;WAHR;9;cash;;65
886;904;241;ORDER: CREATED - Bestellung erfasst;E9;Almdudler 0,33;#fbc02d;Anti;3;0;NULL;;2026-05-10 11:35:10;Kellner 8;WAHR;3;cash;;
887;907;242;ORDER: CREATED - Bestellung erfasst;H3;Bier 0,5;#fbc02d;Alk;4,5;0;NULL;;2026-05-10 11:35:21;Kellner 5;WAHR;4,5;voucher;;
888;909;243;ORDER: CREATED - Bestellung erfasst;C7;Bier 0,5;#fbc02d;Alk;4,5;0;NULL;;2026-05-10 11:35:27;Kellner 2;WAHR;4,5;cash;;
889;910;243;ORDER: CREATED - Bestellung erfasst;C7;Bier 0,5;#fbc02d;Alk;4,5;0;NULL;;2026-05-10 11:35:27;Kellner 2;WAHR;4,5;cash;;
890;908;243;ORDER: CREATED - Bestellung erfasst;C7;Hendl mit Pommes;#0070c0;Essen;12,5;0;NULL;;2026-05-10 11:35:27;Kellner 2;WAHR;12,5;cash;;199
891;912;243;ORDER: CREATED - Bestellung erfasst;C7;Mineral 0,33;#b3e5fc;Anti;2,5;0;NULL;;2026-05-10 11:35:27;Kellner 2;WAHR;2,5;cash;;
892;911;243;ORDER: CREATED - Bestellung erfasst;C7;Bier 0,5;#fbc02d;Alk;4,5;0;NULL;;2026-05-10 11:35:27;Kellner 2;WAHR;4,5;cash;;
893;913;244;ORDER: CREATED - Bestellung erfasst;C1;Bier 0,5;#fbc02d;Alk;4,5;0;NULL;;2026-05-10 11:35:31;Kellner 3;WAHR;4,5;voucher;;
894;914;244;ORDER: CREATED - Bestellung erfasst;C1;Radler 0,5;#afb42b;Alk;4,5;0;NULL;;2026-05-10 11:35:31;Kellner 3;WAHR;4,5;voucher;;
895;915;244;ORDER: CREATED - Bestellung erfasst;C1;Limo Orange 0,33;#ffc107;Anti;3;0;NULL;;2026-05-10 11:35:31;Kellner 3;WAHR;3;voucher;;
896;916;245;ORDER: CREATED - Bestellung erfasst;H3;Bier 0,5;#fbc02d;Alk;4,5;0;NULL;;2026-05-10 11:35:36;Kellner 5;WAHR;4,5;voucher;;
897;917;245;ORDER: CREATED - Bestellung erfasst;H3;Bier 0,5;#fbc02d;Alk;4,5;0;NULL;;2026-05-10 11:35:36;Kellner 5;WAHR;4,5;voucher;;
898;918;246;ORDER: CREATED - Bestellung erfasst;G5;Sommer spritzer 0,5;#fff176;Alk;4,5;0;NULL;;2026-05-10 11:35:37;Kellner 6;WAHR;4,5;free;;
899;919;246;ORDER: CREATED - Bestellung erfasst;G5;Sommer spritzer 0,5;#fff176;Alk;4,5;0;NULL;;2026-05-10 11:35:37;Kellner 6;WAHR;4,5;free;;
900;920;247;ORDER: CREATED - Bestellung erfasst;C9;Cola 0,33;#004d40;Anti;3;0;NULL;;2026-05-10 11:35:53;Kellner 9;WAHR;3;cash;;
901;921;247;ORDER: CREATED - Bestellung erfasst;C9;Cola 0,33;#004d40;Anti;3;0;NULL;;2026-05-10 11:35:53;Kellner 9;WAHR;3;cash;;
902;922;248;ORDER: CREATED - Bestellung erfasst;I2;Bier 0,5;#fbc02d;Alk;4,5;0;NULL;;2026-05-10 11:35:54;Kellner 4;WAHR;4,5;cash;;
903;923;248;ORDER: CREATED - Bestellung erfasst;I2;Sommer spritzer 0,5;#fff176;Alk;4,5;0;NULL;;2026-05-10 11:35:54;Kellner 4;WAHR;4,5;cash;;
904;924;248;ORDER: CREATED - Bestellung erfasst;I2;Soda zitron 0,5;#4fc3f7;Anti;3;0;NULL;;2026-05-10 11:35:54;Kellner 4;WAHR;3;cash;;
905;925;249;ORDER: CREATED - Bestellung erfasst;F5;Bier 0,5;#fbc02d;Alk;4,5;0;NULL;;2026-05-10 11:36:10;Kellner 6;WAHR;4,5;free;;
906;926;249;ORDER: CREATED - Bestellung erfasst;F5;Radler 0,5;#afb42b;Alk;4,5;0;NULL;;2026-05-10 11:36:10;Kellner 6;WAHR;4,5;free;;
907;927;250;ORDER: CREATED - Bestellung erfasst;G3;Hendl mit Pommes;#0070c0;Essen;12,5;0;NULL;;2026-05-10 11:36:17;Kellner 5;WAHR;12,5;voucher;;149
908;928;250;ORDER: CREATED - Bestellung erfasst;G3;Schnitzel mit Pommes;#827717;Essen;11,5;0;NULL;;2026-05-10 11:36:17;Kellner 5;WAHR;11,5;cash;;18
909;929;250;ORDER: CREATED - Bestellung erfasst;G3;Hendl mit Pommes;#0070c0;Essen;12,5;0;NULL;;2026-05-10 11:36:17;Kellner 5;WAHR;12,5;voucher;;149
910;936;251;ORDER: CREATED - Bestellung erfasst;G1;Hendl mit Pommes;#0070c0;Essen;12,5;0;NULL;;2026-05-10 11:36:27;Kellner 11;WAHR;12,5;voucher;;183
911;930;251;ORDER: CREATED - Bestellung erfasst;G1;Bier 0,5;#fbc02d;Alk;4,5;0;NULL;;2026-05-10 11:36:27;Kellner 11;WAHR;4,5;voucher;;
912;931;251;ORDER: CREATED - Bestellung erfasst;G1;Bier 0,5;#fbc02d;Alk;4,5;0;NULL;;2026-05-10 11:36:27;Kellner 11;WAHR;4,5;voucher;;
913;932;251;ORDER: CREATED - Bestellung erfasst;G1;Hendl mit Pommes;#0070c0;Essen;12,5;0;NULL;;2026-05-10 11:36:27;Kellner 11;WAHR;12,5;voucher;;139
914;933;251;ORDER: CREATED - Bestellung erfasst;G1;Hendl mit Pommes;#0070c0;Essen;12,5;0;NULL;;2026-05-10 11:36:27;Kellner 11;WAHR;12,5;voucher;;139
915;934;251;ORDER: CREATED - Bestellung erfasst;G1;Cola 0,33;#004d40;Anti;3;0;NULL;;2026-05-10 11:36:27;Kellner 11;WAHR;3;voucher;;
916;935;251;ORDER: CREATED - Bestellung erfasst;G1;Hendl mit Pommes;#0070c0;Essen;12,5;0;NULL;;2026-05-10 11:36:27;Kellner 11;WAHR;12,5;voucher;;139
917;937;251;ORDER: CREATED - Bestellung erfasst;G1;Radler 0,5;#afb42b;Alk;4,5;0;NULL;;2026-05-10 11:36:27;Kellner 11;WAHR;4,5;voucher;;
918;938;251;ORDER: CREATED - Bestellung erfasst;G1;Mineral 0,33;#b3e5fc;Anti;2,5;0;NULL;;2026-05-10 11:36:27;Kellner 11;WAHR;2,5;cash;;
919;939;252;ORDER: CREATED - Bestellung erfasst;U8;Sommer spritzer 0,5;#fff176;Alk;4,5;0;NULL;;2026-05-10 11:36:49;Kellner 1;WAHR;4,5;cash;;
920;941;253;ORDER: CREATED - Bestellung erfasst;B7;Hendl mit Pommes;#0070c0;Essen;12,5;0;NULL;;2026-05-10 11:37:14;Kellner 2;WAHR;12,5;cash;;136
921;940;253;ORDER: CREATED - Bestellung erfasst;B7;Hendl mit Pommes;#0070c0;Essen;12,5;0;NULL;;2026-05-10 11:37:14;Kellner 2;WAHR;12,5;cash;;136
922;942;253;ORDER: CREATED - Bestellung erfasst;B7;Bier 0,5;#fbc02d;Alk;4,5;0;NULL;;2026-05-10 11:37:14;Kellner 2;WAHR;4,5;cash;;
923;943;253;ORDER: CREATED - Bestellung erfasst;B7;Bier 0,5;#fbc02d;Alk;4,5;0;NULL;;2026-05-10 11:37:14;Kellner 2;WAHR;4,5;cash;;
924;945;254;ORDER: CREATED - Bestellung erfasst;U7;Sommer spritzer 0,5;#fff176;Alk;4,5;0;NULL;;2026-05-10 11:37:28;Kellner 9;WAHR;4,5;cash;;
925;944;254;ORDER: CREATED - Bestellung erfasst;U7;Radler 0,5;#afb42b;Alk;4,5;0;NULL;;2026-05-10 11:37:28;Kellner 9;WAHR;4,5;cash;;
926;946;254;ORDER: CREATED - Bestellung erfasst;U7;Hendl mit Pommes;#0070c0;Essen;12,5;0;NULL;;2026-05-10 11:37:28;Kellner 9;WAHR;12,5;cash;;121
927;947;254;ORDER: CREATED - Bestellung erfasst;U7;Hendl mit Pommes;#0070c0;Essen;12,5;0;NULL;;2026-05-10 11:37:28;Kellner 9;WAHR;12,5;cash;;121
928;948;255;ORDER: CREATED - Bestellung erfasst;F3;Schnitzel mit Pommes;#827717;Essen;11,5;0;NULL;;2026-05-10 11:38:05;Kellner 5;WAHR;11,5;voucher;;23
929;949;255;ORDER: CREATED - Bestellung erfasst;F3;Sommer spritzer 0,5;#fff176;Alk;4,5;0;NULL;;2026-05-10 11:38:05;Kellner 5;WAHR;4,5;voucher;;
930;950;255;ORDER: CREATED - Bestellung erfasst;F3;Schnitzel mit Pommes;#827717;Essen;11,5;0;NULL;;2026-05-10 11:38:05;Kellner 5;WAHR;11,5;voucher;;23
931;953;256;ORDER: CREATED - Bestellung erfasst;F9;Radler 0,5;#afb42b;Alk;4,5;0;NULL;;2026-05-10 11:38:14;Kellner 8;WAHR;4,5;cash;;
932;952;256;ORDER: CREATED - Bestellung erfasst;F9;Soda zitron 0,5;#4fc3f7;Anti;3;0;NULL;;2026-05-10 11:38:14;Kellner 8;WAHR;3;cash;;
933;951;256;ORDER: CREATED - Bestellung erfasst;F9;Backhendl Salat;#4fc3f7;Essen;9;0;NULL;;2026-05-10 11:38:14;Kellner 8;WAHR;9;cash;;27
934;954;256;ORDER: CREATED - Bestellung erfasst;F9;Grillwürstel mit Pommes;#8bc34a;Essen;8;0;NULL;;2026-05-10 11:38:14;Kellner 8;WAHR;8;cash;;59
935;955;257;ORDER: CREATED - Bestellung erfasst;H2;Bier 0,5;#fbc02d;Alk;4,5;0;NULL;;2026-05-10 11:38:17;Kellner 4;WAHR;4,5;voucher;;
936;960;257;ORDER: CREATED - Bestellung erfasst;H2;Schnitzel mit Pommes;#827717;Essen;11,5;0;NULL;;2026-05-10 11:38:17;Kellner 4;WAHR;11,5;voucher;;51
937;959;257;ORDER: CREATED - Bestellung erfasst;H2;Schnitzel mit Pommes;#827717;Essen;11,5;0;NULL;;2026-05-10 11:38:17;Kellner 4;WAHR;11,5;voucher;;39
938;958;257;ORDER: CREATED - Bestellung erfasst;H2;Schnitzel mit Pommes;#827717;Essen;11,5;0;NULL;;2026-05-10 11:38:17;Kellner 4;WAHR;11,5;voucher;;39
939;957;257;ORDER: CREATED - Bestellung erfasst;H2;Bier 0,5;#fbc02d;Alk;4,5;0;NULL;;2026-05-10 11:38:17;Kellner 4;WAHR;4,5;voucher;;
940;956;257;ORDER: CREATED - Bestellung erfasst;H2;Bier 0,5;#fbc02d;Alk;4,5;0;NULL;;2026-05-10 11:38:17;Kellner 4;WAHR;4,5;voucher;;
941;962;258;ORDER: CREATED - Bestellung erfasst;U9;Cola 0,33;#004d40;Anti;3;0;NULL;;2026-05-10 11:38:30;Kellner 9;WAHR;3;cash;;
942;961;258;ORDER: CREATED - Bestellung erfasst;U9;Bier 0,5;#fbc02d;Alk;4,5;0;NULL;;2026-05-10 11:38:30;Kellner 9;WAHR;4,5;cash;;
943;964;259;ORDER: CREATED - Bestellung erfasst;G2;Bier 0,5;#fbc02d;Alk;4,5;0;NULL;;2026-05-10 11:38:57;Kellner 4;WAHR;4,5;voucher;;
944;963;259;ORDER: CREATED - Bestellung erfasst;G2;Hendl mit Pommes;#0070c0;Essen;12,5;0;NULL;;2026-05-10 11:38:57;Kellner 4;WAHR;12,5;voucher;;33
945;965;260;ORDER: CREATED - Bestellung erfasst;C7;Hendl mit Pommes;#0070c0;Essen;12,5;0;NULL;;2026-05-10 11:39:01;Kellner 2;WAHR;12,5;cash;;39
946;967;261;ORDER: CREATED - Bestellung erfasst;F4;Sommer spritzer 0,5;#fff176;Alk;4,5;0;NULL;;2026-05-10 11:39:10;Kellner 5;WAHR;4,5;voucher;;
947;966;261;ORDER: CREATED - Bestellung erfasst;F4;Sommer spritzer 0,5;#fff176;Alk;4,5;0;NULL;;2026-05-10 11:39:10;Kellner 5;WAHR;4,5;voucher;;
948;968;262;ORDER: CREATED - Bestellung erfasst;F4;Sommer spritzer 0,5;#fff176;Alk;4,5;0;NULL;;2026-05-10 11:39:27;Kellner 5;WAHR;4,5;voucher;;
949;972;263;ORDER: CREATED - Bestellung erfasst;D4;Limo Orange 0,33;#ffc107;Anti;3;0;NULL;;2026-05-10 11:39:40;Kellner 3;WAHR;3;cash;;
950;973;263;ORDER: CREATED - Bestellung erfasst;D4;Soda zitron 0,5;#4fc3f7;Anti;3;0;NULL;;2026-05-10 11:39:40;Kellner 3;WAHR;3;cash;;
951;980;263;ORDER: CREATED - Bestellung erfasst;D4;Grillwürstel mit Pommes;#8bc34a;Essen;8;0;NULL;;2026-05-10 11:39:40;Kellner 3;WAHR;8;cash;;88
952;979;263;ORDER: CREATED - Bestellung erfasst;D4;Grillwürstel mit Pommes;#8bc34a;Essen;8;0;NULL;;2026-05-10 11:39:40;Kellner 3;WAHR;8;cash;;62
953;978;263;ORDER: CREATED - Bestellung erfasst;D4;Grillwürstel mit Pommes;#8bc34a;Essen;8;0;NULL;;2026-05-10 11:39:40;Kellner 3;WAHR;8;cash;;62
954;977;263;ORDER: CREATED - Bestellung erfasst;D4;Gemüselaibchen mit Salat;#ffeb3b;Essen;9;0;NULL;;2026-05-10 11:39:40;Kellner 3;WAHR;9;cash;;39
955;976;263;ORDER: CREATED - Bestellung erfasst;D4;Gemüselaibchen mit Salat;#ffeb3b;Essen;9;0;NULL;;2026-05-10 11:39:40;Kellner 3;WAHR;9;cash;;23
956;975;263;ORDER: CREATED - Bestellung erfasst;D4;Hendl mit Pommes;#0070c0;Essen;12,5;0;NULL;;2026-05-10 11:39:40;Kellner 3;WAHR;12,5;cash;;83
957;974;263;ORDER: CREATED - Bestellung erfasst;D4;Soda zitron 0,5;#4fc3f7;Anti;3;0;NULL;;2026-05-10 11:39:40;Kellner 3;WAHR;3;cash;;
958;969;263;ORDER: CREATED - Bestellung erfasst;D4;Freibier 0.5;#ffeb3b;Alk;4,5;0;NULL;;2026-05-10 11:39:40;Kellner 3;WAHR;4,5;cash;;
959;970;263;ORDER: CREATED - Bestellung erfasst;D4;Freibier 0.5;#ffeb3b;Alk;4,5;0;NULL;;2026-05-10 11:39:40;Kellner 3;WAHR;4,5;cash;;
960;971;263;ORDER: CREATED - Bestellung erfasst;D4;Limo Orange 0,33;#ffc107;Anti;3;0;NULL;;2026-05-10 11:39:40;Kellner 3;WAHR;3;cash;;
961;988;264;ORDER: CREATED - Bestellung erfasst;H1;Cola 0,33;#004d40;Anti;3;0;NULL;;2026-05-10 11:39:44;Kellner 11;WAHR;3;cash;;
962;981;264;ORDER: CREATED - Bestellung erfasst;H1;Soda zitron 0,5;#4fc3f7;Anti;3;0;NULL;;2026-05-10 11:39:44;Kellner 11;WAHR;3;cash;;
963;982;264;ORDER: CREATED - Bestellung erfasst;H1;Hendl mit Pommes;#0070c0;Essen;12,5;0;NULL;;2026-05-10 11:39:44;Kellner 11;WAHR;12,5;voucher;;79
964;986;264;ORDER: CREATED - Bestellung erfasst;H1;Mineral 0,33;#b3e5fc;Anti;2,5;0;NULL;;2026-05-10 11:39:44;Kellner 11;WAHR;2,5;cash;;
965;987;264;ORDER: CREATED - Bestellung erfasst;H1;Hendl mit Pommes;#0070c0;Essen;12,5;0;NULL;;2026-05-10 11:39:44;Kellner 11;WAHR;12,5;voucher;;79
966;983;264;ORDER: CREATED - Bestellung erfasst;H1;Schnitzel mit Pommes;#827717;Essen;11,5;0;NULL;;2026-05-10 11:39:44;Kellner 11;WAHR;11,5;voucher;;30
967;984;264;ORDER: CREATED - Bestellung erfasst;H1;Schnitzel mit Pommes;#827717;Essen;11,5;0;NULL;;2026-05-10 11:39:44;Kellner 11;WAHR;11,5;voucher;;30
968;985;264;ORDER: CREATED - Bestellung erfasst;H1;Mineral 0,33;#b3e5fc;Anti;2,5;0;NULL;;2026-05-10 11:39:44;Kellner 11;WAHR;2,5;cash;;
969;992;265;ORDER: CREATED - Bestellung erfasst;H4;Bier 0,5;#fbc02d;Alk;4,5;0;NULL;;2026-05-10 11:39:46;Kellner 6;WAHR;4,5;voucher;;
970;991;265;ORDER: CREATED - Bestellung erfasst;H4;Bier 0,5;#fbc02d;Alk;4,5;0;NULL;;2026-05-10 11:39:46;Kellner 6;WAHR;4,5;voucher;;
971;990;265;ORDER: CREATED - Bestellung erfasst;H4;Soda zitron 0,5;#4fc3f7;Anti;3;0;NULL;;2026-05-10 11:39:46;Kellner 6;WAHR;3;voucher;;
972;989;265;ORDER: CREATED - Bestellung erfasst;H4;Soda zitron 0,5;#4fc3f7;Anti;3;0;NULL;;2026-05-10 11:39:46;Kellner 6;WAHR;3;voucher;;
973;993;266;ORDER: CREATED - Bestellung erfasst;H10;Mineral 0,33;#b3e5fc;Anti;2,5;0;NULL;;2026-05-10 11:40:03;Kellner 8;WAHR;2,5;cash;;
974;994;266;ORDER: CREATED - Bestellung erfasst;H10;Soda zitron 0,5;#4fc3f7;Anti;3;0;NULL;;2026-05-10 11:40:03;Kellner 8;WAHR;3;cash;;
975;995;267;ORDER: CREATED - Bestellung erfasst;H4;Bier 0,5;#fbc02d;Alk;4,5;0;NULL;;2026-05-10 11:40:09;Kellner 6;WAHR;4,5;voucher;;
976;996;268;ORDER: CREATED - Bestellung erfasst;F7;Bier 0,5;#fbc02d;Alk;4,5;0;NULL;;2026-05-10 11:40:11;Kellner 1;WAHR;4,5;cash;;
977;1003;269;ORDER: CREATED - Bestellung erfasst;D5;Schnitzel mit Pommes;#827717;Essen;11,5;0;NULL;;2026-05-10 11:40:21;Kellner 2;WAHR;11,5;cash;;61
978;1002;269;ORDER: CREATED - Bestellung erfasst;D5;Radler 0,5;#afb42b;Alk;4,5;0;NULL;;2026-05-10 11:40:21;Kellner 2;WAHR;4,5;cash;;
979;1001;269;ORDER: CREATED - Bestellung erfasst;D5;Limo Zitrone 0,33;#ffeb3b;Anti;3;0;NULL;;2026-05-10 11:40:21;Kellner 2;WAHR;3;cash;;
980;1000;269;ORDER: CREATED - Bestellung erfasst;D5;Almdudler 0,33;#fbc02d;Anti;3;0;NULL;;2026-05-10 11:40:21;Kellner 2;WAHR;3;cash;;
981;999;269;ORDER: CREATED - Bestellung erfasst;D5;Almdudler 0,33;#fbc02d;Anti;3;0;NULL;;2026-05-10 11:40:21;Kellner 2;WAHR;3;cash;;
982;997;269;ORDER: CREATED - Bestellung erfasst;D5;Schnitzelsemmerl;#f57f17;Essen;4,5;0;NULL;;2026-05-10 11:40:21;Kellner 2;WAHR;4,5;cash;;36
983;998;269;ORDER: CREATED - Bestellung erfasst;D5;Schnitzelsemmerl;#f57f17;Essen;4,5;0;NULL;;2026-05-10 11:40:21;Kellner 2;WAHR;4,5;cash;;36
984;1004;269;ORDER: CREATED - Bestellung erfasst;D5;Backhendl Salat;#4fc3f7;Essen;9;0;NULL;;2026-05-10 11:40:21;Kellner 2;WAHR;9;cash;;21
985;1007;270;ORDER: CREATED - Bestellung erfasst;E2;Bier 0,5;#fbc02d;Alk;4,5;0;NULL;;2026-05-10 11:40:38;Kellner 3;WAHR;4,5;voucher;;
986;1006;270;ORDER: CREATED - Bestellung erfasst;E2;Sommer spritzer 0,5;#fff176;Alk;4,5;0;NULL;;2026-05-10 11:40:38;Kellner 3;WAHR;4,5;voucher;;
987;1005;270;ORDER: CREATED - Bestellung erfasst;E2;Freibier 0.5;#ffeb3b;Alk;4,5;0;NULL;;2026-05-10 11:40:38;Kellner 3;WAHR;4,5;voucher;;
988;1008;271;ORDER: CREATED - Bestellung erfasst;F10;Hendl mit Pommes;#0070c0;Essen;12,5;0;NULL;;2026-05-10 11:41:12;Kellner 5;WAHR;12,5;cash;;29
989;1009;272;ORDER: CREATED - Bestellung erfasst;D1;Bier 0,5;#fbc02d;Alk;4,5;0;NULL;;2026-05-10 11:41:22;Kellner 11;WAHR;4,5;voucher;;
990;1011;272;ORDER: CREATED - Bestellung erfasst;D1;Bier 0,5;#fbc02d;Alk;4,5;0;NULL;;2026-05-10 11:41:22;Kellner 11;WAHR;4,5;voucher;;
991;1010;272;ORDER: CREATED - Bestellung erfasst;D1;Sommer spritzer 0,5;#fff176;Alk;4,5;0;NULL;;2026-05-10 11:41:22;Kellner 11;WAHR;4,5;voucher;;
992;1012;273;ORDER: CREATED - Bestellung erfasst;E7;Hendl mit Pommes;#0070c0;Essen;12,5;0;NULL;;2026-05-10 11:41:22;Kellner 2;WAHR;12,5;cash;;18
993;1013;274;ORDER: CREATED - Bestellung erfasst;U6;Bier 0,5;#fbc02d;Alk;4,5;0;NULL;;2026-05-10 11:41:25;Kellner 7;WAHR;4,5;cash;;
994;1014;274;ORDER: CREATED - Bestellung erfasst;U6;Bier 0,5;#fbc02d;Alk;4,5;0;NULL;;2026-05-10 11:41:25;Kellner 7;WAHR;4,5;cash;;
995;1015;275;ORDER: CREATED - Bestellung erfasst;H10;Mineral 0,33;#b3e5fc;Anti;2,5;0;NULL;;2026-05-10 11:41:33;Kellner 8;WAHR;2,5;cash;;
996;1016;275;ORDER: CREATED - Bestellung erfasst;H10;Backhendl Salat;#4fc3f7;Essen;9;0;NULL;;2026-05-10 11:41:33;Kellner 8;WAHR;9;cash;;20
997;1017;275;ORDER: CREATED - Bestellung erfasst;H10;Radler 0,5;#afb42b;Alk;4,5;0;NULL;;2026-05-10 11:41:33;Kellner 8;WAHR;4,5;cash;;
998;1019;276;ORDER: CREATED - Bestellung erfasst;B2;Schnitzel mit Pommes;#827717;Essen;11,5;0;NULL;;2026-05-10 11:41:42;Kellner 3;WAHR;11,5;voucher;;40
999;1021;276;ORDER: CREATED - Bestellung erfasst;B2;Radler 0,5;#afb42b;Alk;4,5;0;NULL;;2026-05-10 11:41:42;Kellner 3;WAHR;4,5;voucher;;
1000;1018;276;ORDER: CREATED - Bestellung erfasst;B2;Sommer spritzer 0,5;#fff176;Alk;4,5;0;NULL;;2026-05-10 11:41:42;Kellner 3;WAHR;4,5;voucher;;
1001;1020;276;ORDER: CREATED - Bestellung erfasst;B2;Schnitzelsemmerl;#f57f17;Essen;4,5;0;NULL;;2026-05-10 11:41:42;Kellner 3;WAHR;4,5;cash;;28
1002;1022;277;ORDER: CREATED - Bestellung erfasst;E7;Bier 0,5;#fbc02d;Alk;4,5;0;NULL;;2026-05-10 11:41:45;Kellner 2;WAHR;4,5;cash;;
1003;1023;278;ORDER: CREATED - Bestellung erfasst;B6;Hendl mit Pommes;#0070c0;Essen;12,5;0;NULL;;2026-05-10 11:41:46;Kellner 9;WAHR;12,5;cash;;13
1004;1026;279;ORDER: CREATED - Bestellung erfasst;B1;Bier 0,5;#fbc02d;Alk;4,5;0;NULL;;2026-05-10 11:42:06;Kellner 11;WAHR;4,5;voucher;;
1005;1024;279;ORDER: CREATED - Bestellung erfasst;B1;Sommer spritzer 0,5;#fff176;Alk;4,5;0;NULL;;2026-05-10 11:42:06;Kellner 11;WAHR;4,5;voucher;;
1006;1025;279;ORDER: CREATED - Bestellung erfasst;B1;Bier 0,5;#fbc02d;Alk;4,5;0;NULL;;2026-05-10 11:42:06;Kellner 11;WAHR;4,5;voucher;;
1007;1027;280;ORDER: CREATED - Bestellung erfasst;B1;Soda zitron 0,5;#4fc3f7;Anti;3;0;NULL;;2026-05-10 11:42:34;Kellner 11;WAHR;3;voucher;;
1008;1028;281;ORDER: CREATED - Bestellung erfasst;A2;Bier 0,5;#fbc02d;Alk;4,5;0;NULL;;2026-05-10 11:42:38;Kellner 3;WAHR;4,5;voucher;;
1009;1029;282;ORDER: CREATED - Bestellung erfasst;D10;Bier 0,5;#fbc02d;Alk;4,5;0;NULL;;2026-05-10 11:43:07;Kellner 8;WAHR;4,5;cash;;
1010;1030;283;ORDER: CREATED - Bestellung erfasst;C8;Mineral 0,33;#b3e5fc;Anti;2,5;0;NULL;;2026-05-10 11:43:14;Kellner 2;WAHR;2,5;cash;;
1011;1031;284;ORDER: CREATED - Bestellung erfasst;C1;Bier 0,5;#fbc02d;Alk;4,5;0;NULL;;2026-05-10 11:43:21;Kellner 11;WAHR;4,5;voucher;;
1012;1032;285;ORDER: CREATED - Bestellung erfasst;U8;Bier 0,5;#fbc02d;Alk;4,5;0;NULL;;2026-05-10 11:43:27;Kellner 7;WAHR;4,5;cash;;
1013;1033;285;ORDER: CREATED - Bestellung erfasst;U8;Hendl mit Pommes;#0070c0;Essen;12,5;0;NULL;;2026-05-10 11:43:27;Kellner 7;WAHR;12,5;cash;;11
1014;1035;286;ORDER: CREATED - Bestellung erfasst;D8;Sommer spritzer 0,5;#fff176;Alk;4,5;0;NULL;;2026-05-10 11:43:49;Kellner 2;WAHR;4,5;cash;;
1015;1036;286;ORDER: CREATED - Bestellung erfasst;D8;Sommer spritzer 0,5;#fff176;Alk;4,5;0;NULL;;2026-05-10 11:43:49;Kellner 2;WAHR;4,5;cash;;
1016;1034;286;ORDER: CREATED - Bestellung erfasst;D8;Radler 0,5;#afb42b;Alk;4,5;0;NULL;;2026-05-10 11:43:49;Kellner 2;WAHR;4,5;cash;;
1017;1037;287;ORDER: CREATED - Bestellung erfasst;D2;Bier 0,5;#fbc02d;Alk;4,5;0;NULL;;2026-05-10 11:44:04;Kellner 11;WAHR;4,5;voucher;;
1018;1038;288;ORDER: CREATED - Bestellung erfasst;U1;Soda zitron 0,5;#4fc3f7;Anti;3;0;NULL;;2026-05-10 11:44:25;Kellner 8;WAHR;3;cash;;
1019;1040;288;ORDER: CREATED - Bestellung erfasst;U1;Almdudler 0,33;#fbc02d;Anti;3;0;NULL;;2026-05-10 11:44:25;Kellner 8;WAHR;3;cash;;
1020;1039;288;ORDER: CREATED - Bestellung erfasst;U1;Almdudler 0,33;#fbc02d;Anti;3;0;NULL;;2026-05-10 11:44:25;Kellner 8;WAHR;3;cash;;
1021;1041;289;ORDER: CREATED - Bestellung erfasst;C2;Bier 0,5;#fbc02d;Alk;4,5;0;NULL;;2026-05-10 11:44:30;Kellner 11;WAHR;4,5;voucher;;
1022;1045;290;ORDER: CREATED - Bestellung erfasst;E8;Hendl mit Pommes;#0070c0;Essen;12,5;0;NULL;;2026-05-10 11:44:40;Kellner 2;WAHR;12,5;cash;;68
1023;1044;290;ORDER: CREATED - Bestellung erfasst;E8;Radler 0,5;#afb42b;Alk;4,5;0;NULL;;2026-05-10 11:44:40;Kellner 2;WAHR;4,5;cash;;
1024;1043;290;ORDER: CREATED - Bestellung erfasst;E8;Hendl mit Pommes;#0070c0;Essen;12,5;0;NULL;;2026-05-10 11:44:40;Kellner 2;WAHR;12,5;cash;;68
1025;1042;290;ORDER: CREATED - Bestellung erfasst;E8;Hendl mit Pommes;#0070c0;Essen;12,5;0;NULL;;2026-05-10 11:44:40;Kellner 2;WAHR;12,5;cash;;68
1026;1046;291;ORDER: CREATED - Bestellung erfasst;G8;Schnitzelsemmerl;#f57f17;Essen;4,5;0;NULL;;2026-05-10 11:44:41;Kellner 9;WAHR;4,5;cash;;21
1027;1048;292;ORDER: CREATED - Bestellung erfasst;E4;Hendl mit Pommes;#0070c0;Essen;12,5;0;NULL;;2026-05-10 11:44:42;Kellner 3;WAHR;12,5;cash;;67
1028;1055;292;ORDER: CREATED - Bestellung erfasst;E4;Bier 0,5;#fbc02d;Alk;4,5;0;NULL;;2026-05-10 11:44:42;Kellner 3;WAHR;4,5;cash;;
1029;1054;292;ORDER: CREATED - Bestellung erfasst;E4;Schnitzel mit Pommes;#827717;Essen;11,5;0;NULL;;2026-05-10 11:44:42;Kellner 3;WAHR;11,5;cash;;28
1030;1053;292;ORDER: CREATED - Bestellung erfasst;E4;Schnitzelsemmerl;#f57f17;Essen;4,5;0;NULL;;2026-05-10 11:44:42;Kellner 3;WAHR;4,5;cash;;20
1031;1052;292;ORDER: CREATED - Bestellung erfasst;E4;Radler 0,5;#afb42b;Alk;4,5;0;NULL;;2026-05-10 11:44:42;Kellner 3;WAHR;4,5;cash;;
1032;1051;292;ORDER: CREATED - Bestellung erfasst;E4;Pommes;#ffc000;Essen;3,5;0;NULL;;2026-05-10 11:44:42;Kellner 3;WAHR;3,5;cash;;28
1033;1050;292;ORDER: CREATED - Bestellung erfasst;E4;Almdudler 0,33;#fbc02d;Anti;3;0;NULL;;2026-05-10 11:44:42;Kellner 3;WAHR;3;cash;;
1034;1049;292;ORDER: CREATED - Bestellung erfasst;E4;Schnitzelsemmerl;#f57f17;Essen;4,5;0;NULL;;2026-05-10 11:44:42;Kellner 3;WAHR;4,5;cash;;20
1035;1047;292;ORDER: CREATED - Bestellung erfasst;E4;Bier 0,5;#fbc02d;Alk;4,5;0;NULL;;2026-05-10 11:44:42;Kellner 3;WAHR;4,5;cash;;
1036;1056;293;ORDER: CREATED - Bestellung erfasst;C2;Bier 0,5;#fbc02d;Alk;4,5;0;NULL;;2026-05-10 11:44:57;Kellner 11;WAHR;4,5;voucher;;
1037;1059;294;ORDER: CREATED - Bestellung erfasst;E8;Limo Orange 0,33;#ffc107;Anti;3;0;NULL;;2026-05-10 11:44:59;Kellner 2;WAHR;3;cash;;
1038;1058;294;ORDER: CREATED - Bestellung erfasst;E8;Backhendl Salat;#4fc3f7;Essen;9;0;NULL;;2026-05-10 11:44:59;Kellner 2;WAHR;9;cash;;35
1039;1057;294;ORDER: CREATED - Bestellung erfasst;E8;Backhendl Salat;#4fc3f7;Essen;9;0;NULL;;2026-05-10 11:44:59;Kellner 2;WAHR;9;cash;;35
1040;1060;295;ORDER: CREATED - Bestellung erfasst;U1;Bier 0,5;#fbc02d;Alk;4,5;0;NULL;;2026-05-10 11:45:20;Kellner 8;WAHR;4,5;cash;;
1041;1063;296;ORDER: CREATED - Bestellung erfasst;I2;Kaffee;#bf360c;Anti;3;0;NULL;;2026-05-10 11:45:25;Kellner 4;WAHR;3;cash;;
1042;1065;296;ORDER: CREATED - Bestellung erfasst;I2;Sommer spritzer 0,5;#fff176;Alk;4,5;0;NULL;;2026-05-10 11:45:25;Kellner 4;WAHR;4,5;cash;;
1043;1061;296;ORDER: CREATED - Bestellung erfasst;I2;Sommer spritzer 0,5;#fff176;Alk;4,5;0;NULL;;2026-05-10 11:45:25;Kellner 4;WAHR;4,5;voucher;;
1044;1062;296;ORDER: CREATED - Bestellung erfasst;I2;Sommer spritzer 0,5;#fff176;Alk;4,5;0;NULL;;2026-05-10 11:45:25;Kellner 4;WAHR;4,5;cash;;
1045;1064;296;ORDER: CREATED - Bestellung erfasst;I2;Almdudler 0,33;#fbc02d;Anti;3;0;NULL;;2026-05-10 11:45:25;Kellner 4;WAHR;3;cash;;
1046;1066;297;ORDER: CREATED - Bestellung erfasst;G8;Almdudler 0,33;#fbc02d;Anti;3;0;NULL;;2026-05-10 11:45:33;Kellner 9;WAHR;3;voucher;;
1047;1069;298;ORDER: CREATED - Bestellung erfasst;A1;Bier 0,5;#fbc02d;Alk;4,5;0;NULL;;2026-05-10 11:45:37;Abholstation;WAHR;4,5;voucher;;
1048;1070;298;ORDER: CREATED - Bestellung erfasst;A1;Bier 0,5;#fbc02d;Alk;4,5;0;NULL;;2026-05-10 11:45:37;Abholstation;WAHR;4,5;voucher;;
1049;1067;298;ORDER: CREATED - Bestellung erfasst;A1;Bier 0,5;#fbc02d;Alk;4,5;0;NULL;;2026-05-10 11:45:37;Abholstation;WAHR;4,5;voucher;;
1050;1068;298;ORDER: CREATED - Bestellung erfasst;A1;Bier 0,5;#fbc02d;Alk;4,5;0;NULL;;2026-05-10 11:45:37;Abholstation;WAHR;4,5;voucher;;
1051;1071;299;ORDER: CREATED - Bestellung erfasst;U4;Bier 0,5;#fbc02d;Alk;4,5;0;NULL;;2026-05-10 11:46:11;Kellner 8;WAHR;4,5;cash;;
1052;1072;300;ORDER: CREATED - Bestellung erfasst;F1;Hendl mit Pommes;#0070c0;Essen;12,5;0;NULL;;2026-05-10 11:46:22;Kellner 5;WAHR;12,5;voucher;;76
1053;1073;300;ORDER: CREATED - Bestellung erfasst;F1;Radler 0,5;#afb42b;Alk;4,5;0;NULL;;2026-05-10 11:46:22;Kellner 5;WAHR;4,5;voucher;;
1054;1074;301;ORDER: CREATED - Bestellung erfasst;I2;Kaffee;#bf360c;Anti;3;0;NULL;;2026-05-10 11:46:27;Kellner 4;WAHR;3;cash;;
1055;1075;301;ORDER: CREATED - Bestellung erfasst;I2;Kaffee;#bf360c;Anti;3;0;NULL;;2026-05-10 11:46:27;Kellner 4;WAHR;3;cash;;
1056;1079;302;ORDER: CREATED - Bestellung erfasst;E6;Radler 0,5;#afb42b;Alk;4,5;0;NULL;;2026-05-10 11:46:50;Kellner 1;WAHR;4,5;free;;
1057;1078;302;ORDER: CREATED - Bestellung erfasst;E6;Bier 0,5;#fbc02d;Alk;4,5;0;NULL;;2026-05-10 11:46:50;Kellner 1;WAHR;4,5;free;;
1058;1077;302;ORDER: CREATED - Bestellung erfasst;E6;Bier 0,5;#fbc02d;Alk;4,5;0;NULL;;2026-05-10 11:46:50;Kellner 1;WAHR;4,5;free;;
1059;1076;302;ORDER: CREATED - Bestellung erfasst;E6;Bier 0,5;#fbc02d;Alk;4,5;0;NULL;;2026-05-10 11:46:50;Kellner 1;WAHR;4,5;free;;
1060;1080;302;ORDER: CREATED - Bestellung erfasst;E6;Freibier 0.5;#ffeb3b;Alk;4,5;0;NULL;;2026-05-10 11:46:50;Kellner 1;WAHR;4,5;free;;
1061;1081;303;ORDER: CREATED - Bestellung erfasst;G1;Bier 0,5;#fbc02d;Alk;4,5;0;NULL;;2026-05-10 11:46:59;Kellner 5;WAHR;4,5;voucher;;
1062;1083;304;ORDER: CREATED - Bestellung erfasst;V1;Bier 0,5;#fbc02d;Alk;4,5;0;NULL;;2026-05-10 11:47:06;Kellner 7;WAHR;4,5;cash;;
1063;1082;304;ORDER: CREATED - Bestellung erfasst;V1;Kaffee;#bf360c;Anti;3;0;NULL;;2026-05-10 11:47:06;Kellner 7;WAHR;3;cash;;
1064;1086;305;ORDER: CREATED - Bestellung erfasst;E1;Soda zitron 0,5;#4fc3f7;Anti;3;0;NULL;;2026-05-10 11:47:11;Kellner 3;WAHR;3;voucher;;
1065;1085;305;ORDER: CREATED - Bestellung erfasst;E1;Bier 0,5;#fbc02d;Alk;4,5;0;NULL;;2026-05-10 11:47:11;Kellner 3;WAHR;4,5;voucher;;
1066;1084;305;ORDER: CREATED - Bestellung erfasst;E1;Bier 0,5;#fbc02d;Alk;4,5;0;NULL;;2026-05-10 11:47:11;Kellner 3;WAHR;4,5;voucher;;
1067;1088;306;ORDER: CREATED - Bestellung erfasst;C1;Sommer spritzer 0,5;#fff176;Alk;4,5;0;NULL;;2026-05-10 11:47:35;Kellner 11;WAHR;4,5;voucher;;
1068;1087;306;ORDER: CREATED - Bestellung erfasst;C1;Bier 0,5;#fbc02d;Alk;4,5;0;NULL;;2026-05-10 11:47:35;Kellner 11;WAHR;4,5;voucher;;
1069;1089;306;ORDER: CREATED - Bestellung erfasst;C1;Bier 0,5;#fbc02d;Alk;4,5;0;NULL;;2026-05-10 11:47:35;Kellner 11;WAHR;4,5;voucher;;
1070;1091;307;ORDER: CREATED - Bestellung erfasst;E1;Soda zitron 0,5;#4fc3f7;Anti;3;0;NULL;;2026-05-10 11:47:46;Kellner 3;WAHR;3;voucher;;
1071;1090;307;ORDER: CREATED - Bestellung erfasst;E1;Sommer spritzer 0,5;#fff176;Alk;4,5;0;NULL;;2026-05-10 11:47:46;Kellner 3;WAHR;4,5;voucher;;
1072;1093;308;ORDER: CREATED - Bestellung erfasst;G3;Bier 0,5;#fbc02d;Alk;4,5;0;NULL;;2026-05-10 11:47:49;Kellner 4;WAHR;4,5;voucher;;
1073;1092;308;ORDER: CREATED - Bestellung erfasst;G3;Bier 0,5;#fbc02d;Alk;4,5;0;NULL;;2026-05-10 11:47:49;Kellner 4;WAHR;4,5;voucher;;
1074;1095;309;ORDER: CREATED - Bestellung erfasst;G1;Bier 0,5;#fbc02d;Alk;4,5;0;NULL;;2026-05-10 11:48:39;Kellner 4;WAHR;4,5;voucher;;
1075;1094;309;ORDER: CREATED - Bestellung erfasst;G1;Bier 0,5;#fbc02d;Alk;4,5;0;NULL;;2026-05-10 11:48:39;Kellner 4;WAHR;4,5;voucher;;
1076;1096;310;ORDER: CREATED - Bestellung erfasst;U2;Backhendl Salat;#4fc3f7;Essen;9;0;NULL;Ohne Salat, mit Pommes;2026-05-10 11:49:05;Kellner 7;WAHR;9;cash;;34
1077;1097;311;ORDER: CREATED - Bestellung erfasst;G1;Cola 0,33;#004d40;Anti;3;0;NULL;;2026-05-10 11:49:14;Kellner 4;WAHR;3;cash;;
1078;1098;312;ORDER: CREATED - Bestellung erfasst;F2;Bier 0,5;#fbc02d;Alk;4,5;0;NULL;;2026-05-10 11:49:36;Kellner 5;WAHR;4,5;cash;;
1079;1099;313;ORDER: CREATED - Bestellung erfasst;H5;Kaffee;#bf360c;Anti;3;0;NULL;;2026-05-10 11:49:44;Kellner 11;FALSCH;0;;;
1080;1100;313;ORDER: CREATED - Bestellung erfasst;H5;Kaffee;#bf360c;Anti;3;0;NULL;;2026-05-10 11:49:44;Kellner 11;FALSCH;0;;;
1081;1106;314;ORDER: CREATED - Bestellung erfasst;U10;Bier 0,5;#fbc02d;Alk;4,5;0;NULL;;2026-05-10 11:50:11;Kellner 7;WAHR;4,5;cash;;
1082;1104;314;ORDER: CREATED - Bestellung erfasst;U10;Hendl mit Pommes;#0070c0;Essen;12,5;0;NULL;;2026-05-10 11:50:11;Kellner 7;WAHR;12,5;cash;;22
1083;1103;314;ORDER: CREATED - Bestellung erfasst;U10;Hendl mit Pommes;#0070c0;Essen;12,5;0;NULL;;2026-05-10 11:50:11;Kellner 7;WAHR;12,5;cash;;22
1084;1102;314;ORDER: CREATED - Bestellung erfasst;U10;Hendl mit Pommes;#0070c0;Essen;12,5;0;NULL;;2026-05-10 11:50:11;Kellner 7;WAHR;12,5;cash;;22
1085;1101;314;ORDER: CREATED - Bestellung erfasst;U10;Hendl mit Pommes;#0070c0;Essen;12,5;0;NULL;;2026-05-10 11:50:11;Kellner 7;WAHR;12,5;cash;;22
1086;1108;314;ORDER: CREATED - Bestellung erfasst;U10;Radler 0,5;#afb42b;Alk;4,5;0;NULL;;2026-05-10 11:50:11;Kellner 7;WAHR;4,5;cash;;
1087;1107;314;ORDER: CREATED - Bestellung erfasst;U10;Bier 0,5;#fbc02d;Alk;4,5;0;NULL;;2026-05-10 11:50:11;Kellner 7;WAHR;4,5;cash;;
1088;1105;314;ORDER: CREATED - Bestellung erfasst;U10;Bier 0,5;#fbc02d;Alk;4,5;0;NULL;;2026-05-10 11:50:11;Kellner 7;WAHR;4,5;cash;;
1089;1113;315;ORDER: CREATED - Bestellung erfasst;A4;Bier 0,5;#fbc02d;Alk;4,5;0;NULL;;2026-05-10 11:50:32;Kellner 3;WAHR;4,5;voucher;;
1090;1111;315;ORDER: CREATED - Bestellung erfasst;A4;Bier 0,5;#fbc02d;Alk;4,5;0;NULL;;2026-05-10 11:50:32;Kellner 3;WAHR;4,5;voucher;;
1091;1110;315;ORDER: CREATED - Bestellung erfasst;A4;Sommer spritzer 0,5;#fff176;Alk;4,5;0;NULL;;2026-05-10 11:50:32;Kellner 3;WAHR;4,5;voucher;;
1092;1109;315;ORDER: CREATED - Bestellung erfasst;A4;Radler 0,5;#afb42b;Alk;4,5;0;NULL;;2026-05-10 11:50:32;Kellner 3;WAHR;4,5;voucher;;
1093;1112;315;ORDER: CREATED - Bestellung erfasst;A4;Bier 0,5;#fbc02d;Alk;4,5;0;NULL;;2026-05-10 11:50:32;Kellner 3;WAHR;4,5;voucher;;
1094;1114;316;ORDER: CREATED - Bestellung erfasst;H6;Bier 0,5;#fbc02d;Alk;4,5;0;NULL;;2026-05-10 11:50:45;Kellner 11;WAHR;4,5;cash;;
1095;1116;317;ORDER: CREATED - Bestellung erfasst;G3;Bier 0,5;#fbc02d;Alk;4,5;0;NULL;;2026-05-10 11:50:53;Kellner 6;WAHR;4,5;voucher;;
1096;1115;317;ORDER: CREATED - Bestellung erfasst;G3;Bier 0,5;#fbc02d;Alk;4,5;0;NULL;;2026-05-10 11:50:53;Kellner 6;WAHR;4,5;voucher;;
1097;1117;318;ORDER: CREATED - Bestellung erfasst;U12;Kaffee;#bf360c;Anti;3;0;NULL;;2026-05-10 11:51:11;Kellner 7;WAHR;3;cash;;
1098;1119;319;ORDER: CREATED - Bestellung erfasst;U3;Radler 0,5;#afb42b;Alk;4,5;0;NULL;;2026-05-10 11:52:02;Kellner 9;WAHR;4,5;cash;;
1099;1118;319;ORDER: CREATED - Bestellung erfasst;U3;Schnitzel mit Pommes;#827717;Essen;11,5;0;NULL;;2026-05-10 11:52:02;Kellner 9;WAHR;11,5;cash;;33
1100;1121;320;ORDER: CREATED - Bestellung erfasst;G5;Kaffee;#bf360c;Anti;3;0;NULL;;2026-05-10 11:52:36;Kellner 6;WAHR;3;free;;
1101;1120;320;ORDER: CREATED - Bestellung erfasst;G5;Mineral 0,33;#b3e5fc;Anti;2,5;0;NULL;;2026-05-10 11:52:36;Kellner 6;WAHR;2,5;free;;
1102;1122;320;ORDER: CREATED - Bestellung erfasst;G5;Bier 0,5;#fbc02d;Alk;4,5;0;NULL;;2026-05-10 11:52:36;Kellner 6;WAHR;4,5;free;;
1103;1123;321;ORDER: CREATED - Bestellung erfasst;H4;Kaffee;#bf360c;Anti;3;0;NULL;;2026-05-10 11:52:39;Kellner 11;WAHR;3;cash;;
1104;1130;322;ORDER: CREATED - Bestellung erfasst;B4;Hendl mit Pommes;#0070c0;Essen;12,5;0;NULL;;2026-05-10 11:52:42;Kellner 3;WAHR;12,5;cash;;18
1105;1129;322;ORDER: CREATED - Bestellung erfasst;B4;Pommes;#ffc000;Essen;3,5;0;NULL;;2026-05-10 11:52:42;Kellner 3;WAHR;3,5;cash;;82
1106;1131;322;ORDER: CREATED - Bestellung erfasst;B4;Schnitzelsemmerl;#f57f17;Essen;4,5;0;NULL;;2026-05-10 11:52:42;Kellner 3;WAHR;4,5;cash;;61
1107;1128;322;ORDER: CREATED - Bestellung erfasst;B4;Mineral 0,33;#b3e5fc;Anti;2,5;0;NULL;;2026-05-10 11:52:42;Kellner 3;WAHR;2,5;cash;;
1108;1127;322;ORDER: CREATED - Bestellung erfasst;B4;Sommer spritzer 0,5;#fff176;Alk;4,5;0;NULL;;2026-05-10 11:52:42;Kellner 3;WAHR;4,5;cash;;
1109;1124;322;ORDER: CREATED - Bestellung erfasst;B4;Limo Orange 0,33;#ffc107;Anti;3;0;NULL;;2026-05-10 11:52:42;Kellner 3;WAHR;3;cash;;
1110;1132;322;ORDER: CREATED - Bestellung erfasst;B4;Grillwürstel mit Pommes;#8bc34a;Essen;8;0;NULL;;2026-05-10 11:52:42;Kellner 3;WAHR;8;cash;;111
1111;1126;322;ORDER: CREATED - Bestellung erfasst;B4;Bier 0,5;#fbc02d;Alk;4,5;0;NULL;;2026-05-10 11:52:42;Kellner 3;WAHR;4,5;cash;;
1112;1125;322;ORDER: CREATED - Bestellung erfasst;B4;Cola 0,33;#004d40;Anti;3;0;NULL;;2026-05-10 11:52:42;Kellner 3;WAHR;3;cash;;
1113;1134;323;ORDER: CREATED - Bestellung erfasst;C4;Bier 0,5;#fbc02d;Alk;4,5;0;NULL;;2026-05-10 11:53:35;Kellner 3;WAHR;4,5;cash;;
1114;1136;323;ORDER: CREATED - Bestellung erfasst;C4;Sommer spritzer 0,5;#fff176;Alk;4,5;0;NULL;;2026-05-10 11:53:35;Kellner 3;WAHR;4,5;cash;;
1115;1135;323;ORDER: CREATED - Bestellung erfasst;C4;Schnitzelsemmerl;#f57f17;Essen;4,5;0;NULL;;2026-05-10 11:53:35;Kellner 3;WAHR;4,5;cash;;45
1116;1133;323;ORDER: CREATED - Bestellung erfasst;C4;Sommer spritzer 0,5;#fff176;Alk;4,5;0;NULL;;2026-05-10 11:53:35;Kellner 3;WAHR;4,5;cash;;
1117;1139;324;ORDER: CREATED - Bestellung erfasst;B5;Hendl mit Pommes;#0070c0;Essen;12,5;0;NULL;;2026-05-10 11:53:43;Kellner 10;WAHR;12,5;cash;;16
1118;1137;324;ORDER: CREATED - Bestellung erfasst;B5;Soda zitron 0,5;#4fc3f7;Anti;3;0;NULL;;2026-05-10 11:53:43;Kellner 10;WAHR;3;cash;;
1119;1138;324;ORDER: CREATED - Bestellung erfasst;B5;Sommer spritzer 0,5;#fff176;Alk;4,5;0;NULL;;2026-05-10 11:53:43;Kellner 10;WAHR;4,5;cash;;
1120;1140;324;ORDER: CREATED - Bestellung erfasst;B5;Hendl mit Pommes;#0070c0;Essen;12,5;0;NULL;;2026-05-10 11:53:43;Kellner 10;WAHR;12,5;cash;;62
1121;1141;325;ORDER: CREATED - Bestellung erfasst;B8;Cola 0,33;#004d40;Anti;3;0;NULL;;2026-05-10 11:53:43;Kellner 2;WAHR;3;voucher;;
1122;1142;326;ORDER: CREATED - Bestellung erfasst;V2;Soda zitron 0,5;#4fc3f7;Anti;3;0;NULL;;2026-05-10 11:53:47;Kellner 9;WAHR;3;cash;;
1123;1143;327;ORDER: CREATED - Bestellung erfasst;B8;Cola 0,33;#004d40;Anti;3;0;NULL;;2026-05-10 11:53:58;Kellner 2;WAHR;3;cash;;
1124;1144;327;ORDER: CREATED - Bestellung erfasst;B8;Limo Orange 0,33;#ffc107;Anti;3;0;NULL;;2026-05-10 11:53:58;Kellner 2;WAHR;3;cash;;
1125;1145;328;ORDER: CREATED - Bestellung erfasst;G9;Bier 0,5;#fbc02d;Alk;4,5;0;NULL;;2026-05-10 11:54:02;Kellner 7;WAHR;4,5;cash;;
1126;1146;328;ORDER: CREATED - Bestellung erfasst;G9;Sommer spritzer 0,5;#fff176;Alk;4,5;0;NULL;;2026-05-10 11:54:02;Kellner 7;WAHR;4,5;cash;;
1127;1147;328;ORDER: CREATED - Bestellung erfasst;G9;Sommer spritzer 0,5;#fff176;Alk;4,5;0;NULL;;2026-05-10 11:54:02;Kellner 7;WAHR;4,5;cash;;
1128;1148;328;ORDER: CREATED - Bestellung erfasst;G9;Sommer spritzer 0,5;#fff176;Alk;4,5;0;NULL;;2026-05-10 11:54:02;Kellner 7;WAHR;4,5;cash;;
1129;1149;328;ORDER: CREATED - Bestellung erfasst;G9;Mineral 0,33;#b3e5fc;Anti;2,5;0;NULL;;2026-05-10 11:54:02;Kellner 7;WAHR;2,5;cash;;
1130;1150;328;ORDER: CREATED - Bestellung erfasst;G9;Mineral 0,33;#b3e5fc;Anti;2,5;0;NULL;;2026-05-10 11:54:02;Kellner 7;WAHR;2,5;cash;;
1131;1151;329;ORDER: CREATED - Bestellung erfasst;F6;Hendl mit Pommes;#0070c0;Essen;12,5;0;NULL;Zum Mitnehmen für Bürgermeister ;2026-05-10 11:54:25;Kellner 6;WAHR;12,5;free;;20
1132;1152;330;ORDER: CREATED - Bestellung erfasst;C9;Soda zitron 0,5;#4fc3f7;Anti;3;0;NULL;;2026-05-10 11:54:34;Kellner 8;WAHR;3;cash;;
1133;1153;331;ORDER: CREATED - Bestellung erfasst;D2;Bier 0,5;#fbc02d;Alk;4,5;0;NULL;;2026-05-10 11:54:46;Kellner 3;WAHR;4,5;cash;;
1134;1155;332;ORDER: CREATED - Bestellung erfasst;B2;Sommer spritzer 0,5;#fff176;Alk;4,5;0;NULL;;2026-05-10 11:54:46;Kellner 4;WAHR;4,5;voucher;;
1135;1158;332;ORDER: CREATED - Bestellung erfasst;B2;Sommer spritzer 0,5;#fff176;Alk;4,5;0;NULL;;2026-05-10 11:54:46;Kellner 4;WAHR;4,5;voucher;;
1136;1157;332;ORDER: CREATED - Bestellung erfasst;B2;Sommer spritzer 0,5;#fff176;Alk;4,5;0;NULL;;2026-05-10 11:54:46;Kellner 4;WAHR;4,5;voucher;;
1137;1156;332;ORDER: CREATED - Bestellung erfasst;B2;Sommer spritzer 0,5;#fff176;Alk;4,5;0;NULL;;2026-05-10 11:54:46;Kellner 4;WAHR;4,5;voucher;;
1138;1154;332;ORDER: CREATED - Bestellung erfasst;B2;Sommer spritzer 0,5;#fff176;Alk;4,5;0;NULL;;2026-05-10 11:54:46;Kellner 4;WAHR;4,5;voucher;;
1139;1160;332;ORDER: CREATED - Bestellung erfasst;B2;Sommer spritzer 0,5;#fff176;Alk;4,5;0;NULL;;2026-05-10 11:54:46;Kellner 4;WAHR;4,5;voucher;;
1140;1159;332;ORDER: CREATED - Bestellung erfasst;B2;Sommer spritzer 0,5;#fff176;Alk;4,5;0;NULL;;2026-05-10 11:54:46;Kellner 4;WAHR;4,5;voucher;;
1141;1161;333;ORDER: CREATED - Bestellung erfasst;G4;Bier 0,5;#fbc02d;Alk;4,5;0;NULL;;2026-05-10 11:54:59;Kellner 11;WAHR;4,5;voucher;;
1142;1163;334;ORDER: CREATED - Bestellung erfasst;B3;Soda zitron 0,5;#4fc3f7;Anti;3;0;NULL;;2026-05-10 11:55:28;Kellner 3;WAHR;3;voucher;;
1143;1162;334;ORDER: CREATED - Bestellung erfasst;B3;Bier 0,5;#fbc02d;Alk;4,5;0;NULL;;2026-05-10 11:55:28;Kellner 3;WAHR;4,5;voucher;;
1144;1164;335;ORDER: CREATED - Bestellung erfasst;G6;Almdudler 0,33;#fbc02d;Anti;3;0;NULL;;2026-05-10 11:55:38;Kellner 6;WAHR;3;free;;
1145;1168;336;ORDER: CREATED - Bestellung erfasst;U1;Backhendl Salat;#4fc3f7;Essen;9;0;NULL;;2026-05-10 11:56:02;Kellner 9;WAHR;9;cash;;28
1146;1167;336;ORDER: CREATED - Bestellung erfasst;U1;Hendl mit Pommes;#0070c0;Essen;12,5;0;NULL;;2026-05-10 11:56:02;Kellner 9;WAHR;12,5;cash;;45
1147;1166;336;ORDER: CREATED - Bestellung erfasst;U1;Hendl mit Pommes;#0070c0;Essen;12,5;0;NULL;;2026-05-10 11:56:02;Kellner 9;WAHR;12,5;cash;;35
1148;1165;336;ORDER: CREATED - Bestellung erfasst;U1;Hendl mit Pommes;#0070c0;Essen;12,5;0;NULL;;2026-05-10 11:56:02;Kellner 9;WAHR;12,5;cash;;20
1149;1169;336;ORDER: CREATED - Bestellung erfasst;U1;Schnitzel mit Pommes;#827717;Essen;11,5;0;NULL;;2026-05-10 11:56:02;Kellner 9;WAHR;11,5;cash;;49
1150;1170;337;ORDER: CREATED - Bestellung erfasst;E2;Bier 0,5;#fbc02d;Alk;4,5;0;NULL;;2026-05-10 11:56:20;Kellner 3;WAHR;4,5;cash;;
1151;1173;338;ORDER: CREATED - Bestellung erfasst;A1;Radler 0,5;#afb42b;Alk;4,5;0;NULL;;2026-05-10 11:57:05;Kellner 3;WAHR;4,5;voucher;;
1152;1171;338;ORDER: CREATED - Bestellung erfasst;A1;Bier 0,5;#fbc02d;Alk;4,5;0;NULL;;2026-05-10 11:57:05;Kellner 3;WAHR;4,5;voucher;;
1153;1172;338;ORDER: CREATED - Bestellung erfasst;A1;Bier 0,5;#fbc02d;Alk;4,5;0;NULL;;2026-05-10 11:57:05;Kellner 3;WAHR;4,5;voucher;;
1154;1177;339;ORDER: CREATED - Bestellung erfasst;C6;Backhendl Salat;#4fc3f7;Essen;9;0;NULL;;2026-05-10 11:57:15;Kellner 2;WAHR;9;cash;;25
1155;1174;339;ORDER: CREATED - Bestellung erfasst;C6;Soda zitron 0,5;#4fc3f7;Anti;3;0;NULL;;2026-05-10 11:57:15;Kellner 2;WAHR;3;cash;;
1156;1175;339;ORDER: CREATED - Bestellung erfasst;C6;Bier 0,5;#fbc02d;Alk;4,5;0;NULL;;2026-05-10 11:57:15;Kellner 2;WAHR;4,5;cash;;
1157;1176;339;ORDER: CREATED - Bestellung erfasst;C6;Gemüselaibchen mit Salat;#ffeb3b;Essen;9;0;NULL;;2026-05-10 11:57:15;Kellner 2;WAHR;9;cash;;25
1158;1181;340;ORDER: CREATED - Bestellung erfasst;F5;Bier 0,5;#fbc02d;Alk;4,5;0;NULL;;2026-05-10 11:57:15;Kellner 5;WAHR;4,5;free;;
1159;1180;340;ORDER: CREATED - Bestellung erfasst;F5;Bier 0,5;#fbc02d;Alk;4,5;0;NULL;;2026-05-10 11:57:15;Kellner 5;WAHR;4,5;free;;
1160;1179;340;ORDER: CREATED - Bestellung erfasst;F5;Sommer spritzer 0,5;#fff176;Alk;4,5;0;NULL;;2026-05-10 11:57:15;Kellner 5;WAHR;4,5;free;;
1161;1178;340;ORDER: CREATED - Bestellung erfasst;F5;Sommer spritzer 0,5;#fff176;Alk;4,5;0;NULL;;2026-05-10 11:57:15;Kellner 5;WAHR;4,5;free;;
1162;1182;341;ORDER: CREATED - Bestellung erfasst;A2;Mineral 0,33;#b3e5fc;Anti;2,5;0;NULL;;2026-05-10 11:57:35;Kellner 11;WAHR;2,5;free;;
1163;1183;342;ORDER: CREATED - Bestellung erfasst;C1;Bier 0,5;#fbc02d;Alk;4,5;0;NULL;;2026-05-10 11:58:08;Kellner 3;WAHR;4,5;voucher;;
1164;1184;343;ORDER: CREATED - Bestellung erfasst;D5;Bier 0,5;#fbc02d;Alk;4,5;0;NULL;;2026-05-10 11:58:36;Kellner 11;WAHR;4,5;cash;;
1165;1185;344;ORDER: CANCELED - Bestellung STORNO;B9;Sommer spritzer 0,5;#fff176;Alk;4,5;0;NULL;;2026-05-10 11:58:38;Kellner 9;WAHR;4,5;cash;;
1166;1186;345;ORDER: CREATED - Bestellung erfasst;H4;Bier 0,5;#fbc02d;Alk;4,5;0;NULL;;2026-05-10 11:58:59;Kellner 6;WAHR;4,5;voucher;;
1167;1187;346;ORDER: CREATED - Bestellung erfasst;C6;Kaffee;#bf360c;Anti;3;0;NULL;;2026-05-10 11:59:54;Kellner 10;WAHR;3;cash;;
1168;1188;347;ORDER: CREATED - Bestellung erfasst;C8;Mineral 0,33;#b3e5fc;Anti;2,5;0;NULL;;2026-05-10 12:00:16;Kellner 2;WAHR;2,5;cash;;
1169;1189;347;ORDER: CREATED - Bestellung erfasst;C8;Radler 0,5;#afb42b;Alk;4,5;0;NULL;;2026-05-10 12:00:16;Kellner 2;WAHR;4,5;cash;;
1170;1190;348;ORDER: CREATED - Bestellung erfasst;H1;Schnitzel mit Pommes;#827717;Essen;11,5;0;NULL;;2026-05-10 12:00:39;Kellner 4;WAHR;11,5;voucher;;48
1171;1191;348;ORDER: CREATED - Bestellung erfasst;H1;Backhendl Salat;#4fc3f7;Essen;9;0;NULL;;2026-05-10 12:00:39;Kellner 4;WAHR;9;voucher;;48
1172;1192;349;ORDER: CREATED - Bestellung erfasst;V2;Schnitzelsemmerl;#f57f17;Essen;4,5;0;NULL;;2026-05-10 12:01:00;Kellner 7;WAHR;4,5;cash;;27
1173;1193;350;ORDER: CREATED - Bestellung erfasst;H10;Sommer spritzer 0,5;#fff176;Alk;4,5;0;NULL;;2026-05-10 12:01:23;Kellner 11;WAHR;4,5;cash;;
1174;1194;351;ORDER: CREATED - Bestellung erfasst;H1;Hendl mit Pommes;#0070c0;Essen;12,5;0;NULL;;2026-05-10 12:01:41;Kellner 4;WAHR;12,5;voucher;;23
1175;1195;351;ORDER: CREATED - Bestellung erfasst;H1;Soda zitron 0,5;#4fc3f7;Anti;3;0;NULL;;2026-05-10 12:01:41;Kellner 4;WAHR;3;voucher;;
1176;1196;352;ORDER: CREATED - Bestellung erfasst;G4;Bier 0,5;#fbc02d;Alk;4,5;0;NULL;;2026-05-10 12:01:47;Kellner 5;WAHR;4,5;voucher;;
1177;1197;353;ORDER: CREATED - Bestellung erfasst;U11;Bier 0,5;#fbc02d;Alk;4,5;0;NULL;;2026-05-10 12:01:53;Kellner 7;WAHR;4,5;cash;;
1178;1198;354;ORDER: CREATED - Bestellung erfasst;H2;Bier 0,5;#fbc02d;Alk;4,5;0;NULL;;2026-05-10 12:02:10;Kellner 6;WAHR;4,5;voucher;;
1179;1199;355;ORDER: CREATED - Bestellung erfasst;U9;Bier 0,5;#fbc02d;Alk;4,5;0;NULL;;2026-05-10 12:02:40;Kellner 7;WAHR;4,5;cash;;
1180;1200;355;ORDER: CREATED - Bestellung erfasst;U9;Bier 0,5;#fbc02d;Alk;4,5;0;NULL;;2026-05-10 12:02:40;Kellner 7;WAHR;4,5;cash;;
1181;1203;356;ORDER: CREATED - Bestellung erfasst;E3;Bier 0,5;#fbc02d;Alk;4,5;0;NULL;;2026-05-10 12:02:43;Kellner 3;WAHR;4,5;voucher;;
1182;1205;356;ORDER: CREATED - Bestellung erfasst;E3;Cola 0,33;#004d40;Anti;3;0;NULL;;2026-05-10 12:02:43;Kellner 3;WAHR;3;voucher;;
1183;1204;356;ORDER: CREATED - Bestellung erfasst;E3;Sommer spritzer 0,5;#fff176;Alk;4,5;0;NULL;;2026-05-10 12:02:43;Kellner 3;WAHR;4,5;voucher;;
1184;1201;356;ORDER: CREATED - Bestellung erfasst;E3;Radler 0,5;#afb42b;Alk;4,5;0;NULL;;2026-05-10 12:02:43;Kellner 3;WAHR;4,5;voucher;;
1185;1202;356;ORDER: CREATED - Bestellung erfasst;E3;Bier 0,5;#fbc02d;Alk;4,5;0;NULL;;2026-05-10 12:02:43;Kellner 3;WAHR;4,5;voucher;;
1186;1206;357;ORDER: CREATED - Bestellung erfasst;U5;Hendl mit Pommes;#0070c0;Essen;12,5;0;NULL;;2026-05-10 12:02:57;Kellner 8;WAHR;12,5;cash;;18
1187;1207;357;ORDER: CREATED - Bestellung erfasst;U5;Bier 0,5;#fbc02d;Alk;4,5;0;NULL;;2026-05-10 12:02:57;Kellner 8;WAHR;4,5;cash;;
1188;1208;358;ORDER: CREATED - Bestellung erfasst;G3;Bier 0,5;#fbc02d;Alk;4,5;0;NULL;;2026-05-10 12:03:03;Kellner 5;WAHR;4,5;voucher;;
1189;1209;359;ORDER: CREATED - Bestellung erfasst;U9;Bier 0,5;#fbc02d;Alk;4,5;0;NULL;;2026-05-10 12:03:04;Kellner 7;WAHR;4,5;cash;;
1190;1210;360;ORDER: CANCELED - Bestellung STORNO;B9;Freibier 0.5;#ffeb3b;Alk;4,5;0;NULL;;2026-05-10 12:03:31;Kellner 1;FALSCH;0;;;
1191;1211;361;ORDER: CREATED - Bestellung erfasst;U7;Bier 0,5;#fbc02d;Alk;4,5;0;NULL;;2026-05-10 12:03:32;Kellner 7;WAHR;4,5;cash;;
1192;1212;362;ORDER: CREATED - Bestellung erfasst;B8;Schnitzel mit Pommes;#827717;Essen;11,5;0;NULL;;2026-05-10 12:03:38;Kellner 10;WAHR;11,5;cash;;17
1193;1213;363;ORDER: CREATED - Bestellung erfasst;E6;Bier 0,5;#fbc02d;Alk;4,5;0;NULL;;2026-05-10 12:03:54;Kellner 1;WAHR;4,5;free;;
1194;1214;364;ORDER: CREATED - Bestellung erfasst;E9;Bier 0,5;#fbc02d;Alk;4,5;0;NULL;;2026-05-10 12:04:55;Kellner 10;WAHR;4,5;cash;;
1195;1215;365;ORDER: CREATED - Bestellung erfasst;F7;Bier 0,5;#fbc02d;Alk;4,5;0;NULL;;2026-05-10 12:05:00;Kellner 11;WAHR;4,5;free;;
1196;1217;365;ORDER: CREATED - Bestellung erfasst;F7;Bier 0,5;#fbc02d;Alk;4,5;0;NULL;;2026-05-10 12:05:00;Kellner 11;WAHR;4,5;cash;;
1197;1216;365;ORDER: CREATED - Bestellung erfasst;F7;Sommer spritzer 0,5;#fff176;Alk;4,5;0;NULL;;2026-05-10 12:05:00;Kellner 11;WAHR;4,5;cash;;
1198;1219;366;ORDER: CREATED - Bestellung erfasst;F10;Almdudler 0,33;#fbc02d;Anti;3;0;NULL;;2026-05-10 12:05:34;Kellner 7;WAHR;3;cash;;
1199;1218;366;ORDER: CREATED - Bestellung erfasst;F10;Bier 0,5;#fbc02d;Alk;4,5;0;NULL;;2026-05-10 12:05:34;Kellner 7;WAHR;4,5;cash;;
1200;1220;367;ORDER: CREATED - Bestellung erfasst;F7;Bier 0,5;#fbc02d;Alk;4,5;0;NULL;;2026-05-10 12:05:39;Kellner 11;WAHR;4,5;cash;;
1201;1221;368;ORDER: CREATED - Bestellung erfasst;D8;Sommer spritzer 0,5;#fff176;Alk;4,5;0;NULL;;2026-05-10 12:05:44;Kellner 1;WAHR;4,5;cash;;
1202;1222;368;ORDER: CREATED - Bestellung erfasst;D8;Sommer spritzer 0,5;#fff176;Alk;4,5;0;NULL;;2026-05-10 12:05:44;Kellner 1;WAHR;4,5;cash;;
1203;1223;369;ORDER: CREATED - Bestellung erfasst;F1;Almdudler 0,33;#fbc02d;Anti;3;0;NULL;;2026-05-10 12:05:49;Kellner 4;WAHR;3;cash;;
1204;1224;370;ORDER: CREATED - Bestellung erfasst;F1;Bier 0,5;#fbc02d;Alk;4,5;0;NULL;;2026-05-10 12:06:08;Kellner 4;WAHR;4,5;voucher;;
1205;1226;371;ORDER: CREATED - Bestellung erfasst;A1;Bier 0,5;#fbc02d;Alk;4,5;0;NULL;;2026-05-10 12:06:28;Abholstation;WAHR;4,5;voucher;;
1206;1228;371;ORDER: CREATED - Bestellung erfasst;A1;Bier 0,5;#fbc02d;Alk;4,5;0;NULL;;2026-05-10 12:06:28;Abholstation;WAHR;4,5;voucher;;
1207;1225;371;ORDER: CREATED - Bestellung erfasst;A1;Bier 0,5;#fbc02d;Alk;4,5;0;NULL;;2026-05-10 12:06:28;Abholstation;WAHR;4,5;voucher;;
1208;1227;371;ORDER: CREATED - Bestellung erfasst;A1;Bier 0,5;#fbc02d;Alk;4,5;0;NULL;;2026-05-10 12:06:28;Abholstation;WAHR;4,5;voucher;;
1209;1230;372;ORDER: CREATED - Bestellung erfasst;G10;Kaffee;#bf360c;Anti;3;0;NULL;;2026-05-10 12:06:28;Kellner 7;WAHR;3;cash;;
1210;1229;372;ORDER: CREATED - Bestellung erfasst;G10;Kaffee;#bf360c;Anti;3;0;NULL;;2026-05-10 12:06:28;Kellner 7;WAHR;3;cash;;
1211;1231;373;ORDER: CREATED - Bestellung erfasst;U5;Mineral 0,33;#b3e5fc;Anti;2,5;0;NULL;;2026-05-10 12:07:03;Kellner 8;WAHR;2,5;cash;;
1212;1232;374;ORDER: CREATED - Bestellung erfasst;C10;Schnitzel mit Pommes;#827717;Essen;11,5;0;NULL;;2026-05-10 12:07:20;Kellner 1;WAHR;11,5;cash;;27
1213;1233;375;ORDER: CREATED - Bestellung erfasst;E4;Hendl mit Pommes;#0070c0;Essen;12,5;0;NULL;;2026-05-10 12:07:21;Kellner 3;WAHR;12,5;voucher;;41
1214;1236;375;ORDER: CREATED - Bestellung erfasst;E4;Hendl mit Pommes;#0070c0;Essen;12,5;0;NULL;;2026-05-10 12:07:21;Kellner 3;WAHR;12,5;voucher;;41
1215;1237;375;ORDER: CREATED - Bestellung erfasst;E4;Hendl mit Pommes;#0070c0;Essen;12,5;0;NULL;;2026-05-10 12:07:21;Kellner 3;WAHR;12,5;voucher;;41
1216;1238;375;ORDER: CREATED - Bestellung erfasst;E4;Bier 0,5;#fbc02d;Alk;4,5;0;NULL;;2026-05-10 12:07:21;Kellner 3;WAHR;4,5;voucher;;
1217;1239;375;ORDER: CREATED - Bestellung erfasst;E4;Bier 0,5;#fbc02d;Alk;4,5;0;NULL;;2026-05-10 12:07:21;Kellner 3;WAHR;4,5;voucher;;
1218;1240;375;ORDER: CREATED - Bestellung erfasst;E4;Hendl mit Pommes;#0070c0;Essen;12,5;0;NULL;;2026-05-10 12:07:21;Kellner 3;WAHR;12,5;voucher;;41
1219;1241;375;ORDER: CREATED - Bestellung erfasst;E4;Schnitzelsemmerl;#f57f17;Essen;4,5;0;NULL;;2026-05-10 12:07:21;Kellner 3;WAHR;4,5;voucher;;26
1220;1242;375;ORDER: CREATED - Bestellung erfasst;E4;Sommer spritzer 0,5;#fff176;Alk;4,5;0;NULL;;2026-05-10 12:07:21;Kellner 3;WAHR;4,5;voucher;;
1221;1235;375;ORDER: CREATED - Bestellung erfasst;E4;Sommer spritzer 0,5;#fff176;Alk;4,5;0;NULL;;2026-05-10 12:07:21;Kellner 3;WAHR;4,5;voucher;;
1222;1234;375;ORDER: CREATED - Bestellung erfasst;E4;Radler 0,5;#afb42b;Alk;4,5;0;NULL;;2026-05-10 12:07:21;Kellner 3;WAHR;4,5;voucher;;
1223;1243;376;ORDER: CREATED - Bestellung erfasst;D2;Sommer spritzer 0,5;#fff176;Alk;4,5;0;NULL;;2026-05-10 12:07:43;Kellner 6;WAHR;4,5;voucher;;
1224;1244;377;ORDER: CREATED - Bestellung erfasst;U2;Radler 0,5;#afb42b;Alk;4,5;0;NULL;;2026-05-10 12:07:51;Kellner 7;WAHR;4,5;cash;;
1225;1246;377;ORDER: CREATED - Bestellung erfasst;U2;Radler 0,5;#afb42b;Alk;4,5;0;NULL;;2026-05-10 12:07:51;Kellner 7;WAHR;4,5;cash;;
1226;1245;377;ORDER: CREATED - Bestellung erfasst;U2;Radler 0,5;#afb42b;Alk;4,5;0;NULL;;2026-05-10 12:07:51;Kellner 7;WAHR;4,5;cash;;
1227;1247;378;ORDER: CREATED - Bestellung erfasst;D9;Kaffee;#bf360c;Anti;3;0;NULL;;2026-05-10 12:08:00;Kellner 10;WAHR;3;cash;;
1228;1248;378;ORDER: CREATED - Bestellung erfasst;D9;Kaffee;#bf360c;Anti;3;0;NULL;;2026-05-10 12:08:00;Kellner 10;WAHR;3;cash;;
1229;1249;379;ORDER: CREATED - Bestellung erfasst;U3;Gemüselaibchen mit Salat;#ffeb3b;Essen;9;0;NULL;;2026-05-10 12:08:12;Kellner 1;WAHR;9;cash;;19
1230;1251;380;ORDER: CREATED - Bestellung erfasst;C2;Bier 0,5;#fbc02d;Alk;4,5;0;NULL;;2026-05-10 12:08:19;Kellner 6;WAHR;4,5;voucher;;
1231;1252;380;ORDER: CREATED - Bestellung erfasst;C2;Sommer spritzer 0,5;#fff176;Alk;4,5;0;NULL;;2026-05-10 12:08:19;Kellner 6;WAHR;4,5;voucher;;
1232;1250;380;ORDER: CREATED - Bestellung erfasst;C2;Cola 0,33;#004d40;Anti;3;0;NULL;;2026-05-10 12:08:19;Kellner 6;WAHR;3;free;;
1233;1253;381;ORDER: CREATED - Bestellung erfasst;U2;Radler 0,5;#afb42b;Alk;4,5;0;NULL;;2026-05-10 12:08:26;Kellner 7;WAHR;4,5;cash;;
1234;1254;382;ORDER: CREATED - Bestellung erfasst;B8;Hendl mit Pommes;#0070c0;Essen;12,5;0;NULL;;2026-05-10 12:08:28;Kellner 2;WAHR;12,5;voucher;;8
1235;1258;383;ORDER: CREATED - Bestellung erfasst;E3;Hendl mit Pommes;#0070c0;Essen;12,5;0;NULL;;2026-05-10 12:08:46;Kellner 3;WAHR;12,5;cash;;61
1236;1261;383;ORDER: CREATED - Bestellung erfasst;E3;Gemüselaibchen mit Salat;#ffeb3b;Essen;9;0;NULL;;2026-05-10 12:08:46;Kellner 3;WAHR;9;cash;;16
1237;1260;383;ORDER: CREATED - Bestellung erfasst;E3;Hendl mit Pommes;#0070c0;Essen;12,5;0;NULL;;2026-05-10 12:08:46;Kellner 3;WAHR;12,5;cash;;61
1238;1259;383;ORDER: CREATED - Bestellung erfasst;E3;Hendl mit Pommes;#0070c0;Essen;12,5;0;NULL;;2026-05-10 12:08:46;Kellner 3;WAHR;12,5;cash;;61
1239;1257;383;ORDER: CREATED - Bestellung erfasst;E3;Hendl mit Pommes;#0070c0;Essen;12,5;0;NULL;;2026-05-10 12:08:46;Kellner 3;WAHR;12,5;cash;;35
1240;1256;383;ORDER: CREATED - Bestellung erfasst;E3;Grillwürstel mit Pommes;#8bc34a;Essen;8;0;NULL;;2026-05-10 12:08:46;Kellner 3;WAHR;8;cash;;45
1241;1255;383;ORDER: CREATED - Bestellung erfasst;E3;Hendl mit Pommes;#0070c0;Essen;12,5;0;NULL;;2026-05-10 12:08:46;Kellner 3;WAHR;12,5;cash;;35
1242;1262;384;ORDER: CREATED - Bestellung erfasst;D10;Bier 0,5;#fbc02d;Alk;4,5;0;NULL;;2026-05-10 12:08:47;Kellner 10;WAHR;4,5;cash;;
1243;1263;385;ORDER: CREATED - Bestellung erfasst;H1;Mineral 0,33;#b3e5fc;Anti;2,5;0;NULL;;2026-05-10 12:09:04;Kellner 5;WAHR;2,5;cash;;
1244;1264;386;ORDER: CREATED - Bestellung erfasst;U11;Cola 0,33;#004d40;Anti;3;0;NULL;;2026-05-10 12:09:05;Kellner 8;WAHR;3;cash;;
1245;1266;387;ORDER: CREATED - Bestellung erfasst;E3;Cola 0,33;#004d40;Anti;3;0;NULL;;2026-05-10 12:09:10;Kellner 3;WAHR;3;voucher;;
1246;1265;387;ORDER: CREATED - Bestellung erfasst;E3;Bier 0,5;#fbc02d;Alk;4,5;0;NULL;;2026-05-10 12:09:10;Kellner 3;WAHR;4,5;voucher;;
1247;1267;388;ORDER: CREATED - Bestellung erfasst;B8;Almdudler 0,33;#fbc02d;Anti;3;0;NULL;;2026-05-10 12:09:33;Kellner 2;WAHR;3;voucher;;
1248;1270;389;ORDER: CREATED - Bestellung erfasst;U12;Sommer spritzer 0,5;#fff176;Alk;4,5;0;NULL;;2026-05-10 12:09:36;Kellner 7;WAHR;4,5;cash;;
1249;1268;389;ORDER: CREATED - Bestellung erfasst;U12;Sommer spritzer 0,5;#fff176;Alk;4,5;0;NULL;;2026-05-10 12:09:36;Kellner 7;WAHR;4,5;cash;;
1250;1269;389;ORDER: CREATED - Bestellung erfasst;U12;Bier 0,5;#fbc02d;Alk;4,5;0;NULL;;2026-05-10 12:09:36;Kellner 7;WAHR;4,5;cash;;
1251;1273;390;ORDER: CREATED - Bestellung erfasst;D1;Bier 0,5;#fbc02d;Alk;4,5;0;NULL;;2026-05-10 12:09:50;Kellner 6;WAHR;4,5;voucher;;
1252;1274;390;ORDER: CREATED - Bestellung erfasst;D1;Bier 0,5;#fbc02d;Alk;4,5;0;NULL;;2026-05-10 12:09:50;Kellner 6;WAHR;4,5;voucher;;
1253;1271;390;ORDER: CREATED - Bestellung erfasst;D1;Sommer spritzer 0,5;#fff176;Alk;4,5;0;NULL;;2026-05-10 12:09:50;Kellner 6;WAHR;4,5;voucher;;
1254;1272;390;ORDER: CREATED - Bestellung erfasst;D1;Bier 0,5;#fbc02d;Alk;4,5;0;NULL;;2026-05-10 12:09:50;Kellner 6;WAHR;4,5;voucher;;
1255;1275;391;ORDER: CREATED - Bestellung erfasst;E2;Bier 0,5;#fbc02d;Alk;4,5;0;NULL;;2026-05-10 12:09:55;Kellner 4;WAHR;4,5;cash;;
1256;1276;391;ORDER: CREATED - Bestellung erfasst;E2;Freibier 0.5;#ffeb3b;Alk;4,5;0;NULL;;2026-05-10 12:09:55;Kellner 4;WAHR;4,5;cash;;
1257;1277;392;ORDER: CREATED - Bestellung erfasst;G1;Bier 0,5;#fbc02d;Alk;4,5;0;NULL;;2026-05-10 12:10:10;Kellner 5;WAHR;4,5;cash;;
1258;1278;393;ORDER: CREATED - Bestellung erfasst;B7;Bier 0,5;#fbc02d;Alk;4,5;0;NULL;;2026-05-10 12:10:13;Kellner 1;WAHR;4,5;cash;;
1259;1280;393;ORDER: CREATED - Bestellung erfasst;B7;Bier 0,5;#fbc02d;Alk;4,5;0;NULL;;2026-05-10 12:10:13;Kellner 1;WAHR;4,5;cash;;
1260;1279;393;ORDER: CREATED - Bestellung erfasst;B7;Bier 0,5;#fbc02d;Alk;4,5;0;NULL;;2026-05-10 12:10:13;Kellner 1;WAHR;4,5;cash;;
1261;1282;394;ORDER: CREATED - Bestellung erfasst;B10;Cola 0,33;#004d40;Anti;3;0;NULL;;2026-05-10 12:10:25;Kellner 9;WAHR;3;cash;;
1262;1281;394;ORDER: CREATED - Bestellung erfasst;B10;Sommer spritzer 0,5;#fff176;Alk;4,5;0;NULL;;2026-05-10 12:10:25;Kellner 9;WAHR;4,5;cash;;
1263;1283;394;ORDER: CREATED - Bestellung erfasst;B10;Hendl mit Pommes;#0070c0;Essen;12,5;0;NULL;;2026-05-10 12:10:25;Kellner 9;WAHR;12,5;cash;;54
1264;1284;395;ORDER: CREATED - Bestellung erfasst;U10;Bier 0,5;#fbc02d;Alk;4,5;0;NULL;;2026-05-10 12:10:25;Kellner 7;WAHR;4,5;cash;;
1265;1287;396;ORDER: CREATED - Bestellung erfasst;D3;Bier 0,5;#fbc02d;Alk;4,5;0;NULL;;2026-05-10 12:10:50;Kellner 3;WAHR;4,5;voucher;;
1266;1285;396;ORDER: CREATED - Bestellung erfasst;D3;Mineral 0,33;#b3e5fc;Anti;2,5;0;NULL;;2026-05-10 12:10:50;Kellner 3;WAHR;2,5;voucher;;
1267;1290;396;ORDER: CREATED - Bestellung erfasst;D3;Radler 0,5;#afb42b;Alk;4,5;0;NULL;;2026-05-10 12:10:50;Kellner 3;WAHR;4,5;voucher;;
1268;1291;396;ORDER: CREATED - Bestellung erfasst;D3;Hendl mit Pommes;#0070c0;Essen;12,5;0;NULL;;2026-05-10 12:10:50;Kellner 3;WAHR;12,5;voucher;;29
1269;1298;396;ORDER: CREATED - Bestellung erfasst;D3;Hendl mit Pommes;#0070c0;Essen;12,5;0;NULL;;2026-05-10 12:10:50;Kellner 3;WAHR;12,5;voucher;;29
1270;1297;396;ORDER: CREATED - Bestellung erfasst;D3;Hendl mit Pommes;#0070c0;Essen;12,5;0;NULL;;2026-05-10 12:10:50;Kellner 3;WAHR;12,5;voucher;;29
1271;1288;396;ORDER: CREATED - Bestellung erfasst;D3;Bier 0,5;#fbc02d;Alk;4,5;0;NULL;;2026-05-10 12:10:50;Kellner 3;WAHR;4,5;voucher;;
1272;1286;396;ORDER: CREATED - Bestellung erfasst;D3;Bier 0,5;#fbc02d;Alk;4,5;0;NULL;;2026-05-10 12:10:50;Kellner 3;WAHR;4,5;voucher;;
1273;1296;396;ORDER: CREATED - Bestellung erfasst;D3;Bier 0,5;#fbc02d;Alk;4,5;0;NULL;;2026-05-10 12:10:50;Kellner 3;WAHR;4,5;voucher;;
1274;1295;396;ORDER: CREATED - Bestellung erfasst;D3;Backhendl Salat;#4fc3f7;Essen;9;0;NULL;;2026-05-10 12:10:50;Kellner 3;WAHR;9;voucher;;22
1275;1294;396;ORDER: CREATED - Bestellung erfasst;D3;Backhendl Salat;#4fc3f7;Essen;9;0;NULL;;2026-05-10 12:10:50;Kellner 3;WAHR;9;voucher;;22
1276;1292;396;ORDER: CREATED - Bestellung erfasst;D3;Hendl mit Pommes;#0070c0;Essen;12,5;0;NULL;;2026-05-10 12:10:50;Kellner 3;WAHR;12,5;voucher;;29
1277;1293;396;ORDER: CREATED - Bestellung erfasst;D3;Hendl mit Pommes;#0070c0;Essen;12,5;0;NULL;;2026-05-10 12:10:50;Kellner 3;WAHR;12,5;voucher;;29
1278;1289;396;ORDER: CREATED - Bestellung erfasst;D3;Soda zitron 0,5;#4fc3f7;Anti;3;0;NULL;;2026-05-10 12:10:50;Kellner 3;WAHR;3;voucher;;
1279;1299;397;ORDER: CREATED - Bestellung erfasst;I1;Soda zitron 0,5;#4fc3f7;Anti;3;0;NULL;;2026-05-10 12:10:51;Kellner 4;WAHR;3;cash;;
1280;1300;398;ORDER: CREATED - Bestellung erfasst;D7;Bier 0,5;#fbc02d;Alk;4,5;0;NULL;;2026-05-10 12:11:16;Kellner 2;WAHR;4,5;voucher;;
1281;1301;399;ORDER: CREATED - Bestellung erfasst;B1;Soda zitron 0,5;#4fc3f7;Anti;3;0;NULL;;2026-05-10 12:11:32;Kellner 6;WAHR;3;voucher;;
1282;1303;400;ORDER: CREATED - Bestellung erfasst;B10;Cola 0,33;#004d40;Anti;3;0;NULL;;2026-05-10 12:12:04;Kellner 7;WAHR;3;cash;;
1283;1302;400;ORDER: CREATED - Bestellung erfasst;B10;Sommer spritzer 0,5;#fff176;Alk;4,5;0;NULL;;2026-05-10 12:12:04;Kellner 7;WAHR;4,5;cash;;
1284;1304;401;ORDER: CREATED - Bestellung erfasst;I2;Sommer spritzer 0,5;#fff176;Alk;4,5;0;NULL;;2026-05-10 12:12:04;Kellner 4;WAHR;4,5;voucher;;
1285;1305;401;ORDER: CREATED - Bestellung erfasst;I2;Sommer spritzer 0,5;#fff176;Alk;4,5;0;NULL;;2026-05-10 12:12:04;Kellner 4;WAHR;4,5;voucher;;
1286;1311;402;ORDER: CREATED - Bestellung erfasst;C4;Bier 0,5;#fbc02d;Alk;4,5;0;NULL;;2026-05-10 12:12:08;Kellner 5;WAHR;4,5;voucher;;
1287;1309;402;ORDER: CREATED - Bestellung erfasst;C4;Soda zitron 0,5;#4fc3f7;Anti;3;0;NULL;;2026-05-10 12:12:08;Kellner 5;WAHR;3;voucher;;
1288;1308;402;ORDER: CREATED - Bestellung erfasst;C4;Soda zitron 0,5;#4fc3f7;Anti;3;0;NULL;;2026-05-10 12:12:08;Kellner 5;WAHR;3;voucher;;
1289;1307;402;ORDER: CREATED - Bestellung erfasst;C4;Soda zitron 0,5;#4fc3f7;Anti;3;0;NULL;;2026-05-10 12:12:08;Kellner 5;WAHR;3;voucher;;
1290;1306;402;ORDER: CREATED - Bestellung erfasst;C4;Soda zitron 0,5;#4fc3f7;Anti;3;0;NULL;;2026-05-10 12:12:08;Kellner 5;WAHR;3;voucher;;
1291;1310;402;ORDER: CREATED - Bestellung erfasst;C4;Soda zitron 0,5;#4fc3f7;Anti;3;0;NULL;;2026-05-10 12:12:08;Kellner 5;WAHR;3;voucher;;
1292;1317;403;ORDER: CREATED - Bestellung erfasst;D4;Sommer spritzer 0,5;#fff176;Alk;4,5;0;NULL;;2026-05-10 12:12:14;Kellner 3;WAHR;4,5;voucher;;
1293;1319;403;ORDER: CREATED - Bestellung erfasst;D4;Hendl mit Pommes;#0070c0;Essen;12,5;0;NULL;;2026-05-10 12:12:14;Kellner 3;WAHR;12,5;voucher;;40
1294;1320;403;ORDER: CREATED - Bestellung erfasst;D4;Hendl mit Pommes;#0070c0;Essen;12,5;0;NULL;;2026-05-10 12:12:14;Kellner 3;WAHR;12,5;voucher;;40
1295;1321;403;ORDER: CREATED - Bestellung erfasst;D4;Pommes;#ffc000;Essen;3,5;0;NULL;;2026-05-10 12:12:14;Kellner 3;WAHR;3,5;voucher;;24
1296;1312;403;ORDER: CREATED - Bestellung erfasst;D4;Sommer spritzer 0,5;#fff176;Alk;4,5;0;NULL;;2026-05-10 12:12:14;Kellner 3;WAHR;4,5;voucher;;
1297;1318;403;ORDER: CREATED - Bestellung erfasst;D4;Sommer spritzer 0,5;#fff176;Alk;4,5;0;NULL;;2026-05-10 12:12:14;Kellner 3;WAHR;4,5;voucher;;
1298;1322;403;ORDER: CREATED - Bestellung erfasst;D4;Hendl mit Pommes;#0070c0;Essen;12,5;0;NULL;;2026-05-10 12:12:14;Kellner 3;WAHR;12,5;voucher;;40
1299;1323;403;ORDER: CREATED - Bestellung erfasst;D4;Backhendl Salat;#4fc3f7;Essen;9;0;NULL;;2026-05-10 12:12:14;Kellner 3;WAHR;9;voucher;;24
1300;1324;403;ORDER: CREATED - Bestellung erfasst;D4;Hendl mit Pommes;#0070c0;Essen;12,5;0;NULL;;2026-05-10 12:12:14;Kellner 3;WAHR;12,5;voucher;;51
1301;1325;403;ORDER: CREATED - Bestellung erfasst;D4;Hendl mit Pommes;#0070c0;Essen;12,5;0;NULL;;2026-05-10 12:12:14;Kellner 3;WAHR;12,5;voucher;;51
1302;1313;403;ORDER: CREATED - Bestellung erfasst;D4;Sommer spritzer 0,5;#fff176;Alk;4,5;0;NULL;;2026-05-10 12:12:14;Kellner 3;WAHR;4,5;voucher;;
1303;1314;403;ORDER: CREATED - Bestellung erfasst;D4;Sommer spritzer 0,5;#fff176;Alk;4,5;0;NULL;;2026-05-10 12:12:14;Kellner 3;WAHR;4,5;voucher;;
1304;1315;403;ORDER: CREATED - Bestellung erfasst;D4;Sommer spritzer 0,5;#fff176;Alk;4,5;0;NULL;;2026-05-10 12:12:14;Kellner 3;WAHR;4,5;voucher;;
1305;1316;403;ORDER: CREATED - Bestellung erfasst;D4;Soda zitron 0,5;#4fc3f7;Anti;3;0;NULL;;2026-05-10 12:12:14;Kellner 3;WAHR;3;voucher;;
1306;1326;404;ORDER: CREATED - Bestellung erfasst;A1;Bier 0,5;#fbc02d;Alk;4,5;0;NULL;;2026-05-10 12:12:18;Kellner 6;WAHR;4,5;voucher;;
1307;1327;405;ORDER: CREATED - Bestellung erfasst;B6;Sommer spritzer 0,5;#fff176;Alk;4,5;0;NULL;;2026-05-10 12:12:48;Kellner 10;WAHR;4,5;cash;;
1308;1328;405;ORDER: CREATED - Bestellung erfasst;B6;Sommer spritzer 0,5;#fff176;Alk;4,5;0;NULL;;2026-05-10 12:12:48;Kellner 10;WAHR;4,5;cash;;
1309;1329;405;ORDER: CREATED - Bestellung erfasst;B6;Hendl mit Pommes;#0070c0;Essen;12,5;0;NULL;;2026-05-10 12:12:48;Kellner 10;WAHR;12,5;cash;;18
1310;1330;405;ORDER: CREATED - Bestellung erfasst;B6;Hendl mit Pommes;#0070c0;Essen;12,5;0;NULL;;2026-05-10 12:12:48;Kellner 10;WAHR;12,5;cash;;18
1311;1331;406;ORDER: CREATED - Bestellung erfasst;D2;Bier 0,5;#fbc02d;Alk;4,5;0;NULL;;2026-05-10 12:13:06;Kellner 3;WAHR;4,5;voucher;;
1312;1332;407;ORDER: CREATED - Bestellung erfasst;H8;Cola 0,33;#004d40;Anti;3;0;NULL;;2026-05-10 12:13:16;Kellner 9;WAHR;3;cash;;
1313;1333;407;ORDER: CREATED - Bestellung erfasst;H8;Bier 0,5;#fbc02d;Alk;4,5;0;NULL;;2026-05-10 12:13:16;Kellner 9;WAHR;4,5;cash;;
1314;1335;407;ORDER: CREATED - Bestellung erfasst;H8;Sommer spritzer 0,5;#fff176;Alk;4,5;0;NULL;;2026-05-10 12:13:16;Kellner 9;WAHR;4,5;cash;;
1315;1334;407;ORDER: CREATED - Bestellung erfasst;H8;Bier 0,5;#fbc02d;Alk;4,5;0;NULL;;2026-05-10 12:13:16;Kellner 9;WAHR;4,5;cash;;
1316;1336;408;ORDER: CREATED - Bestellung erfasst;H3;Bier 0,5;#fbc02d;Alk;4,5;0;NULL;;2026-05-10 12:13:34;Kellner 4;WAHR;4,5;cash;;
1317;1337;409;ORDER: CREATED - Bestellung erfasst;D6;Soda zitron 0,5;#4fc3f7;Anti;3;0;NULL;;2026-05-10 12:13:39;Kellner 2;WAHR;3;cash;;
1318;1338;409;ORDER: CREATED - Bestellung erfasst;D6;Radler 0,5;#afb42b;Alk;4,5;0;NULL;;2026-05-10 12:13:39;Kellner 2;WAHR;4,5;cash;;
1319;1339;409;ORDER: CREATED - Bestellung erfasst;D6;Hendl mit Pommes;#0070c0;Essen;12,5;0;NULL;;2026-05-10 12:13:39;Kellner 2;WAHR;12,5;cash;;98
1320;1340;409;ORDER: CREATED - Bestellung erfasst;D6;Hendl mit Pommes;#0070c0;Essen;12,5;0;NULL;;2026-05-10 12:13:39;Kellner 2;WAHR;12,5;cash;;98
1321;1341;410;ORDER: CREATED - Bestellung erfasst;U7;Sommer spritzer 0,5;#fff176;Alk;4,5;0;NULL;;2026-05-10 12:13:59;Kellner 7;WAHR;4,5;cash;;
1322;1342;411;ORDER: CREATED - Bestellung erfasst;G2;Bier 0,5;#fbc02d;Alk;4,5;0;NULL;;2026-05-10 12:14:00;Kellner 4;WAHR;4,5;voucher;;
1323;1343;412;ORDER: CREATED - Bestellung erfasst;E5;Hendl mit Pommes;#0070c0;Essen;12,5;0;NULL;;2026-05-10 12:14:14;Kellner 3;WAHR;12,5;cash;;63
1324;1344;412;ORDER: CREATED - Bestellung erfasst;E5;Gemüselaibchen mit Salat;#ffeb3b;Essen;9;0;NULL;;2026-05-10 12:14:14;Kellner 3;WAHR;9;cash;;21
1325;1345;413;ORDER: CREATED - Bestellung erfasst;C4;Sommer spritzer 0,5;#fff176;Alk;4,5;0;NULL;;2026-05-10 12:14:20;Kellner 5;WAHR;4,5;voucher;;
1326;1347;414;ORDER: CREATED - Bestellung erfasst;G2;Sommer spritzer 0,5;#fff176;Alk;4,5;0;NULL;;2026-05-10 12:14:34;Kellner 4;WAHR;4,5;voucher;;
1327;1346;414;ORDER: CREATED - Bestellung erfasst;G2;Radler 0,5;#afb42b;Alk;4,5;0;NULL;;2026-05-10 12:14:34;Kellner 4;WAHR;4,5;voucher;;
1328;1348;415;ORDER: CREATED - Bestellung erfasst;F5;Bier 0,5;#fbc02d;Alk;4,5;0;NULL;;2026-05-10 12:14:43;Kellner 1;WAHR;4,5;free;;
1329;1349;415;ORDER: CREATED - Bestellung erfasst;F5;Hendl mit Pommes;#0070c0;Essen;12,5;0;NULL;;2026-05-10 12:14:43;Kellner 1;WAHR;12,5;free;;34
1330;1350;416;ORDER: CREATED - Bestellung erfasst;U5;Bier 0,5;#fbc02d;Alk;4,5;0;NULL;;2026-05-10 12:14:44;Kellner 7;WAHR;4,5;cash;;
1331;1351;417;ORDER: CREATED - Bestellung erfasst;D9;Cola 0,33;#004d40;Anti;3;0;NULL;;2026-05-10 12:15:04;Kellner 2;WAHR;3;voucher;;
1332;1352;418;ORDER: CREATED - Bestellung erfasst;G3;Sommer spritzer 0,5;#fff176;Alk;4,5;0;NULL;;2026-05-10 12:15:11;Kellner 4;WAHR;4,5;voucher;;
1333;1353;419;ORDER: CREATED - Bestellung erfasst;D5;Bier 0,5;#fbc02d;Alk;4,5;0;NULL;;2026-05-10 12:15:20;Kellner 3;WAHR;4,5;cash;;
1334;1355;420;ORDER: CREATED - Bestellung erfasst;U1;Bier 0,5;#fbc02d;Alk;4,5;0;NULL;;2026-05-10 12:15:23;Kellner 8;WAHR;4,5;cash;;
1335;1354;420;ORDER: CREATED - Bestellung erfasst;U1;Bier 0,5;#fbc02d;Alk;4,5;0;NULL;;2026-05-10 12:15:23;Kellner 8;WAHR;4,5;cash;;
1336;1356;421;ORDER: CREATED - Bestellung erfasst;A4;Bier 0,5;#fbc02d;Alk;4,5;0;NULL;;2026-05-10 12:16:14;Kellner 3;WAHR;4,5;free;;
1337;1357;421;ORDER: CREATED - Bestellung erfasst;A4;Hendl mit Pommes;#0070c0;Essen;12,5;0;NULL;;2026-05-10 12:16:14;Kellner 3;WAHR;12,5;free;;20
1338;1362;422;ORDER: CREATED - Bestellung erfasst;B9;Limo Orange 0,33;#ffc107;Anti;3;0;NULL;;2026-05-10 12:16:20;Kellner 2;WAHR;3;cash;;
1339;1361;422;ORDER: CREATED - Bestellung erfasst;B9;Sommer spritzer 0,5;#fff176;Alk;4,5;0;NULL;;2026-05-10 12:16:20;Kellner 2;WAHR;4,5;cash;;
1340;1358;422;ORDER: CREATED - Bestellung erfasst;B9;Bier 0,5;#fbc02d;Alk;4,5;0;NULL;;2026-05-10 12:16:20;Kellner 2;WAHR;4,5;cash;;
1341;1359;422;ORDER: CREATED - Bestellung erfasst;B9;Grillwürstel mit Pommes;#8bc34a;Essen;8;0;NULL;;2026-05-10 12:16:20;Kellner 2;WAHR;8;cash;;80
1342;1360;422;ORDER: CREATED - Bestellung erfasst;B9;Grillwürstel mit Pommes;#8bc34a;Essen;8;0;NULL;;2026-05-10 12:16:20;Kellner 2;WAHR;8;cash;;89
1343;1363;423;ORDER: CREATED - Bestellung erfasst;B6;Backhendl Salat;#4fc3f7;Essen;9;0;NULL;Ohne hendl;2026-05-10 12:16:28;Kellner 10;WAHR;9;cash;;14
1344;1365;424;ORDER: CREATED - Bestellung erfasst;D4;Bier 0,5;#fbc02d;Alk;4,5;0;NULL;;2026-05-10 12:16:43;Kellner 3;WAHR;4,5;voucher;;
1345;1364;424;ORDER: CREATED - Bestellung erfasst;D4;Schnitzel mit Pommes;#827717;Essen;11,5;0;NULL;;2026-05-10 12:16:43;Kellner 3;WAHR;11,5;voucher;;57
1346;1366;425;ORDER: CREATED - Bestellung erfasst;D4;Backhendl Salat;#4fc3f7;Essen;9;0;NULL;;2026-05-10 12:17:08;Kellner 3;WAHR;9;voucher;;25
1347;1367;426;ORDER: CREATED - Bestellung erfasst;C7;Bier 0,5;#fbc02d;Alk;4,5;0;NULL;;2026-05-10 12:17:18;Kellner 10;WAHR;4,5;cash;;
1348;1368;426;ORDER: CREATED - Bestellung erfasst;C7;Bier 0,5;#fbc02d;Alk;4,5;0;NULL;;2026-05-10 12:17:18;Kellner 10;WAHR;4,5;cash;;
1349;1369;426;ORDER: CREATED - Bestellung erfasst;C7;Bier 0,5;#fbc02d;Alk;4,5;0;NULL;;2026-05-10 12:17:18;Kellner 10;WAHR;4,5;cash;;
1350;1370;426;ORDER: CREATED - Bestellung erfasst;C7;Bier 0,5;#fbc02d;Alk;4,5;0;NULL;;2026-05-10 12:17:18;Kellner 10;WAHR;4,5;cash;;
1351;1371;427;ORDER: CREATED - Bestellung erfasst;B8;Almdudler 0,33;#fbc02d;Anti;3;0;NULL;;2026-05-10 12:17:31;Kellner 2;WAHR;3;voucher;;
1352;1373;428;ORDER: CREATED - Bestellung erfasst;C3;Backhendl Salat;#4fc3f7;Essen;9;0;NULL;;2026-05-10 12:18:03;Kellner 3;WAHR;9;voucher;;29
1353;1372;428;ORDER: CREATED - Bestellung erfasst;C3;Cola 0,33;#004d40;Anti;3;0;NULL;;2026-05-10 12:18:03;Kellner 3;WAHR;3;voucher;;
1354;1378;429;ORDER: CREATED - Bestellung erfasst;U1;Bier 0,5;#fbc02d;Alk;4,5;0;NULL;;2026-05-10 12:18:18;Kellner 9;WAHR;4,5;cash;;
1355;1380;429;ORDER: CREATED - Bestellung erfasst;U1;Sommer spritzer 0,5;#fff176;Alk;4,5;0;NULL;;2026-05-10 12:18:18;Kellner 9;WAHR;4,5;cash;;
1356;1375;429;ORDER: CREATED - Bestellung erfasst;U1;Bier 0,5;#fbc02d;Alk;4,5;0;NULL;;2026-05-10 12:18:18;Kellner 9;WAHR;4,5;cash;;
1357;1376;429;ORDER: CREATED - Bestellung erfasst;U1;Bier 0,5;#fbc02d;Alk;4,5;0;NULL;;2026-05-10 12:18:18;Kellner 9;WAHR;4,5;cash;;
1358;1377;429;ORDER: CREATED - Bestellung erfasst;U1;Bier 0,5;#fbc02d;Alk;4,5;0;NULL;;2026-05-10 12:18:18;Kellner 9;WAHR;4,5;cash;;
1359;1379;429;ORDER: CREATED - Bestellung erfasst;U1;Bier 0,5;#fbc02d;Alk;4,5;0;NULL;;2026-05-10 12:18:18;Kellner 9;WAHR;4,5;cash;;
1360;1374;429;ORDER: CREATED - Bestellung erfasst;U1;Mineral 0,33;#b3e5fc;Anti;2,5;0;NULL;;2026-05-10 12:18:18;Kellner 9;WAHR;2,5;cash;;
1361;1383;430;ORDER: CREATED - Bestellung erfasst;A2;Cola 0,33;#004d40;Anti;3;0;NULL;;2026-05-10 12:18:47;Kellner 3;WAHR;3;voucher;;
1362;1382;430;ORDER: CREATED - Bestellung erfasst;A2;Sommer spritzer 0,5;#fff176;Alk;4,5;0;NULL;;2026-05-10 12:18:47;Kellner 3;WAHR;4,5;voucher;;
1363;1381;430;ORDER: CREATED - Bestellung erfasst;A2;Bier 0,5;#fbc02d;Alk;4,5;0;NULL;;2026-05-10 12:18:47;Kellner 3;WAHR;4,5;cash;;
1364;1384;431;ORDER: CREATED - Bestellung erfasst;B4;Sommer spritzer 0,5;#fff176;Alk;4,5;0;NULL;;2026-05-10 12:19:52;Kellner 7;WAHR;4,5;cash;;
1365;1385;431;ORDER: CREATED - Bestellung erfasst;B4;Sommer spritzer 0,5;#fff176;Alk;4,5;0;NULL;;2026-05-10 12:19:52;Kellner 7;WAHR;4,5;cash;;
1366;1390;432;ORDER: CREATED - Bestellung erfasst;C4;Pommes;#ffc000;Essen;3,5;0;NULL;;2026-05-10 12:19:55;Kellner 5;WAHR;3,5;voucher;;42
1367;1386;432;ORDER: CREATED - Bestellung erfasst;C4;Hendl mit Pommes;#0070c0;Essen;12,5;0;NULL;;2026-05-10 12:19:55;Kellner 5;WAHR;12,5;voucher;;22
1368;1387;432;ORDER: CREATED - Bestellung erfasst;C4;Backhendl Salat;#4fc3f7;Essen;9;0;NULL;;2026-05-10 12:19:55;Kellner 5;WAHR;9;voucher;;29
1369;1392;432;ORDER: CREATED - Bestellung erfasst;C4;Gemüselaibchen mit Salat;#ffeb3b;Essen;9;0;NULL;;2026-05-10 12:19:55;Kellner 5;WAHR;9;voucher;;29
1370;1391;432;ORDER: CREATED - Bestellung erfasst;C4;Grillwürstel mit Pommes;#8bc34a;Essen;8;0;NULL;;2026-05-10 12:19:55;Kellner 5;WAHR;8;voucher;;9
1371;1389;432;ORDER: CREATED - Bestellung erfasst;C4;Backhendl Salat;#4fc3f7;Essen;9;0;NULL;;2026-05-10 12:19:55;Kellner 5;WAHR;9;voucher;;29
1372;1388;432;ORDER: CREATED - Bestellung erfasst;C4;Backhendl Salat;#4fc3f7;Essen;9;0;NULL;;2026-05-10 12:19:55;Kellner 5;WAHR;9;voucher;;29
1373;1395;433;ORDER: CREATED - Bestellung erfasst;C5;Freibier 0.5;#ffeb3b;Alk;4,5;0;NULL;;2026-05-10 12:20:28;Kellner 2;WAHR;4,5;cash;;
1374;1396;433;ORDER: CREATED - Bestellung erfasst;C5;Sommer spritzer 0,5;#fff176;Alk;4,5;0;NULL;;2026-05-10 12:20:28;Kellner 2;WAHR;4,5;cash;;
1375;1393;433;ORDER: CREATED - Bestellung erfasst;C5;Cola 0,33;#004d40;Anti;3;0;NULL;;2026-05-10 12:20:28;Kellner 2;WAHR;3;cash;;
1376;1394;433;ORDER: CREATED - Bestellung erfasst;C5;Freibier 0.5;#ffeb3b;Alk;4,5;0;NULL;;2026-05-10 12:20:28;Kellner 2;WAHR;4,5;cash;;
1377;1397;434;ORDER: CREATED - Bestellung erfasst;F9;Radler 0,5;#afb42b;Alk;4,5;0;NULL;;2026-05-10 12:20:56;Kellner 7;WAHR;4,5;cash;;
1378;1402;435;ORDER: CREATED - Bestellung erfasst;U1;Schnitzelsemmerl;#f57f17;Essen;4,5;0;NULL;;2026-05-10 12:21:01;Kellner 4;WAHR;4,5;cash;;27
1379;1398;435;ORDER: CREATED - Bestellung erfasst;U1;Bier 0,5;#fbc02d;Alk;4,5;0;NULL;;2026-05-10 12:21:01;Kellner 4;WAHR;4,5;cash;;
1380;1401;435;ORDER: CREATED - Bestellung erfasst;U1;Schnitzelsemmerl;#f57f17;Essen;4,5;0;NULL;;2026-05-10 12:21:01;Kellner 4;WAHR;4,5;cash;;27
1381;1400;435;ORDER: CREATED - Bestellung erfasst;U1;Schnitzelsemmerl;#f57f17;Essen;4,5;0;NULL;;2026-05-10 12:21:01;Kellner 4;WAHR;4,5;cash;;27
1382;1399;435;ORDER: CREATED - Bestellung erfasst;U1;Sommer spritzer 0,5;#fff176;Alk;4,5;0;NULL;;2026-05-10 12:21:01;Kellner 4;WAHR;4,5;cash;;
1383;1403;436;ORDER: CREATED - Bestellung erfasst;C9;Bier 0,5;#fbc02d;Alk;4,5;0;NULL;;2026-05-10 12:21:06;Kellner 1;WAHR;4,5;cash;;
1384;1404;436;ORDER: CREATED - Bestellung erfasst;C9;Bier 0,5;#fbc02d;Alk;4,5;0;NULL;;2026-05-10 12:21:06;Kellner 1;WAHR;4,5;cash;;
1385;1405;437;ORDER: CREATED - Bestellung erfasst;H6;Limo Orange 0,33;#ffc107;Anti;3;0;NULL;;2026-05-10 12:21:16;Kellner 6;WAHR;3;voucher;;
1386;1409;437;ORDER: CREATED - Bestellung erfasst;H6;Schnitzel mit Pommes;#827717;Essen;11,5;0;NULL;;2026-05-10 12:21:16;Kellner 6;WAHR;11,5;voucher;;24
1387;1406;437;ORDER: CREATED - Bestellung erfasst;H6;Almdudler 0,33;#fbc02d;Anti;3;0;NULL;;2026-05-10 12:21:16;Kellner 6;WAHR;3;voucher;;
1388;1410;437;ORDER: CREATED - Bestellung erfasst;H6;Schnitzelsemmerl;#f57f17;Essen;4,5;0;NULL;;2026-05-10 12:21:16;Kellner 6;WAHR;4,5;voucher;;43
1389;1411;437;ORDER: CREATED - Bestellung erfasst;H6;Hendl mit Pommes;#0070c0;Essen;12,5;0;NULL;;2026-05-10 12:21:16;Kellner 6;WAHR;12,5;voucher;;29
1390;1412;437;ORDER: CREATED - Bestellung erfasst;H6;Hendl mit Pommes;#0070c0;Essen;12,5;0;NULL;;2026-05-10 12:21:16;Kellner 6;WAHR;12,5;voucher;;29
1391;1407;437;ORDER: CREATED - Bestellung erfasst;H6;Sommer spritzer 0,5;#fff176;Alk;4,5;0;NULL;Bitte extra 1x Leitungswasser dazu;2026-05-10 12:21:16;Kellner 6;WAHR;4,5;voucher;;
1392;1408;437;ORDER: CREATED - Bestellung erfasst;H6;Sommer spritzer 0,5;#fff176;Alk;4,5;0;NULL;;2026-05-10 12:21:16;Kellner 6;WAHR;4,5;voucher;;
1393;1413;438;ORDER: CREATED - Bestellung erfasst;A4;Bier 0,5;#fbc02d;Alk;4,5;0;NULL;;2026-05-10 12:21:57;Kellner 1;WAHR;4,5;cash;;
1394;1414;439;ORDER: CREATED - Bestellung erfasst;F6;Mineral 0,33;#b3e5fc;Anti;2,5;0;NULL;;2026-05-10 12:21:59;Kellner 6;WAHR;2,5;free;;
1395;1416;440;ORDER: CREATED - Bestellung erfasst;G4;Sommer spritzer 0,5;#fff176;Alk;4,5;0;NULL;;2026-05-10 12:22:23;Kellner 5;WAHR;4,5;cash;;
1396;1417;440;ORDER: CREATED - Bestellung erfasst;G4;Bier 0,5;#fbc02d;Alk;4,5;0;NULL;;2026-05-10 12:22:23;Kellner 5;WAHR;4,5;voucher;;
1397;1415;440;ORDER: CREATED - Bestellung erfasst;G4;Bier 0,5;#fbc02d;Alk;4,5;0;NULL;;2026-05-10 12:22:23;Kellner 5;WAHR;4,5;voucher;;
1398;1418;441;ORDER: CREATED - Bestellung erfasst;E1;Bier 0,5;#fbc02d;Alk;4,5;0;NULL;;2026-05-10 12:22:26;Kellner 3;WAHR;4,5;voucher;;
1399;1420;441;ORDER: CREATED - Bestellung erfasst;E1;Freibier 0.5;#ffeb3b;Alk;4,5;0;NULL;;2026-05-10 12:22:26;Kellner 3;WAHR;4,5;voucher;;
1400;1419;441;ORDER: CREATED - Bestellung erfasst;E1;Bier 0,5;#fbc02d;Alk;4,5;0;NULL;;2026-05-10 12:22:26;Kellner 3;WAHR;4,5;voucher;;
1401;1421;442;ORDER: CREATED - Bestellung erfasst;U1;Sommer spritzer 0,5;#fff176;Alk;4,5;0;NULL;;2026-05-10 12:22:49;Kellner 7;WAHR;4,5;cash;;
1402;1424;443;ORDER: CREATED - Bestellung erfasst;B10;Soda zitron 0,5;#4fc3f7;Anti;3;0;NULL;;2026-05-10 12:23:25;Kellner 8;WAHR;3;cash;;
1403;1423;443;ORDER: CREATED - Bestellung erfasst;B10;Hendl mit Pommes;#0070c0;Essen;12,5;0;NULL;;2026-05-10 12:23:25;Kellner 8;WAHR;12,5;cash;;13
1404;1425;443;ORDER: CREATED - Bestellung erfasst;B10;Backhendl Salat;#4fc3f7;Essen;9;0;NULL;;2026-05-10 12:23:25;Kellner 8;WAHR;9;cash;;23
1405;1422;443;ORDER: CREATED - Bestellung erfasst;B10;Radler 0,5;#afb42b;Alk;4,5;0;NULL;;2026-05-10 12:23:25;Kellner 8;WAHR;4,5;cash;;
1406;1426;444;ORDER: CREATED - Bestellung erfasst;B10;Pommes;#ffc000;Essen;3,5;0;NULL;;2026-05-10 12:24:00;Kellner 8;WAHR;3,5;cash;;26
1407;1427;445;ORDER: CREATED - Bestellung erfasst;V2;Soda zitron 0,5;#4fc3f7;Anti;3;0;NULL;;2026-05-10 12:24:19;Kellner 7;WAHR;3;cash;;
1408;1428;445;ORDER: CREATED - Bestellung erfasst;V2;Hendl mit Pommes;#0070c0;Essen;12,5;0;NULL;;2026-05-10 12:24:19;Kellner 7;WAHR;12,5;cash;;18
1409;1429;445;ORDER: CREATED - Bestellung erfasst;V2;Bier 0,5;#fbc02d;Alk;4,5;0;NULL;;2026-05-10 12:24:19;Kellner 7;WAHR;4,5;cash;;
1410;1430;445;ORDER: CREATED - Bestellung erfasst;V2;Hendl mit Pommes;#0070c0;Essen;12,5;0;NULL;;2026-05-10 12:24:19;Kellner 7;WAHR;12,5;cash;;18
1411;1431;445;ORDER: CREATED - Bestellung erfasst;V2;Cola 0,33;#004d40;Anti;3;0;NULL;;2026-05-10 12:24:19;Kellner 7;WAHR;3;cash;;
1412;1432;445;ORDER: CREATED - Bestellung erfasst;V2;Grillwürstel mit Pommes;#8bc34a;Essen;8;0;NULL;;2026-05-10 12:24:19;Kellner 7;WAHR;8;cash;;6
1413;1434;446;ORDER: CREATED - Bestellung erfasst;H3;Bier 0,5;#fbc02d;Alk;4,5;0;NULL;;2026-05-10 12:24:44;Kellner 5;WAHR;4,5;voucher;;
1414;1433;446;ORDER: CREATED - Bestellung erfasst;H3;Bier 0,5;#fbc02d;Alk;4,5;0;NULL;;2026-05-10 12:24:44;Kellner 5;WAHR;4,5;voucher;;
1415;1435;447;ORDER: CREATED - Bestellung erfasst;G8;Hendl mit Pommes;#0070c0;Essen;12,5;0;NULL;;2026-05-10 12:24:47;Kellner 1;WAHR;12,5;cash;;20
1416;1437;447;ORDER: CREATED - Bestellung erfasst;G8;Hendl mit Pommes;#0070c0;Essen;12,5;0;NULL;;2026-05-10 12:24:47;Kellner 1;WAHR;12,5;cash;;20
1417;1438;447;ORDER: CREATED - Bestellung erfasst;G8;Grillwürstel mit Pommes;#8bc34a;Essen;8;0;NULL;;2026-05-10 12:24:47;Kellner 1;WAHR;8;cash;;53
1418;1436;447;ORDER: CREATED - Bestellung erfasst;G8;Hendl mit Pommes;#0070c0;Essen;12,5;0;NULL;;2026-05-10 12:24:47;Kellner 1;WAHR;12,5;cash;;20
1419;1441;448;ORDER: CREATED - Bestellung erfasst;E7;Radler 0,5;#afb42b;Alk;4,5;0;NULL;;2026-05-10 12:25:12;Kellner 2;WAHR;4,5;cash;;
1420;1440;448;ORDER: CREATED - Bestellung erfasst;E7;Bier 0,5;#fbc02d;Alk;4,5;0;NULL;;2026-05-10 12:25:12;Kellner 2;WAHR;4,5;cash;;
1421;1445;448;ORDER: CREATED - Bestellung erfasst;E7;Grillwürstel mit Pommes;#8bc34a;Essen;8;0;NULL;;2026-05-10 12:25:12;Kellner 2;WAHR;8;cash;;59
1422;1444;448;ORDER: CREATED - Bestellung erfasst;E7;Hendl mit Pommes;#0070c0;Essen;12,5;0;NULL;;2026-05-10 12:25:12;Kellner 2;WAHR;12,5;cash;;12
1423;1439;448;ORDER: CREATED - Bestellung erfasst;E7;Bier 0,5;#fbc02d;Alk;4,5;0;NULL;;2026-05-10 12:25:12;Kellner 2;WAHR;4,5;cash;;
1424;1443;448;ORDER: CREATED - Bestellung erfasst;E7;Hendl mit Pommes;#0070c0;Essen;12,5;0;NULL;;2026-05-10 12:25:12;Kellner 2;WAHR;12,5;cash;;12
1425;1442;448;ORDER: CREATED - Bestellung erfasst;E7;Limo Orange 0,33;#ffc107;Anti;3;0;NULL;;2026-05-10 12:25:12;Kellner 2;WAHR;3;cash;;
1426;1446;449;ORDER: CREATED - Bestellung erfasst;U6;Bier 0,5;#fbc02d;Alk;4,5;0;NULL;;2026-05-10 12:25:23;Kellner 7;WAHR;4,5;cash;;
1427;1447;449;ORDER: CREATED - Bestellung erfasst;U6;Bier 0,5;#fbc02d;Alk;4,5;0;NULL;;2026-05-10 12:25:23;Kellner 7;WAHR;4,5;cash;;
1428;1448;450;ORDER: CREATED - Bestellung erfasst;F2;Bier 0,5;#fbc02d;Alk;4,5;0;NULL;;2026-05-10 12:25:24;Kellner 5;WAHR;4,5;cash;;
1429;1450;451;ORDER: CREATED - Bestellung erfasst;I2;Sommer spritzer 0,5;#fff176;Alk;4,5;0;NULL;;2026-05-10 12:26:39;Kellner 5;WAHR;4,5;cash;;
1430;1449;451;ORDER: CREATED - Bestellung erfasst;I2;Sommer spritzer 0,5;#fff176;Alk;4,5;0;NULL;;2026-05-10 12:26:39;Kellner 5;WAHR;4,5;cash;;
1431;1454;452;ORDER: CREATED - Bestellung erfasst;F7;Hendl mit Pommes;#0070c0;Essen;12,5;0;NULL;;2026-05-10 12:26:52;Kellner 6;WAHR;12,5;cash;;15
1432;1451;452;ORDER: CREATED - Bestellung erfasst;F7;Almdudler 0,33;#fbc02d;Anti;3;0;NULL;;2026-05-10 12:26:52;Kellner 6;WAHR;3;cash;;
1433;1453;452;ORDER: CREATED - Bestellung erfasst;F7;Bier 0,5;#fbc02d;Alk;4,5;0;NULL;;2026-05-10 12:26:52;Kellner 6;WAHR;4,5;cash;;
1434;1452;452;ORDER: CREATED - Bestellung erfasst;F7;Hendl mit Pommes;#0070c0;Essen;12,5;0;NULL;;2026-05-10 12:26:52;Kellner 6;WAHR;12,5;cash;;15
1435;1455;453;ORDER: CREATED - Bestellung erfasst;F6;Sommer spritzer 0,5;#fff176;Alk;4,5;0;NULL;;2026-05-10 12:27:40;Kellner 6;WAHR;4,5;free;;
1436;1458;454;ORDER: CREATED - Bestellung erfasst;C2;Bier 0,5;#fbc02d;Alk;4,5;0;NULL;;2026-05-10 12:28:29;Kellner 6;WAHR;4,5;voucher;;
1437;1457;454;ORDER: CREATED - Bestellung erfasst;C2;Bier 0,5;#fbc02d;Alk;4,5;0;NULL;;2026-05-10 12:28:29;Kellner 6;WAHR;4,5;voucher;;
1438;1456;454;ORDER: CREATED - Bestellung erfasst;C2;Bier 0,5;#fbc02d;Alk;4,5;0;NULL;;2026-05-10 12:28:29;Kellner 6;WAHR;4,5;voucher;;
1439;1459;455;ORDER: CREATED - Bestellung erfasst;B2;Sommer spritzer 0,5;#fff176;Alk;4,5;0;NULL;;2026-05-10 12:29:23;Kellner 6;WAHR;4,5;voucher;;
1440;1461;456;ORDER: CREATED - Bestellung erfasst;U11;Soda zitron 0,5;#4fc3f7;Anti;3;0;NULL;;2026-05-10 12:29:36;Kellner 7;WAHR;3;cash;;
1441;1463;456;ORDER: CREATED - Bestellung erfasst;U11;Gemüselaibchen mit Salat;#ffeb3b;Essen;9;0;NULL;;2026-05-10 12:29:36;Kellner 7;WAHR;9;cash;;33
1442;1462;456;ORDER: CREATED - Bestellung erfasst;U11;Hendl mit Pommes;#0070c0;Essen;12,5;0;NULL;;2026-05-10 12:29:36;Kellner 7;WAHR;12,5;cash;;16
1443;1460;456;ORDER: CREATED - Bestellung erfasst;U11;Soda zitron 0,5;#4fc3f7;Anti;3;0;NULL;;2026-05-10 12:29:36;Kellner 7;WAHR;3;cash;;
1444;1465;457;ORDER: CREATED - Bestellung erfasst;C4;Soda zitron 0,5;#4fc3f7;Anti;3;0;NULL;;2026-05-10 12:29:55;Kellner 10;WAHR;3;voucher;;
1445;1466;457;ORDER: CREATED - Bestellung erfasst;C4;Soda zitron 0,5;#4fc3f7;Anti;3;0;NULL;;2026-05-10 12:29:55;Kellner 10;WAHR;3;voucher;;
1446;1464;457;ORDER: CREATED - Bestellung erfasst;C4;Hendl mit Pommes;#0070c0;Essen;12,5;0;NULL;;2026-05-10 12:29:55;Kellner 10;WAHR;12,5;voucher;;19
1447;1467;458;ORDER: CREATED - Bestellung erfasst;D6;Radler 0,5;#afb42b;Alk;4,5;0;NULL;;2026-05-10 12:30:13;Kellner 2;WAHR;4,5;cash;;
1448;1468;458;ORDER: CREATED - Bestellung erfasst;D6;Kaffee;#bf360c;Anti;3;0;NULL;;2026-05-10 12:30:13;Kellner 2;WAHR;3;cash;;
1449;1469;459;ORDER: CREATED - Bestellung erfasst;D3;Sommer spritzer 0,5;#fff176;Alk;4,5;0;NULL;;2026-05-10 12:30:19;Kellner 3;WAHR;4,5;voucher;;
1450;1472;460;ORDER: CREATED - Bestellung erfasst;A3;Bier 0,5;#fbc02d;Alk;4,5;0;NULL;;2026-05-10 12:30:24;Kellner 6;WAHR;4,5;voucher;;
1451;1473;460;ORDER: CREATED - Bestellung erfasst;A3;Bier 0,5;#fbc02d;Alk;4,5;0;NULL;;2026-05-10 12:30:24;Kellner 6;WAHR;4,5;voucher;;
1452;1471;460;ORDER: CREATED - Bestellung erfasst;A3;Sommer spritzer 0,5;#fff176;Alk;4,5;0;NULL;;2026-05-10 12:30:24;Kellner 6;WAHR;4,5;voucher;;
1453;1470;460;ORDER: CREATED - Bestellung erfasst;A3;Bier 0,5;#fbc02d;Alk;4,5;0;NULL;;2026-05-10 12:30:24;Kellner 6;WAHR;4,5;voucher;;
1454;1474;461;ORDER: CREATED - Bestellung erfasst;C9;Grillwürstel mit Pommes;#8bc34a;Essen;8;0;NULL;;2026-05-10 12:30:47;Kellner 10;WAHR;8;cash;;53
1455;1475;462;ORDER: CREATED - Bestellung erfasst;B10;Sommer spritzer 0,5;#fff176;Alk;4,5;0;NULL;;2026-05-10 12:31:11;Kellner 2;WAHR;4,5;cash;;
1456;1478;463;ORDER: CREATED - Bestellung erfasst;F8;Sommer spritzer 0,5;#fff176;Alk;4,5;0;NULL;;2026-05-10 12:31:15;Kellner 1;WAHR;4,5;voucher;;
1457;1477;463;ORDER: CREATED - Bestellung erfasst;F8;Sommer spritzer 0,5;#fff176;Alk;4,5;0;NULL;;2026-05-10 12:31:15;Kellner 1;WAHR;4,5;voucher;;
1458;1476;463;ORDER: CREATED - Bestellung erfasst;F8;Sommer spritzer 0,5;#fff176;Alk;4,5;0;NULL;;2026-05-10 12:31:15;Kellner 1;WAHR;4,5;voucher;;
1459;1479;464;ORDER: CREATED - Bestellung erfasst;H3;Bier 0,5;#fbc02d;Alk;4,5;0;NULL;;2026-05-10 12:31:16;Kellner 4;WAHR;4,5;voucher;;
1460;1480;465;ORDER: CREATED - Bestellung erfasst;I4;Bier 0,5;#fbc02d;Alk;4,5;0;NULL;;2026-05-10 12:31:18;Kellner 5;WAHR;4,5;cash;;
1461;1482;466;ORDER: CREATED - Bestellung erfasst;B3;Mineral 0,33;#b3e5fc;Anti;2,5;0;NULL;Bitte Almdudler Mineral in großem Glas mischen ;2026-05-10 12:32:03;Kellner 6;WAHR;2,5;cash;;
1462;1481;466;ORDER: CREATED - Bestellung erfasst;B3;Almdudler 0,33;#fbc02d;Anti;3;0;NULL;;2026-05-10 12:32:03;Kellner 6;WAHR;3;cash;;
1463;1483;467;ORDER: CREATED - Bestellung erfasst;E6;Radler 0,5;#afb42b;Alk;4,5;0;NULL;;2026-05-10 12:32:15;Kellner 5;WAHR;4,5;cash;;
1464;1484;468;ORDER: CREATED - Bestellung erfasst;D8;Schnitzelsemmerl;#f57f17;Essen;4,5;0;NULL;;2026-05-10 12:32:25;Kellner 10;WAHR;4,5;cash;;11
1465;1485;469;ORDER: CREATED - Bestellung erfasst;G9;Sommer spritzer 0,5;#fff176;Alk;4,5;0;NULL;;2026-05-10 12:32:52;Kellner 7;WAHR;4,5;free;;
1466;1486;470;ORDER: CREATED - Bestellung erfasst;A1;Hendl mit Pommes;#0070c0;Essen;12,5;0;NULL;;2026-05-10 12:33:47;Abholstation;WAHR;12,5;cash;;24
1467;1487;471;ORDER: CREATED - Bestellung erfasst;E6;Bier 0,5;#fbc02d;Alk;4,5;0;NULL;;2026-05-10 12:34:08;Kellner 10;WAHR;4,5;cash;;
1468;1489;472;ORDER: CREATED - Bestellung erfasst;D9;Bier 0,5;#fbc02d;Alk;4,5;0;NULL;;2026-05-10 12:35:07;Kellner 7;WAHR;4,5;voucher;;
1469;1488;472;ORDER: CREATED - Bestellung erfasst;D9;Bier 0,5;#fbc02d;Alk;4,5;0;NULL;;2026-05-10 12:35:07;Kellner 7;WAHR;4,5;voucher;;
1470;1493;473;ORDER: CREATED - Bestellung erfasst;C7;Bier 0,5;#fbc02d;Alk;4,5;0;NULL;;2026-05-10 12:35:34;Kellner 2;WAHR;4,5;cash;;
1471;1490;473;ORDER: CREATED - Bestellung erfasst;C7;Sommer spritzer 0,5;#fff176;Alk;4,5;0;NULL;;2026-05-10 12:35:34;Kellner 2;WAHR;4,5;cash;;
1472;1494;473;ORDER: CREATED - Bestellung erfasst;C7;Bier 0,5;#fbc02d;Alk;4,5;0;NULL;;2026-05-10 12:35:34;Kellner 2;WAHR;4,5;cash;;
1473;1491;473;ORDER: CREATED - Bestellung erfasst;C7;Backhendl Salat;#4fc3f7;Essen;9;0;NULL;;2026-05-10 12:35:34;Kellner 2;WAHR;9;cash;;25
1474;1492;473;ORDER: CREATED - Bestellung erfasst;C7;Hendl mit Pommes;#0070c0;Essen;12,5;0;NULL;;2026-05-10 12:35:34;Kellner 2;WAHR;12,5;cash;;19
1475;1495;474;ORDER: CREATED - Bestellung erfasst;E9;Mineral 0,33;#b3e5fc;Anti;2,5;0;NULL;;2026-05-10 12:35:41;Kellner 7;WAHR;2,5;cash;;
1476;1496;474;ORDER: CREATED - Bestellung erfasst;E9;Pommes;#ffc000;Essen;3,5;0;NULL;;2026-05-10 12:35:41;Kellner 7;WAHR;3,5;cash;;32
1477;1497;475;ORDER: CREATED - Bestellung erfasst;F2;Almdudler 0,33;#fbc02d;Anti;3;0;NULL;;2026-05-10 12:35:47;Kellner 3;WAHR;3;voucher;;
1478;1498;476;ORDER: CREATED - Bestellung erfasst;G4;Sommer spritzer 0,5;#fff176;Alk;4,5;0;NULL;;2026-05-10 12:35:51;Kellner 10;WAHR;4,5;voucher;;
1479;1499;477;ORDER: CREATED - Bestellung erfasst;F5;Sommer spritzer 0,5;#fff176;Alk;4,5;0;NULL;;2026-05-10 12:36:18;Kellner 5;WAHR;4,5;free;;
1480;1503;477;ORDER: CREATED - Bestellung erfasst;F5;Kaffee;#bf360c;Anti;3;0;NULL;;2026-05-10 12:36:18;Kellner 5;WAHR;3;free;;
1481;1502;477;ORDER: CREATED - Bestellung erfasst;F5;Bier 0,5;#fbc02d;Alk;4,5;0;NULL;;2026-05-10 12:36:18;Kellner 5;WAHR;4,5;free;;
1482;1500;477;ORDER: CREATED - Bestellung erfasst;F5;Cola 0,33;#004d40;Anti;3;0;NULL;;2026-05-10 12:36:18;Kellner 5;WAHR;3;free;;
1483;1501;477;ORDER: CREATED - Bestellung erfasst;F5;Bier 0,5;#fbc02d;Alk;4,5;0;NULL;;2026-05-10 12:36:18;Kellner 5;WAHR;4,5;free;;
1484;1504;478;ORDER: CREATED - Bestellung erfasst;E3;Bier 0,5;#fbc02d;Alk;4,5;0;NULL;;2026-05-10 12:36:20;Kellner 3;WAHR;4,5;voucher;;
1485;1505;479;ORDER: CREATED - Bestellung erfasst;C7;Hendl mit Pommes;#0070c0;Essen;12,5;0;NULL;;2026-05-10 12:36:52;Kellner 2;WAHR;12,5;cash;;13
1486;1510;480;ORDER: CREATED - Bestellung erfasst;U8;Schnitzel mit Pommes;#827717;Essen;11,5;0;NULL;;2026-05-10 12:37:24;Kellner 8;WAHR;11,5;cash;;29
1487;1509;480;ORDER: CREATED - Bestellung erfasst;U8;Hendl mit Pommes;#0070c0;Essen;12,5;0;NULL;;2026-05-10 12:37:24;Kellner 8;WAHR;12,5;cash;;23
1488;1506;480;ORDER: CREATED - Bestellung erfasst;U8;Sommer spritzer 0,5;#fff176;Alk;4,5;0;NULL;;2026-05-10 12:37:24;Kellner 8;WAHR;4,5;cash;;
1489;1508;480;ORDER: CREATED - Bestellung erfasst;U8;Sommer spritzer 0,5;#fff176;Alk;4,5;0;NULL;;2026-05-10 12:37:24;Kellner 8;WAHR;4,5;cash;;
1490;1507;480;ORDER: CREATED - Bestellung erfasst;U8;Sommer spritzer 0,5;#fff176;Alk;4,5;0;NULL;;2026-05-10 12:37:24;Kellner 8;WAHR;4,5;cash;;
1491;1511;481;ORDER: CREATED - Bestellung erfasst;C10;Mineral 0,33;#b3e5fc;Anti;2,5;0;NULL;;2026-05-10 12:37:29;Kellner 1;WAHR;2,5;cash;;
1492;1513;482;ORDER: CREATED - Bestellung erfasst;H10;Freibier 0.5;#ffeb3b;Alk;4,5;0;NULL;;2026-05-10 12:37:31;Kellner 4;WAHR;4,5;cash;;
1493;1514;482;ORDER: CREATED - Bestellung erfasst;H10;Mineral 0,33;#b3e5fc;Anti;2,5;0;NULL;;2026-05-10 12:37:31;Kellner 4;WAHR;2,5;cash;;
1494;1512;482;ORDER: CREATED - Bestellung erfasst;H10;Bier 0,5;#fbc02d;Alk;4,5;0;NULL;;2026-05-10 12:37:31;Kellner 4;WAHR;4,5;cash;;
1495;1515;483;ORDER: CREATED - Bestellung erfasst;G3;Bier 0,5;#fbc02d;Alk;4,5;0;NULL;;2026-05-10 12:37:52;Kellner 5;WAHR;4,5;voucher;;
1496;1517;484;ORDER: CREATED - Bestellung erfasst;U9;Bier 0,5;#fbc02d;Alk;4,5;0;NULL;;2026-05-10 12:37:52;Kellner 7;WAHR;4,5;cash;;
1497;1516;484;ORDER: CREATED - Bestellung erfasst;U9;Bier 0,5;#fbc02d;Alk;4,5;0;NULL;;2026-05-10 12:37:52;Kellner 7;WAHR;4,5;cash;;
1498;1518;485;ORDER: CREATED - Bestellung erfasst;U9;Bier 0,5;#fbc02d;Alk;4,5;0;NULL;;2026-05-10 12:38:07;Kellner 7;WAHR;4,5;cash;;
1499;1520;486;ORDER: CREATED - Bestellung erfasst;G8;Bier 0,5;#fbc02d;Alk;4,5;0;NULL;;2026-05-10 12:38:35;Kellner 6;WAHR;4,5;cash;;
1500;1519;486;ORDER: CREATED - Bestellung erfasst;G8;Bier 0,5;#fbc02d;Alk;4,5;0;NULL;;2026-05-10 12:38:35;Kellner 6;WAHR;4,5;cash;;
1501;1521;487;ORDER: CREATED - Bestellung erfasst;E5;Bier 0,5;#fbc02d;Alk;4,5;0;NULL;;2026-05-10 12:38:39;Kellner 10;WAHR;4,5;cash;;
1502;1524;488;ORDER: CREATED - Bestellung erfasst;U10;Sommer spritzer 0,5;#fff176;Alk;4,5;0;NULL;;2026-05-10 12:39:15;Kellner 7;WAHR;4,5;cash;;
1503;1523;488;ORDER: CREATED - Bestellung erfasst;U10;Bier 0,5;#fbc02d;Alk;4,5;0;NULL;;2026-05-10 12:39:15;Kellner 7;WAHR;4,5;cash;;
1504;1522;488;ORDER: CREATED - Bestellung erfasst;U10;Bier 0,5;#fbc02d;Alk;4,5;0;NULL;;2026-05-10 12:39:15;Kellner 7;WAHR;4,5;cash;;
1505;1525;489;ORDER: CREATED - Bestellung erfasst;F10;Kaffee;#bf360c;Anti;3;0;NULL;;2026-05-10 12:40:18;Kellner 8;WAHR;3;cash;;
1506;1526;490;ORDER: CREATED - Bestellung erfasst;G4;Bier 0,5;#fbc02d;Alk;4,5;0;NULL;;2026-05-10 12:41:04;Kellner 6;WAHR;4,5;voucher;;
1507;1527;491;ORDER: CREATED - Bestellung erfasst;F10;Radler 0,5;#afb42b;Alk;4,5;0;NULL;;2026-05-10 12:41:42;Kellner 8;WAHR;4,5;cash;;
1508;1529;492;ORDER: CREATED - Bestellung erfasst;F6;Mineral 0,33;#b3e5fc;Anti;2,5;0;NULL;;2026-05-10 12:42:14;Kellner 2;WAHR;2,5;cash;;
1509;1528;492;ORDER: CREATED - Bestellung erfasst;F6;Gemüselaibchen mit Salat;#ffeb3b;Essen;9;0;NULL;;2026-05-10 12:42:14;Kellner 2;WAHR;9;cash;;6
1510;1530;493;ORDER: CREATED - Bestellung erfasst;G9;Bier 0,5;#fbc02d;Alk;4,5;0;NULL;;2026-05-10 12:42:47;Kellner 8;WAHR;4,5;cash;;
1511;1532;494;ORDER: CREATED - Bestellung erfasst;D7;Almdudler 0,33;#fbc02d;Anti;3;0;NULL;;2026-05-10 12:42:57;Kellner 2;WAHR;3;cash;;
1512;1531;494;ORDER: CREATED - Bestellung erfasst;D7;Limo Orange 0,33;#ffc107;Anti;3;0;NULL;;2026-05-10 12:42:57;Kellner 2;WAHR;3;cash;;
1513;1534;495;ORDER: CREATED - Bestellung erfasst;H4;Sommer spritzer 0,5;#fff176;Alk;4,5;0;NULL;;2026-05-10 12:43:06;Kellner 6;WAHR;4,5;voucher;;
1514;1533;495;ORDER: CREATED - Bestellung erfasst;H4;Radler 0,5;#afb42b;Alk;4,5;0;NULL;;2026-05-10 12:43:06;Kellner 6;WAHR;4,5;voucher;;
1515;1537;496;ORDER: CREATED - Bestellung erfasst;B8;Hendl mit Pommes;#0070c0;Essen;12,5;0;NULL;;2026-05-10 12:43:17;Kellner 10;WAHR;12,5;cash;;11
1516;1535;496;ORDER: CREATED - Bestellung erfasst;B8;Hendl mit Pommes;#0070c0;Essen;12,5;0;NULL;;2026-05-10 12:43:17;Kellner 10;WAHR;12,5;cash;;6
1517;1536;496;ORDER: CREATED - Bestellung erfasst;B8;Hendl mit Pommes;#0070c0;Essen;12,5;0;NULL;;2026-05-10 12:43:17;Kellner 10;WAHR;12,5;cash;;11
1518;1539;497;ORDER: CREATED - Bestellung erfasst;I5;Cola 0,33;#004d40;Anti;3;0;NULL;;2026-05-10 12:43:31;Kellner 5;WAHR;3;free;;
1519;1542;497;ORDER: CREATED - Bestellung erfasst;I5;Schnitzel mit Pommes;#827717;Essen;11,5;0;NULL;;2026-05-10 12:43:31;Kellner 5;WAHR;11,5;free;;38
1520;1541;497;ORDER: CREATED - Bestellung erfasst;I5;Schnitzel mit Pommes;#827717;Essen;11,5;0;NULL;;2026-05-10 12:43:31;Kellner 5;WAHR;11,5;free;;19
1521;1540;497;ORDER: CREATED - Bestellung erfasst;I5;Cola 0,33;#004d40;Anti;3;0;NULL;;2026-05-10 12:43:31;Kellner 5;WAHR;3;free;;
1522;1538;497;ORDER: CREATED - Bestellung erfasst;I5;Cola 0,33;#004d40;Anti;3;0;NULL;;2026-05-10 12:43:31;Kellner 5;WAHR;3;free;;
1523;1543;498;ORDER: CREATED - Bestellung erfasst;B10;Bier 0,5;#fbc02d;Alk;4,5;0;NULL;;2026-05-10 12:43:48;Kellner 3;WAHR;4,5;cash;;
1524;1544;499;ORDER: CREATED - Bestellung erfasst;B9;Bier 0,5;#fbc02d;Alk;4,5;0;NULL;;2026-05-10 12:43:53;Kellner 8;WAHR;4,5;cash;;
1525;1545;500;ORDER: CREATED - Bestellung erfasst;G1;Bier 0,5;#fbc02d;Alk;4,5;0;NULL;;2026-05-10 12:44:24;Kellner 6;WAHR;4,5;cash;;
1526;1546;500;ORDER: CREATED - Bestellung erfasst;G1;Bier 0,5;#fbc02d;Alk;4,5;0;NULL;;2026-05-10 12:44:24;Kellner 6;WAHR;4,5;cash;;
1527;1548;501;ORDER: CREATED - Bestellung erfasst;I5;Hendl mit Pommes;#0070c0;Essen;12,5;0;NULL;;2026-05-10 12:45:06;Kellner 5;WAHR;12,5;free;;29
1528;1549;501;ORDER: CREATED - Bestellung erfasst;I5;Hendl mit Pommes;#0070c0;Essen;12,5;0;NULL;;2026-05-10 12:45:06;Kellner 5;WAHR;12,5;free;;29
1529;1550;501;ORDER: CREATED - Bestellung erfasst;I5;Cola 0,33;#004d40;Anti;3;0;NULL;;2026-05-10 12:45:06;Kellner 5;WAHR;3;free;;
1530;1547;501;ORDER: CREATED - Bestellung erfasst;I5;Cola 0,33;#004d40;Anti;3;0;NULL;;2026-05-10 12:45:06;Kellner 5;WAHR;3;free;;
1531;1552;502;ORDER: CREATED - Bestellung erfasst;B6;Hendl mit Pommes;#0070c0;Essen;12,5;0;NULL;;2026-05-10 12:45:23;Kellner 2;WAHR;12,5;cash;;27
1532;1553;502;ORDER: CREATED - Bestellung erfasst;B6;Bier 0,5;#fbc02d;Alk;4,5;0;NULL;;2026-05-10 12:45:23;Kellner 2;WAHR;4,5;cash;;
1533;1551;502;ORDER: CREATED - Bestellung erfasst;B6;Hendl mit Pommes;#0070c0;Essen;12,5;0;NULL;;2026-05-10 12:45:23;Kellner 2;WAHR;12,5;cash;;12
1534;1554;503;ORDER: CREATED - Bestellung erfasst;I1;Soda zitron 0,5;#4fc3f7;Anti;3;0;NULL;;2026-05-10 12:45:25;Kellner 6;WAHR;3;voucher;;
1535;1555;503;ORDER: CREATED - Bestellung erfasst;I1;Soda zitron 0,5;#4fc3f7;Anti;3;0;NULL;;2026-05-10 12:45:25;Kellner 6;WAHR;3;voucher;;
1536;1557;504;ORDER: CREATED - Bestellung erfasst;D10;Limo Orange 0,33;#ffc107;Anti;3;0;NULL;;2026-05-10 12:45:59;Kellner 8;WAHR;3;cash;;
1537;1558;504;ORDER: CREATED - Bestellung erfasst;D10;Almdudler 0,33;#fbc02d;Anti;3;0;NULL;;2026-05-10 12:45:59;Kellner 8;WAHR;3;cash;;
1538;1559;504;ORDER: CREATED - Bestellung erfasst;D10;Bier 0,5;#fbc02d;Alk;4,5;0;NULL;;2026-05-10 12:45:59;Kellner 8;WAHR;4,5;cash;;
1539;1560;504;ORDER: CREATED - Bestellung erfasst;D10;Hendl mit Pommes;#0070c0;Essen;12,5;0;NULL;;2026-05-10 12:45:59;Kellner 8;WAHR;12,5;cash;;62
1540;1561;504;ORDER: CREATED - Bestellung erfasst;D10;Limo Orange 0,33;#ffc107;Anti;3;0;NULL;;2026-05-10 12:45:59;Kellner 8;WAHR;3;cash;;
1541;1562;504;ORDER: CREATED - Bestellung erfasst;D10;Hendl mit Pommes;#0070c0;Essen;12,5;0;NULL;;2026-05-10 12:45:59;Kellner 8;WAHR;12,5;cash;;62
1542;1563;504;ORDER: CREATED - Bestellung erfasst;D10;Hendl mit Pommes;#0070c0;Essen;12,5;0;NULL;;2026-05-10 12:45:59;Kellner 8;WAHR;12,5;cash;;62
1543;1564;504;ORDER: CREATED - Bestellung erfasst;D10;Hendl mit Pommes;#0070c0;Essen;12,5;0;NULL;;2026-05-10 12:45:59;Kellner 8;WAHR;12,5;cash;;62
1544;1556;504;ORDER: CREATED - Bestellung erfasst;D10;Bier 0,5;#fbc02d;Alk;4,5;0;NULL;;2026-05-10 12:45:59;Kellner 8;WAHR;4,5;cash;;
1545;1565;505;ORDER: CREATED - Bestellung erfasst;E10;Mineral 0,33;#b3e5fc;Anti;2,5;0;NULL;;2026-05-10 12:47:03;Kellner 8;WAHR;2,5;cash;;
1546;1566;506;ORDER: CREATED - Bestellung erfasst;E7;Bier 0,5;#fbc02d;Alk;4,5;0;NULL;;2026-05-10 12:47:12;Kellner 3;WAHR;4,5;cash;;
1547;1567;506;ORDER: CREATED - Bestellung erfasst;E7;Bier 0,5;#fbc02d;Alk;4,5;0;NULL;;2026-05-10 12:47:12;Kellner 3;WAHR;4,5;cash;;
1548;1568;507;ORDER: CREATED - Bestellung erfasst;G3;Bier 0,5;#fbc02d;Alk;4,5;0;NULL;;2026-05-10 12:48:23;Kellner 5;WAHR;4,5;voucher;;
1549;1569;508;ORDER: CREATED - Bestellung erfasst;G10;Hendl mit Pommes;#0070c0;Essen;12,5;0;NULL;;2026-05-10 12:48:26;Kellner 8;WAHR;12,5;cash;;24
1550;1570;508;ORDER: CREATED - Bestellung erfasst;G10;Almdudler 0,33;#fbc02d;Anti;3;0;NULL;;2026-05-10 12:48:26;Kellner 8;WAHR;3;cash;;
1551;1571;509;ORDER: CREATED - Bestellung erfasst;C1;Bier 0,5;#fbc02d;Alk;4,5;0;NULL;;2026-05-10 12:48:41;Kellner 3;WAHR;4,5;cash;;
1552;1572;510;ORDER: CREATED - Bestellung erfasst;H3;Bier 0,5;#fbc02d;Alk;4,5;0;NULL;;2026-05-10 12:49:02;Kellner 5;WAHR;4,5;voucher;;
1553;1573;510;ORDER: CREATED - Bestellung erfasst;H3;Bier 0,5;#fbc02d;Alk;4,5;0;NULL;;2026-05-10 12:49:02;Kellner 5;WAHR;4,5;cash;;
1554;1574;511;ORDER: CREATED - Bestellung erfasst;G10;Radler 0,5;#afb42b;Alk;4,5;0;NULL;;2026-05-10 12:49:34;Kellner 8;WAHR;4,5;cash;;
1555;1578;512;ORDER: CREATED - Bestellung erfasst;B7;Backhendl Salat;#4fc3f7;Essen;9;0;NULL;;2026-05-10 12:49:40;Kellner 2;WAHR;9;cash;;38
1556;1576;512;ORDER: CREATED - Bestellung erfasst;B7;Sommer spritzer 0,5;#fff176;Alk;4,5;0;NULL;;2026-05-10 12:49:40;Kellner 2;WAHR;4,5;cash;;
1557;1577;512;ORDER: CREATED - Bestellung erfasst;B7;Sommer spritzer 0,5;#fff176;Alk;4,5;0;NULL;;2026-05-10 12:49:40;Kellner 2;WAHR;4,5;cash;;
1558;1575;512;ORDER: CREATED - Bestellung erfasst;B7;Sommer spritzer 0,5;#fff176;Alk;4,5;0;NULL;;2026-05-10 12:49:40;Kellner 2;WAHR;4,5;cash;;
1559;1579;512;ORDER: CREATED - Bestellung erfasst;B7;Backhendl Salat;#4fc3f7;Essen;9;0;NULL;;2026-05-10 12:49:40;Kellner 2;WAHR;9;cash;;42
1560;1581;513;ORDER: CREATED - Bestellung erfasst;D4;Sommer spritzer 0,5;#fff176;Alk;4,5;0;NULL;;2026-05-10 12:49:42;Kellner 6;WAHR;4,5;voucher;;
1561;1580;513;ORDER: CREATED - Bestellung erfasst;D4;Sommer spritzer 0,5;#fff176;Alk;4,5;0;NULL;;2026-05-10 12:49:42;Kellner 6;WAHR;4,5;voucher;;
1562;1582;514;ORDER: CREATED - Bestellung erfasst;I5;Schnitzel mit Pommes;#827717;Essen;11,5;0;NULL;;2026-05-10 12:50:19;Kellner 5;WAHR;11,5;free;;18
1563;1585;515;ORDER: CREATED - Bestellung erfasst;E10;Sommer spritzer 0,5;#fff176;Alk;4,5;0;NULL;;2026-05-10 12:51:39;Kellner 8;WAHR;4,5;cash;;
1564;1583;515;ORDER: CREATED - Bestellung erfasst;E10;Sommer spritzer 0,5;#fff176;Alk;4,5;0;NULL;;2026-05-10 12:51:39;Kellner 8;WAHR;4,5;cash;;
1565;1584;515;ORDER: CREATED - Bestellung erfasst;E10;Sommer spritzer 0,5;#fff176;Alk;4,5;0;NULL;;2026-05-10 12:51:39;Kellner 8;WAHR;4,5;cash;;
1566;1586;516;ORDER: CREATED - Bestellung erfasst;U5;Bier 0,5;#fbc02d;Alk;4,5;0;NULL;;2026-05-10 12:51:40;Kellner 7;WAHR;4,5;cash;;
1567;1587;517;ORDER: CREATED - Bestellung erfasst;F5;Bier 0,5;#fbc02d;Alk;4,5;0;NULL;;2026-05-10 12:52:00;Kellner 10;WAHR;4,5;free;;
1568;1589;518;ORDER: CREATED - Bestellung erfasst;F8;Cola 0,33;#004d40;Anti;3;0;NULL;;2026-05-10 12:52:52;Kellner 1;WAHR;3;free;;
1569;1588;518;ORDER: CREATED - Bestellung erfasst;F8;Mineral 0,33;#b3e5fc;Anti;2,5;0;NULL;;2026-05-10 12:52:52;Kellner 1;WAHR;2,5;voucher;;
1570;1591;519;ORDER: CREATED - Bestellung erfasst;B6;Sommer spritzer 0,5;#fff176;Alk;4,5;0;NULL;;2026-05-10 12:55:56;Kellner 6;WAHR;4,5;cash;;
1571;1590;519;ORDER: CREATED - Bestellung erfasst;B6;Sommer spritzer 0,5;#fff176;Alk;4,5;0;NULL;;2026-05-10 12:55:56;Kellner 6;WAHR;4,5;cash;;
1572;1594;520;ORDER: CREATED - Bestellung erfasst;F2;Radler 0,5;#afb42b;Alk;4,5;0;NULL;;2026-05-10 12:56:34;Kellner 3;WAHR;4,5;cash;;
1573;1592;520;ORDER: CREATED - Bestellung erfasst;F2;Gemüselaibchen mit Salat;#ffeb3b;Essen;9;0;NULL;;2026-05-10 12:56:34;Kellner 3;WAHR;9;cash;;15
1574;1593;520;ORDER: CREATED - Bestellung erfasst;F2;Schnitzel mit Pommes;#827717;Essen;11,5;0;NULL;;2026-05-10 12:56:34;Kellner 3;WAHR;11,5;cash;;28
1575;1595;521;ORDER: CREATED - Bestellung erfasst;B10;Sommer spritzer 0,5;#fff176;Alk;4,5;0;NULL;;2026-05-10 12:56:42;Kellner 2;WAHR;4,5;voucher;;
1576;1596;522;ORDER: CREATED - Bestellung erfasst;B4;Bier 0,5;#fbc02d;Alk;4,5;0;NULL;;2026-05-10 12:57:04;Kellner 6;WAHR;4,5;cash;;
1577;1597;523;ORDER: CREATED - Bestellung erfasst;D3;Sommer spritzer 0,5;#fff176;Alk;4,5;0;NULL;;2026-05-10 12:57:14;Kellner 10;WAHR;4,5;voucher;;
1578;1599;524;ORDER: CREATED - Bestellung erfasst;F1;Bier 0,5;#fbc02d;Alk;4,5;0;NULL;;2026-05-10 12:57:31;Kellner 3;WAHR;4,5;cash;;
1579;1598;524;ORDER: CREATED - Bestellung erfasst;F1;Bier 0,5;#fbc02d;Alk;4,5;0;NULL;;2026-05-10 12:57:31;Kellner 3;WAHR;4,5;cash;;
1580;1600;525;ORDER: CREATED - Bestellung erfasst;G2;Radler 0,5;#afb42b;Alk;4,5;0;NULL;;2026-05-10 12:58:15;Kellner 3;WAHR;4,5;cash;;
1581;1602;525;ORDER: CREATED - Bestellung erfasst;G2;Mineral 0,33;#b3e5fc;Anti;2,5;0;NULL;;2026-05-10 12:58:15;Kellner 3;WAHR;2,5;cash;;
1582;1601;525;ORDER: CREATED - Bestellung erfasst;G2;Radler 0,5;#afb42b;Alk;4,5;0;NULL;;2026-05-10 12:58:15;Kellner 3;WAHR;4,5;cash;;
1583;1603;526;ORDER: CREATED - Bestellung erfasst;C7;Bier 0,5;#fbc02d;Alk;4,5;0;NULL;;2026-05-10 12:58:21;Kellner 2;WAHR;4,5;cash;;
1584;1604;526;ORDER: CREATED - Bestellung erfasst;C7;Sommer spritzer 0,5;#fff176;Alk;4,5;0;NULL;;2026-05-10 12:58:21;Kellner 2;WAHR;4,5;cash;;
1585;1605;527;ORDER: CREATED - Bestellung erfasst;G3;Bier 0,5;#fbc02d;Alk;4,5;0;NULL;;2026-05-10 12:59:02;Kellner 3;WAHR;4,5;cash;;
1586;1606;527;ORDER: CREATED - Bestellung erfasst;G3;Backhendl Salat;#4fc3f7;Essen;9;0;NULL;;2026-05-10 12:59:02;Kellner 3;WAHR;9;cash;;33
1587;1607;528;ORDER: CREATED - Bestellung erfasst;C4;Soda zitron 0,5;#4fc3f7;Anti;3;0;NULL;;2026-05-10 12:59:15;Kellner 10;WAHR;3;voucher;;
1588;1609;529;ORDER: CREATED - Bestellung erfasst;D1;Bier 0,5;#fbc02d;Alk;4,5;0;NULL;;2026-05-10 13:00:24;Kellner 3;WAHR;4,5;voucher;;
1589;1611;529;ORDER: CREATED - Bestellung erfasst;D1;Bier 0,5;#fbc02d;Alk;4,5;0;NULL;;2026-05-10 13:00:24;Kellner 3;WAHR;4,5;voucher;;
1590;1608;529;ORDER: CREATED - Bestellung erfasst;D1;Sommer spritzer 0,5;#fff176;Alk;4,5;0;NULL;;2026-05-10 13:00:24;Kellner 3;WAHR;4,5;voucher;;
1591;1610;529;ORDER: CREATED - Bestellung erfasst;D1;Bier 0,5;#fbc02d;Alk;4,5;0;NULL;;2026-05-10 13:00:24;Kellner 3;WAHR;4,5;voucher;;
1592;1613;530;ORDER: CREATED - Bestellung erfasst;C4;Soda zitron 0,5;#4fc3f7;Anti;3;0;NULL;;2026-05-10 13:00:52;Kellner 6;WAHR;3;voucher;;
1593;1612;530;ORDER: CREATED - Bestellung erfasst;C4;Soda zitron 0,5;#4fc3f7;Anti;3;0;NULL;;2026-05-10 13:00:52;Kellner 6;WAHR;3;voucher;;
1594;1615;531;ORDER: CREATED - Bestellung erfasst;U6;Bier 0,5;#fbc02d;Alk;4,5;0;NULL;;2026-05-10 13:00:57;Kellner 7;WAHR;4,5;cash;;
1595;1616;531;ORDER: CREATED - Bestellung erfasst;U6;Almdudler 0,33;#fbc02d;Anti;3;0;NULL;;2026-05-10 13:00:57;Kellner 7;WAHR;3;cash;;
1596;1614;531;ORDER: CREATED - Bestellung erfasst;U6;Bier 0,5;#fbc02d;Alk;4,5;0;NULL;;2026-05-10 13:00:57;Kellner 7;WAHR;4,5;cash;;
1597;1617;532;ORDER: CREATED - Bestellung erfasst;C4;Soda zitron 0,5;#4fc3f7;Anti;3;0;NULL;;2026-05-10 13:01:07;Kellner 6;WAHR;3;voucher;;
1598;1618;533;ORDER: CREATED - Bestellung erfasst;U6;Mineral 0,33;#b3e5fc;Anti;2,5;0;NULL;;2026-05-10 13:01:19;Kellner 7;WAHR;2,5;cash;;
1599;1619;534;ORDER: CREATED - Bestellung erfasst;A3;Bier 0,5;#fbc02d;Alk;4,5;0;NULL;;2026-05-10 13:01:21;Kellner 10;WAHR;4,5;cash;;
1600;1620;535;ORDER: CREATED - Bestellung erfasst;E4;Sommer spritzer 0,5;#fff176;Alk;4,5;0;NULL;;2026-05-10 13:02:13;Kellner 6;WAHR;4,5;voucher;;
1601;1623;536;ORDER: CREATED - Bestellung erfasst;G9;Grillwürstel mit Pommes;#8bc34a;Essen;8;0;NULL;;2026-05-10 13:02:27;Kellner 8;WAHR;8;cash;;42
1602;1622;536;ORDER: CREATED - Bestellung erfasst;G9;Grillwürstel mit Pommes;#8bc34a;Essen;8;0;NULL;;2026-05-10 13:02:27;Kellner 8;WAHR;8;cash;;42
1603;1621;536;ORDER: CREATED - Bestellung erfasst;G9;Bier 0,5;#fbc02d;Alk;4,5;0;NULL;;2026-05-10 13:02:27;Kellner 8;WAHR;4,5;cash;;
1604;1624;537;ORDER: CREATED - Bestellung erfasst;E6;Bier 0,5;#fbc02d;Alk;4,5;0;NULL;;2026-05-10 13:02:42;Kellner 2;WAHR;4,5;free;;
1605;1626;538;ORDER: CREATED - Bestellung erfasst;U12;Soda zitron 0,5;#4fc3f7;Anti;3;0;NULL;;2026-05-10 13:02:58;Kellner 7;WAHR;3;cash;;
1606;1625;538;ORDER: CREATED - Bestellung erfasst;U12;Bier 0,5;#fbc02d;Alk;4,5;0;NULL;;2026-05-10 13:02:58;Kellner 7;WAHR;4,5;cash;;
1607;1627;539;ORDER: CREATED - Bestellung erfasst;B10;Bier 0,5;#fbc02d;Alk;4,5;0;NULL;;2026-05-10 13:03:16;Kellner 10;WAHR;4,5;cash;;
1608;1628;540;ORDER: CREATED - Bestellung erfasst;H3;Radler 0,5;#afb42b;Alk;4,5;0;NULL;;2026-05-10 13:03:27;Kellner 4;WAHR;4,5;voucher;;
1609;1630;541;ORDER: CREATED - Bestellung erfasst;V2;Cola 0,33;#004d40;Anti;3;0;NULL;;2026-05-10 13:04:04;Kellner 7;WAHR;3;cash;;
1610;1629;541;ORDER: CREATED - Bestellung erfasst;V2;Bier 0,5;#fbc02d;Alk;4,5;0;NULL;;2026-05-10 13:04:04;Kellner 7;WAHR;4,5;cash;;
1611;1631;542;ORDER: CREATED - Bestellung erfasst;G1;Soda zitron 0,5;#4fc3f7;Anti;3;0;NULL;;2026-05-10 13:04:10;Kellner 6;WAHR;3;cash;;
1612;1632;542;ORDER: CREATED - Bestellung erfasst;G1;Soda zitron 0,5;#4fc3f7;Anti;3;0;NULL;;2026-05-10 13:04:10;Kellner 6;WAHR;3;cash;;
1613;1633;543;ORDER: CREATED - Bestellung erfasst;B10;Limo Orange 0,33;#ffc107;Anti;3;0;NULL;;2026-05-10 13:04:16;Kellner 1;WAHR;3;voucher;;
1614;1634;544;ORDER: CREATED - Bestellung erfasst;F1;Radler 0,5;#afb42b;Alk;4,5;0;NULL;;2026-05-10 13:05:00;Kellner 6;WAHR;4,5;free;;
1615;1635;545;ORDER: CREATED - Bestellung erfasst;C2;Bier 0,5;#fbc02d;Alk;4,5;0;NULL;;2026-05-10 13:05:46;Kellner 4;WAHR;4,5;cash;;
1616;1636;545;ORDER: CREATED - Bestellung erfasst;C2;Bier 0,5;#fbc02d;Alk;4,5;0;NULL;;2026-05-10 13:05:46;Kellner 4;WAHR;4,5;cash;;
1617;1639;546;ORDER: CREATED - Bestellung erfasst;E3;Bier 0,5;#fbc02d;Alk;4,5;0;NULL;;2026-05-10 13:06:35;Kellner 3;WAHR;4,5;voucher;;
1618;1640;546;ORDER: CREATED - Bestellung erfasst;E3;Bier 0,5;#fbc02d;Alk;4,5;0;NULL;;2026-05-10 13:06:35;Kellner 3;WAHR;4,5;voucher;;
1619;1638;546;ORDER: CREATED - Bestellung erfasst;E3;Bier 0,5;#fbc02d;Alk;4,5;0;NULL;;2026-05-10 13:06:35;Kellner 3;WAHR;4,5;voucher;;
1620;1637;546;ORDER: CREATED - Bestellung erfasst;E3;Bier 0,5;#fbc02d;Alk;4,5;0;NULL;;2026-05-10 13:06:35;Kellner 3;WAHR;4,5;voucher;;
1621;1641;547;ORDER: CREATED - Bestellung erfasst;G4;Bier 0,5;#fbc02d;Alk;4,5;0;NULL;;2026-05-10 13:06:37;Kellner 7;WAHR;4,5;voucher;;
1622;1642;547;ORDER: CREATED - Bestellung erfasst;G4;Sommer spritzer 0,5;#fff176;Alk;4,5;0;NULL;;2026-05-10 13:06:37;Kellner 7;WAHR;4,5;voucher;;
1623;1643;547;ORDER: CREATED - Bestellung erfasst;G4;Bier 0,5;#fbc02d;Alk;4,5;0;NULL;;2026-05-10 13:06:37;Kellner 7;WAHR;4,5;voucher;;
1624;1645;548;ORDER: CREATED - Bestellung erfasst;C2;Mineral 0,33;#b3e5fc;Anti;2,5;0;NULL;;2026-05-10 13:06:46;Kellner 4;WAHR;2,5;cash;;
1625;1644;548;ORDER: CREATED - Bestellung erfasst;C2;Sommer spritzer 0,5;#fff176;Alk;4,5;0;NULL;;2026-05-10 13:06:46;Kellner 4;WAHR;4,5;cash;;
1626;1646;549;ORDER: CREATED - Bestellung erfasst;I1;Soda zitron 0,5;#4fc3f7;Anti;3;0;NULL;;2026-05-10 13:07:30;Kellner 5;WAHR;3;cash;;
1627;1647;550;ORDER: CREATED - Bestellung erfasst;D8;Sommer spritzer 0,5;#fff176;Alk;4,5;0;NULL;;2026-05-10 13:09:18;Kellner 3;WAHR;4,5;cash;;
1628;1649;551;ORDER: CREATED - Bestellung erfasst;A1;Backhendl Salat;#4fc3f7;Essen;9;0;NULL;;2026-05-10 13:09:35;Abholstation;WAHR;9;cash;;31
1629;1650;551;ORDER: CREATED - Bestellung erfasst;A1;Schnitzel mit Pommes;#827717;Essen;11,5;0;NULL;;2026-05-10 13:09:35;Abholstation;WAHR;11,5;cash;;25
1630;1648;551;ORDER: CREATED - Bestellung erfasst;A1;Hendl mit Pommes;#0070c0;Essen;12,5;0;NULL;;2026-05-10 13:09:35;Abholstation;WAHR;12,5;cash;;16
1631;1651;552;ORDER: CREATED - Bestellung erfasst;B8;Hendl mit Pommes;#0070c0;Essen;12,5;0;NULL;;2026-05-10 13:10:21;Kellner 1;WAHR;12,5;cash;;31
1632;1652;552;ORDER: CREATED - Bestellung erfasst;B8;Sommer spritzer 0,5;#fff176;Alk;4,5;0;NULL;;2026-05-10 13:10:21;Kellner 1;WAHR;4,5;cash;;
1633;1653;553;ORDER: CREATED - Bestellung erfasst;U5;Bier 0,5;#fbc02d;Alk;4,5;0;NULL;;2026-05-10 13:10:29;Kellner 8;WAHR;4,5;cash;;
1634;1655;554;ORDER: CREATED - Bestellung erfasst;D3;Soda zitron 0,5;#4fc3f7;Anti;3;0;NULL;;2026-05-10 13:11:22;Kellner 3;WAHR;3;voucher;;
1635;1654;554;ORDER: CREATED - Bestellung erfasst;D3;Soda zitron 0,5;#4fc3f7;Anti;3;0;NULL;;2026-05-10 13:11:22;Kellner 3;WAHR;3;voucher;;
1636;1656;555;ORDER: CREATED - Bestellung erfasst;F6;Bier 0,5;#fbc02d;Alk;4,5;0;NULL;;2026-05-10 13:11:49;Kellner 1;WAHR;4,5;free;;
1637;1657;556;ORDER: CREATED - Bestellung erfasst;D4;Sommer spritzer 0,5;#fff176;Alk;4,5;0;NULL;;2026-05-10 13:12:05;Kellner 3;WAHR;4,5;voucher;;
1638;1658;556;ORDER: CREATED - Bestellung erfasst;D4;Soda zitron 0,5;#4fc3f7;Anti;3;0;NULL;;2026-05-10 13:12:05;Kellner 3;WAHR;3;voucher;;
1639;1659;557;ORDER: CREATED - Bestellung erfasst;F2;Freibier 0.5;#ffeb3b;Alk;4,5;0;NULL;;2026-05-10 13:12:50;Kellner 5;WAHR;4,5;voucher;;
1640;1660;558;ORDER: CREATED - Bestellung erfasst;D6;Radler 0,5;#afb42b;Alk;4,5;0;NULL;;2026-05-10 13:12:50;Kellner 7;WAHR;4,5;cash;;
1641;1661;559;ORDER: CREATED - Bestellung erfasst;F2;Radler 0,5;#afb42b;Alk;4,5;0;NULL;;2026-05-10 13:13:14;Kellner 5;WAHR;4,5;voucher;;
1642;1663;560;ORDER: CREATED - Bestellung erfasst;F5;Bier 0,5;#fbc02d;Alk;4,5;0;NULL;;2026-05-10 13:14:42;Kellner 6;WAHR;4,5;free;;
1643;1664;560;ORDER: CREATED - Bestellung erfasst;F5;Sommer spritzer 0,5;#fff176;Alk;4,5;0;NULL;;2026-05-10 13:14:42;Kellner 6;WAHR;4,5;free;;
1644;1662;560;ORDER: CREATED - Bestellung erfasst;F5;Bier 0,5;#fbc02d;Alk;4,5;0;NULL;;2026-05-10 13:14:42;Kellner 6;WAHR;4,5;free;;
1645;1665;561;ORDER: CREATED - Bestellung erfasst;F9;Mineral 0,33;#b3e5fc;Anti;2,5;0;NULL;;2026-05-10 13:15:31;Kellner 8;WAHR;2,5;cash;;
1646;1667;562;ORDER: CREATED - Bestellung erfasst;C10;Schnitzelsemmerl;#f57f17;Essen;4,5;0;NULL;;2026-05-10 13:16:08;Kellner 1;WAHR;4,5;cash;;29
1647;1666;562;ORDER: CREATED - Bestellung erfasst;C10;Soda zitron 0,5;#4fc3f7;Anti;3;0;NULL;;2026-05-10 13:16:08;Kellner 1;WAHR;3;cash;;
1648;1668;562;ORDER: CREATED - Bestellung erfasst;C10;Pommes;#ffc000;Essen;3,5;0;NULL;;2026-05-10 13:16:08;Kellner 1;WAHR;3,5;cash;;23
1649;1672;563;ORDER: CREATED - Bestellung erfasst;C9;Sommer spritzer 0,5;#fff176;Alk;4,5;0;NULL;;2026-05-10 13:17:26;Kellner 8;WAHR;4,5;cash;;
1650;1670;563;ORDER: CREATED - Bestellung erfasst;C9;Bier 0,5;#fbc02d;Alk;4,5;0;NULL;;2026-05-10 13:17:26;Kellner 8;WAHR;4,5;cash;;
1651;1669;563;ORDER: CREATED - Bestellung erfasst;C9;Radler 0,5;#afb42b;Alk;4,5;0;NULL;;2026-05-10 13:17:26;Kellner 8;WAHR;4,5;cash;;
1652;1671;563;ORDER: CREATED - Bestellung erfasst;C9;Radler 0,5;#afb42b;Alk;4,5;0;NULL;;2026-05-10 13:17:26;Kellner 8;WAHR;4,5;cash;;
1653;1676;564;ORDER: CREATED - Bestellung erfasst;A1;Hendl mit Pommes;#0070c0;Essen;12,5;0;NULL;;2026-05-10 13:18:14;Abholstation;WAHR;12,5;cash;;21
1654;1686;564;ORDER: CREATED - Bestellung erfasst;A1;Hendl mit Pommes;#0070c0;Essen;12,5;0;NULL;;2026-05-10 13:18:14;Abholstation;WAHR;12,5;cash;;21
1655;1685;564;ORDER: CREATED - Bestellung erfasst;A1;Hendl mit Pommes;#0070c0;Essen;12,5;0;NULL;;2026-05-10 13:18:14;Abholstation;WAHR;12,5;cash;;21
1656;1684;564;ORDER: CREATED - Bestellung erfasst;A1;Hendl mit Pommes;#0070c0;Essen;12,5;0;NULL;;2026-05-10 13:18:14;Abholstation;WAHR;12,5;cash;;21
1657;1683;564;ORDER: CREATED - Bestellung erfasst;A1;Hendl mit Pommes;#0070c0;Essen;12,5;0;NULL;;2026-05-10 13:18:14;Abholstation;WAHR;12,5;cash;;21
1658;1682;564;ORDER: CREATED - Bestellung erfasst;A1;Hendl mit Pommes;#0070c0;Essen;12,5;0;NULL;;2026-05-10 13:18:14;Abholstation;WAHR;12,5;cash;;21
1659;1681;564;ORDER: CREATED - Bestellung erfasst;A1;Hendl mit Pommes;#0070c0;Essen;12,5;0;NULL;;2026-05-10 13:18:14;Abholstation;WAHR;12,5;cash;;21
1660;1680;564;ORDER: CREATED - Bestellung erfasst;A1;Hendl mit Pommes;#0070c0;Essen;12,5;0;NULL;;2026-05-10 13:18:14;Abholstation;WAHR;12,5;cash;;21
1661;1679;564;ORDER: CREATED - Bestellung erfasst;A1;Hendl mit Pommes;#0070c0;Essen;12,5;0;NULL;;2026-05-10 13:18:14;Abholstation;WAHR;12,5;cash;;21
1662;1678;564;ORDER: CREATED - Bestellung erfasst;A1;Hendl mit Pommes;#0070c0;Essen;12,5;0;NULL;;2026-05-10 13:18:14;Abholstation;WAHR;12,5;cash;;21
1663;1677;564;ORDER: CREATED - Bestellung erfasst;A1;Hendl mit Pommes;#0070c0;Essen;12,5;0;NULL;;2026-05-10 13:18:14;Abholstation;WAHR;12,5;cash;;21
1664;1675;564;ORDER: CREATED - Bestellung erfasst;A1;Hendl mit Pommes;#0070c0;Essen;12,5;0;NULL;;2026-05-10 13:18:14;Abholstation;WAHR;12,5;cash;;21
1665;1674;564;ORDER: CREATED - Bestellung erfasst;A1;Hendl mit Pommes;#0070c0;Essen;12,5;0;NULL;;2026-05-10 13:18:14;Abholstation;WAHR;12,5;cash;;21
1666;1673;564;ORDER: CREATED - Bestellung erfasst;A1;Hendl mit Pommes;#0070c0;Essen;12,5;0;NULL;;2026-05-10 13:18:14;Abholstation;WAHR;12,5;cash;;21
1667;1688;565;ORDER: CREATED - Bestellung erfasst;E7;Bier 0,5;#fbc02d;Alk;4,5;0;NULL;;2026-05-10 13:19:08;Kellner 7;WAHR;4,5;cash;;
1668;1687;565;ORDER: CREATED - Bestellung erfasst;E7;Bier 0,5;#fbc02d;Alk;4,5;0;NULL;;2026-05-10 13:19:08;Kellner 7;WAHR;4,5;cash;;
1669;1691;565;ORDER: CREATED - Bestellung erfasst;E7;Sommer spritzer 0,5;#fff176;Alk;4,5;0;NULL;;2026-05-10 13:19:08;Kellner 7;WAHR;4,5;cash;;
1670;1690;565;ORDER: CREATED - Bestellung erfasst;E7;Mineral 0,33;#b3e5fc;Anti;2,5;0;NULL;;2026-05-10 13:19:08;Kellner 7;WAHR;2,5;cash;;
1671;1689;565;ORDER: CREATED - Bestellung erfasst;E7;Bier 0,5;#fbc02d;Alk;4,5;0;NULL;;2026-05-10 13:19:08;Kellner 7;WAHR;4,5;cash;;
1672;1692;566;ORDER: CREATED - Bestellung erfasst;E5;Soda zitron 0,5;#4fc3f7;Anti;3;0;NULL;;2026-05-10 13:20:02;Kellner 1;WAHR;3;cash;;
1673;1693;566;ORDER: CREATED - Bestellung erfasst;E5;Soda zitron 0,5;#4fc3f7;Anti;3;0;NULL;;2026-05-10 13:20:02;Kellner 1;WAHR;3;cash;;
1674;1696;567;ORDER: CREATED - Bestellung erfasst;A3;Bier 0,5;#fbc02d;Alk;4,5;0;NULL;;2026-05-10 13:20:24;Kellner 3;WAHR;4,5;cash;;
1675;1694;567;ORDER: CREATED - Bestellung erfasst;A3;Sommer spritzer 0,5;#fff176;Alk;4,5;0;NULL;;2026-05-10 13:20:24;Kellner 3;WAHR;4,5;voucher;;
1676;1695;567;ORDER: CREATED - Bestellung erfasst;A3;Sommer spritzer 0,5;#fff176;Alk;4,5;0;NULL;;2026-05-10 13:20:24;Kellner 3;WAHR;4,5;cash;;
1677;1697;568;ORDER: CREATED - Bestellung erfasst;A1;Hendl mit Pommes;#0070c0;Essen;12,5;0;NULL;;2026-05-10 13:21:11;Abholstation;WAHR;12,5;cash;;27
1678;1698;569;ORDER: CREATED - Bestellung erfasst;U5;Bier 0,5;#fbc02d;Alk;4,5;0;NULL;;2026-05-10 13:22:10;Kellner 8;WAHR;4,5;cash;;
1679;1699;570;ORDER: CREATED - Bestellung erfasst;H3;Bier 0,5;#fbc02d;Alk;4,5;0;NULL;;2026-05-10 13:22:20;Kellner 5;WAHR;4,5;cash;;
1680;1700;571;ORDER: CREATED - Bestellung erfasst;H4;Sommer spritzer 0,5;#fff176;Alk;4,5;0;NULL;;2026-05-10 13:22:47;Kellner 7;WAHR;4,5;cash;;
1681;1702;572;ORDER: CREATED - Bestellung erfasst;C7;Sommer spritzer 0,5;#fff176;Alk;4,5;0;NULL;;2026-05-10 13:23:24;Kellner 1;WAHR;4,5;cash;;
1682;1701;572;ORDER: CREATED - Bestellung erfasst;C7;Bier 0,5;#fbc02d;Alk;4,5;0;NULL;;2026-05-10 13:23:24;Kellner 1;WAHR;4,5;cash;;
1683;1703;573;ORDER: CREATED - Bestellung erfasst;U12;Soda zitron 0,5;#4fc3f7;Anti;3;0;NULL;;2026-05-10 13:23:29;Kellner 8;WAHR;3;cash;;
1684;1704;574;ORDER: CREATED - Bestellung erfasst;D3;Soda zitron 0,5;#4fc3f7;Anti;3;0;NULL;;2026-05-10 13:24:10;Kellner 7;WAHR;3;cash;;
1685;1705;574;ORDER: CREATED - Bestellung erfasst;D3;Bier 0,5;#fbc02d;Alk;4,5;0;NULL;;2026-05-10 13:24:10;Kellner 7;WAHR;4,5;cash;;
1686;1706;575;ORDER: CREATED - Bestellung erfasst;E9;Radler 0,5;#afb42b;Alk;4,5;0;NULL;;2026-05-10 13:24:28;Kellner 10;WAHR;4,5;cash;;
1687;1707;575;ORDER: CREATED - Bestellung erfasst;E9;Almdudler 0,33;#fbc02d;Anti;3;0;NULL;;2026-05-10 13:24:28;Kellner 10;WAHR;3;cash;;
1688;1708;575;ORDER: CREATED - Bestellung erfasst;E9;Backhendl Salat;#4fc3f7;Essen;9;0;NULL;;2026-05-10 13:24:28;Kellner 10;WAHR;9;cash;;72
1689;1709;575;ORDER: CREATED - Bestellung erfasst;E9;Grillwürstel mit Pommes;#8bc34a;Essen;8;0;NULL;;2026-05-10 13:24:28;Kellner 10;WAHR;8;cash;;72
1690;1710;576;ORDER: CREATED - Bestellung erfasst;U11;Cola 0,33;#004d40;Anti;3;0;NULL;;2026-05-10 13:24:28;Kellner 8;WAHR;3;cash;;
1691;1711;576;ORDER: CREATED - Bestellung erfasst;U11;Schnitzelsemmerl;#f57f17;Essen;4,5;0;NULL;;2026-05-10 13:24:28;Kellner 8;WAHR;4,5;cash;;71
1692;1712;577;ORDER: CREATED - Bestellung erfasst;E3;Cola 0,33;#004d40;Anti;3;0;NULL;;2026-05-10 13:24:41;Kellner 3;WAHR;3;voucher;;
1693;1714;577;ORDER: CREATED - Bestellung erfasst;E3;Cola 0,33;#004d40;Anti;3;0;NULL;;2026-05-10 13:24:41;Kellner 3;WAHR;3;voucher;;
1694;1713;577;ORDER: CREATED - Bestellung erfasst;E3;Cola 0,33;#004d40;Anti;3;0;NULL;;2026-05-10 13:24:41;Kellner 3;WAHR;3;voucher;;
1695;1715;578;ORDER: CREATED - Bestellung erfasst;B10;Bier 0,5;#fbc02d;Alk;4,5;0;NULL;;2026-05-10 13:24:52;Kellner 6;WAHR;4,5;cash;;
1696;1716;579;ORDER: CREATED - Bestellung erfasst;D3;Soda zitron 0,5;#4fc3f7;Anti;3;0;NULL;;2026-05-10 13:24:56;Kellner 7;WAHR;3;cash;;
1697;1717;580;ORDER: CREATED - Bestellung erfasst;D6;Bier 0,5;#fbc02d;Alk;4,5;0;NULL;;2026-05-10 13:25:01;Kellner 2;WAHR;4,5;voucher;;
1698;1718;580;ORDER: CREATED - Bestellung erfasst;D6;Soda zitron 0,5;#4fc3f7;Anti;3;0;NULL;;2026-05-10 13:25:01;Kellner 2;WAHR;3;voucher;;
1699;1719;581;ORDER: CREATED - Bestellung erfasst;E9;Soda zitron 0,5;#4fc3f7;Anti;3;0;NULL;;2026-05-10 13:25:03;Kellner 10;WAHR;3;cash;;
1700;1720;582;ORDER: CREATED - Bestellung erfasst;E3;Soda zitron 0,5;#4fc3f7;Anti;3;0;NULL;;2026-05-10 13:25:37;Kellner 3;WAHR;3;voucher;;
1701;1723;583;ORDER: CREATED - Bestellung erfasst;E5;Kaffee;#bf360c;Anti;3;0;NULL;;2026-05-10 13:26:07;Kellner 3;WAHR;3;cash;;
1702;1721;583;ORDER: CREATED - Bestellung erfasst;E5;Bier 0,5;#fbc02d;Alk;4,5;0;NULL;;2026-05-10 13:26:07;Kellner 3;WAHR;4,5;cash;;
1703;1722;583;ORDER: CREATED - Bestellung erfasst;E5;Soda zitron 0,5;#4fc3f7;Anti;3;0;NULL;;2026-05-10 13:26:07;Kellner 3;WAHR;3;cash;;
1704;1724;584;ORDER: CREATED - Bestellung erfasst;C10;Radler 0,5;#afb42b;Alk;4,5;0;NULL;;2026-05-10 13:26:39;Kellner 1;WAHR;4,5;cash;;
1705;1725;585;ORDER: CREATED - Bestellung erfasst;E9;Sommer spritzer 0,5;#fff176;Alk;4,5;0;NULL;;2026-05-10 13:27:28;Kellner 10;WAHR;4,5;cash;;
1706;1726;586;ORDER: CREATED - Bestellung erfasst;F8;Sommer spritzer 0,5;#fff176;Alk;4,5;0;NULL;;2026-05-10 13:27:41;Kellner 7;WAHR;4,5;cash;;
1707;1728;587;ORDER: CREATED - Bestellung erfasst;E4;Cola 0,33;#004d40;Anti;3;0;NULL;;2026-05-10 13:27:49;Kellner 3;WAHR;3;cash;;
1708;1727;587;ORDER: CREATED - Bestellung erfasst;E4;Cola 0,33;#004d40;Anti;3;0;NULL;;2026-05-10 13:27:49;Kellner 3;WAHR;3;cash;;
1709;1729;587;ORDER: CREATED - Bestellung erfasst;E4;Soda zitron 0,5;#4fc3f7;Anti;3;0;NULL;;2026-05-10 13:27:49;Kellner 3;WAHR;3;cash;;
1710;1733;588;ORDER: CREATED - Bestellung erfasst;D4;Soda zitron 0,5;#4fc3f7;Anti;3;0;NULL;;2026-05-10 13:27:51;Kellner 6;WAHR;3;free;;
1711;1735;588;ORDER: CREATED - Bestellung erfasst;D4;Radler 0,5;#afb42b;Alk;4,5;0;NULL;;2026-05-10 13:27:51;Kellner 6;WAHR;4,5;free;;
1712;1730;588;ORDER: CREATED - Bestellung erfasst;D4;Bier 0,5;#fbc02d;Alk;4,5;0;NULL;;2026-05-10 13:27:51;Kellner 6;WAHR;4,5;free;;
1713;1731;588;ORDER: CREATED - Bestellung erfasst;D4;Bier 0,5;#fbc02d;Alk;4,5;0;NULL;;2026-05-10 13:27:51;Kellner 6;WAHR;4,5;free;;
1714;1732;588;ORDER: CREATED - Bestellung erfasst;D4;Sommer spritzer 0,5;#fff176;Alk;4,5;0;NULL;;2026-05-10 13:27:51;Kellner 6;WAHR;4,5;free;;
1715;1734;588;ORDER: CREATED - Bestellung erfasst;D4;Bier 0,5;#fbc02d;Alk;4,5;0;NULL;;2026-05-10 13:27:51;Kellner 6;WAHR;4,5;free;;
1716;1736;589;ORDER: CREATED - Bestellung erfasst;U9;Bier 0,5;#fbc02d;Alk;4,5;0;NULL;;2026-05-10 13:27:54;Kellner 1;WAHR;4,5;cash;;
1717;1738;589;ORDER: CREATED - Bestellung erfasst;U9;Bier 0,5;#fbc02d;Alk;4,5;0;NULL;;2026-05-10 13:27:54;Kellner 1;WAHR;4,5;cash;;
1718;1737;589;ORDER: CREATED - Bestellung erfasst;U9;Bier 0,5;#fbc02d;Alk;4,5;0;NULL;;2026-05-10 13:27:54;Kellner 1;WAHR;4,5;cash;;
1719;1739;590;ORDER: CREATED - Bestellung erfasst;F9;Kaffee;#bf360c;Anti;3;0;NULL;;2026-05-10 13:28:41;Kellner 7;WAHR;3;cash;;
1720;1740;591;ORDER: CREATED - Bestellung erfasst;E9;Bier 0,5;#fbc02d;Alk;4,5;0;NULL;;2026-05-10 13:28:57;Kellner 10;WAHR;4,5;cash;;
1721;1741;592;ORDER: CREATED - Bestellung erfasst;C4;Sommer spritzer 0,5;#fff176;Alk;4,5;0;NULL;;2026-05-10 13:29:21;Kellner 3;WAHR;4,5;free;;
1722;1742;593;ORDER: CREATED - Bestellung erfasst;B4;Cola 0,33;#004d40;Anti;3;0;NULL;;2026-05-10 13:29:49;Kellner 6;WAHR;3;voucher;;
1723;1743;593;ORDER: CREATED - Bestellung erfasst;B4;Mineral 0,33;#b3e5fc;Anti;2,5;0;NULL;;2026-05-10 13:29:49;Kellner 6;WAHR;2,5;voucher;;
1724;1744;594;ORDER: CREATED - Bestellung erfasst;B7;Sommer spritzer 0,5;#fff176;Alk;4,5;0;NULL;;2026-05-10 13:30:14;Kellner 2;WAHR;4,5;cash;;
1725;1746;594;ORDER: CREATED - Bestellung erfasst;B7;Sommer spritzer 0,5;#fff176;Alk;4,5;0;NULL;;2026-05-10 13:30:14;Kellner 2;WAHR;4,5;cash;;
1726;1745;594;ORDER: CREATED - Bestellung erfasst;B7;Sommer spritzer 0,5;#fff176;Alk;4,5;0;NULL;;2026-05-10 13:30:14;Kellner 2;WAHR;4,5;cash;;
1727;1748;595;ORDER: CREATED - Bestellung erfasst;C1;Sommer spritzer 0,5;#fff176;Alk;4,5;0;NULL;;2026-05-10 13:30:15;Kellner 3;WAHR;4,5;cash;;
1728;1747;595;ORDER: CREATED - Bestellung erfasst;C1;Bier 0,5;#fbc02d;Alk;4,5;0;NULL;;2026-05-10 13:30:15;Kellner 3;WAHR;4,5;cash;;
1729;1749;595;ORDER: CREATED - Bestellung erfasst;C1;Bier 0,5;#fbc02d;Alk;4,5;0;NULL;;2026-05-10 13:30:15;Kellner 3;WAHR;4,5;cash;;
1730;1750;596;ORDER: CREATED - Bestellung erfasst;U7;Bier 0,5;#fbc02d;Alk;4,5;0;NULL;;2026-05-10 13:30:26;Kellner 5;WAHR;4,5;cash;;
1731;1751;597;ORDER: CREATED - Bestellung erfasst;D7;Schnitzel mit Pommes;#827717;Essen;11,5;0;NULL;;2026-05-10 13:30:26;Kellner 10;WAHR;11,5;cash;;32
1732;1752;598;ORDER: CREATED - Bestellung erfasst;B6;Sommer spritzer 0,5;#fff176;Alk;4,5;0;NULL;;2026-05-10 13:30:41;Kellner 1;WAHR;4,5;cash;;
1733;1753;599;ORDER: CREATED - Bestellung erfasst;F9;Schnitzelsemmerl;#f57f17;Essen;4,5;0;NULL;;2026-05-10 13:30:54;Kellner 8;WAHR;4,5;cash;;19
1734;1754;600;ORDER: CREATED - Bestellung erfasst;F2;Cola 0,33;#004d40;Anti;3;0;NULL;;2026-05-10 13:31:20;Kellner 3;WAHR;3;voucher;;
1735;1755;601;ORDER: CREATED - Bestellung erfasst;B10;Soda zitron 0,5;#4fc3f7;Anti;3;0;NULL;;2026-05-10 13:31:22;Kellner 2;WAHR;3;cash;;
1736;1756;602;ORDER: CREATED - Bestellung erfasst;F2;Freibier 0.5;#ffeb3b;Alk;4,5;0;NULL;;2026-05-10 13:31:54;Kellner 3;WAHR;4,5;voucher;;
1737;1757;602;ORDER: CREATED - Bestellung erfasst;F2;Bier 0,5;#fbc02d;Alk;4,5;0;NULL;;2026-05-10 13:31:54;Kellner 3;WAHR;4,5;voucher;;
1738;1758;602;ORDER: CREATED - Bestellung erfasst;F2;Freibier 0.5;#ffeb3b;Alk;4,5;0;NULL;;2026-05-10 13:31:54;Kellner 3;WAHR;4,5;voucher;;
1739;1761;603;ORDER: CREATED - Bestellung erfasst;F3;Soda zitron 0,5;#4fc3f7;Anti;3;0;NULL;;2026-05-10 13:33:38;Kellner 3;WAHR;3;voucher;;
1740;1764;603;ORDER: CREATED - Bestellung erfasst;F3;Gemüselaibchen mit Salat;#ffeb3b;Essen;9;0;NULL;;2026-05-10 13:33:38;Kellner 3;WAHR;9;cash;;92
1741;1763;603;ORDER: CREATED - Bestellung erfasst;F3;Gemüselaibchen mit Salat;#ffeb3b;Essen;9;0;NULL;;2026-05-10 13:33:38;Kellner 3;WAHR;9;cash;;92
1742;1762;603;ORDER: CREATED - Bestellung erfasst;F3;Schnitzel mit Pommes;#827717;Essen;11,5;0;NULL;;2026-05-10 13:33:38;Kellner 3;WAHR;11,5;cash;;599
1743;1759;603;ORDER: CREATED - Bestellung erfasst;F3;Soda zitron 0,5;#4fc3f7;Anti;3;0;NULL;;2026-05-10 13:33:38;Kellner 3;WAHR;3;voucher;;
1744;1760;603;ORDER: CREATED - Bestellung erfasst;F3;Cola 0,33;#004d40;Anti;3;0;NULL;;2026-05-10 13:33:38;Kellner 3;WAHR;3;cash;;
1745;1769;604;ORDER: CREATED - Bestellung erfasst;U7;Soda zitron 0,5;#4fc3f7;Anti;3;0;NULL;;2026-05-10 13:33:56;Kellner 4;WAHR;3;cash;;
1746;1768;604;ORDER: CREATED - Bestellung erfasst;U7;Soda zitron 0,5;#4fc3f7;Anti;3;0;NULL;;2026-05-10 13:33:56;Kellner 4;WAHR;3;cash;;
1747;1767;604;ORDER: CREATED - Bestellung erfasst;U7;Cola 0,33;#004d40;Anti;3;0;NULL;;2026-05-10 13:33:56;Kellner 4;WAHR;3;cash;;
1748;1766;604;ORDER: CREATED - Bestellung erfasst;U7;Bier 0,5;#fbc02d;Alk;4,5;0;NULL;;2026-05-10 13:33:56;Kellner 4;WAHR;4,5;cash;;
1749;1765;604;ORDER: CREATED - Bestellung erfasst;U7;Mineral 0,33;#b3e5fc;Anti;2,5;0;NULL;;2026-05-10 13:33:56;Kellner 4;WAHR;2,5;free;;
1750;1772;604;ORDER: CREATED - Bestellung erfasst;U7;Hendl mit Pommes;#0070c0;Essen;12,5;0;NULL;;2026-05-10 13:33:56;Kellner 4;WAHR;12,5;cash;;141
1751;1771;604;ORDER: CREATED - Bestellung erfasst;U7;Hendl mit Pommes;#0070c0;Essen;12,5;0;NULL;;2026-05-10 13:33:56;Kellner 4;WAHR;12,5;cash;;141
1752;1770;604;ORDER: CREATED - Bestellung erfasst;U7;Hendl mit Pommes;#0070c0;Essen;12,5;0;NULL;;2026-05-10 13:33:56;Kellner 4;WAHR;12,5;free;;141
1753;1775;605;ORDER: CREATED - Bestellung erfasst;F1;Bier 0,5;#fbc02d;Alk;4,5;0;NULL;;2026-05-10 13:34:46;Kellner 3;WAHR;4,5;voucher;;
1754;1773;605;ORDER: CREATED - Bestellung erfasst;F1;Bier 0,5;#fbc02d;Alk;4,5;0;NULL;;2026-05-10 13:34:46;Kellner 3;WAHR;4,5;voucher;;
1755;1774;605;ORDER: CREATED - Bestellung erfasst;F1;Soda zitron 0,5;#4fc3f7;Anti;3;0;NULL;;2026-05-10 13:34:46;Kellner 3;WAHR;3;voucher;;
1756;1776;606;ORDER: CREATED - Bestellung erfasst;C8;Almdudler 0,33;#fbc02d;Anti;3;0;NULL;;2026-05-10 13:36:13;Kellner 10;WAHR;3;free;;
1757;1781;607;ORDER: CREATED - Bestellung erfasst;C3;Soda zitron 0,5;#4fc3f7;Anti;3;0;NULL;;2026-05-10 13:36:38;Kellner 3;WAHR;3;voucher;;
1758;1785;607;ORDER: CREATED - Bestellung erfasst;C3;Bier 0,5;#fbc02d;Alk;4,5;0;NULL;;2026-05-10 13:36:38;Kellner 3;WAHR;4,5;voucher;;
1759;1784;607;ORDER: CREATED - Bestellung erfasst;C3;Sommer spritzer 0,5;#fff176;Alk;4,5;0;NULL;;2026-05-10 13:36:38;Kellner 3;WAHR;4,5;voucher;;
1760;1783;607;ORDER: CREATED - Bestellung erfasst;C3;Sommer spritzer 0,5;#fff176;Alk;4,5;0;NULL;;2026-05-10 13:36:38;Kellner 3;WAHR;4,5;voucher;;
1761;1782;607;ORDER: CREATED - Bestellung erfasst;C3;Soda zitron 0,5;#4fc3f7;Anti;3;0;NULL;;2026-05-10 13:36:38;Kellner 3;WAHR;3;voucher;;
1762;1777;607;ORDER: CREATED - Bestellung erfasst;C3;Bier 0,5;#fbc02d;Alk;4,5;0;NULL;;2026-05-10 13:36:38;Kellner 3;WAHR;4,5;voucher;;
1763;1778;607;ORDER: CREATED - Bestellung erfasst;C3;Sommer spritzer 0,5;#fff176;Alk;4,5;0;NULL;;2026-05-10 13:36:38;Kellner 3;WAHR;4,5;voucher;;
1764;1780;607;ORDER: CREATED - Bestellung erfasst;C3;Sommer spritzer 0,5;#fff176;Alk;4,5;0;NULL;;2026-05-10 13:36:38;Kellner 3;WAHR;4,5;voucher;;
1765;1779;607;ORDER: CREATED - Bestellung erfasst;C3;Sommer spritzer 0,5;#fff176;Alk;4,5;0;NULL;;2026-05-10 13:36:38;Kellner 3;WAHR;4,5;voucher;;
1766;1786;608;ORDER: CREATED - Bestellung erfasst;E8;Bier 0,5;#fbc02d;Alk;4,5;0;NULL;;2026-05-10 13:37:56;Kellner 10;WAHR;4,5;cash;;
1767;1789;608;ORDER: CREATED - Bestellung erfasst;E8;Hendl mit Pommes;#0070c0;Essen;12,5;0;NULL;;2026-05-10 13:37:56;Kellner 10;WAHR;12,5;cash;;79
1768;1787;608;ORDER: CREATED - Bestellung erfasst;E8;Sommer spritzer 0,5;#fff176;Alk;4,5;0;NULL;;2026-05-10 13:37:56;Kellner 10;WAHR;4,5;cash;;
1769;1788;608;ORDER: CREATED - Bestellung erfasst;E8;Hendl mit Pommes;#0070c0;Essen;12,5;0;NULL;;2026-05-10 13:37:56;Kellner 10;WAHR;12,5;cash;;69
1770;1790;609;ORDER: CREATED - Bestellung erfasst;B9;Kaffee;#bf360c;Anti;3;0;NULL;;2026-05-10 13:37:57;Kellner 8;WAHR;3;cash;;
1771;1791;610;ORDER: CREATED - Bestellung erfasst;A3;Soda zitron 0,5;#4fc3f7;Anti;3;0;NULL;;2026-05-10 13:38:49;Kellner 3;WAHR;3;cash;;
1772;1792;611;ORDER: CREATED - Bestellung erfasst;D3;Sommer spritzer 0,5;#fff176;Alk;4,5;0;NULL;;2026-05-10 13:39:22;Kellner 3;WAHR;4,5;voucher;;
1773;1793;612;ORDER: CREATED - Bestellung erfasst;B9;Radler 0,5;#afb42b;Alk;4,5;0;NULL;;2026-05-10 13:39:38;Kellner 9;WAHR;4,5;voucher;;
1774;1794;612;ORDER: CREATED - Bestellung erfasst;B9;Radler 0,5;#afb42b;Alk;4,5;0;NULL;;2026-05-10 13:39:38;Kellner 9;WAHR;4,5;voucher;;
1775;1795;613;ORDER: CREATED - Bestellung erfasst;G4;Almdudler 0,33;#fbc02d;Anti;3;0;NULL;;2026-05-10 13:40:22;Kellner 1;WAHR;3;cash;;
1776;1796;613;ORDER: CREATED - Bestellung erfasst;G4;Almdudler 0,33;#fbc02d;Anti;3;0;NULL;;2026-05-10 13:40:22;Kellner 1;WAHR;3;cash;;
1777;1799;613;ORDER: CREATED - Bestellung erfasst;G4;Gemüselaibchen mit Salat;#ffeb3b;Essen;9;0;NULL;;2026-05-10 13:40:22;Kellner 1;WAHR;9;cash;;46
1778;1797;613;ORDER: CREATED - Bestellung erfasst;G4;Radler 0,5;#afb42b;Alk;4,5;0;NULL;;2026-05-10 13:40:22;Kellner 1;WAHR;4,5;cash;;
1779;1798;613;ORDER: CREATED - Bestellung erfasst;G4;Pommes;#ffc000;Essen;3,5;0;NULL;;2026-05-10 13:40:22;Kellner 1;WAHR;3,5;cash;;178
1780;1802;614;ORDER: CREATED - Bestellung erfasst;B3;Mineral 0,33;#b3e5fc;Anti;2,5;0;NULL;;2026-05-10 13:40:36;Kellner 3;WAHR;2,5;cash;;
1781;1801;614;ORDER: CREATED - Bestellung erfasst;B3;Bier 0,5;#fbc02d;Alk;4,5;0;NULL;;2026-05-10 13:40:36;Kellner 3;WAHR;4,5;cash;;
1782;1800;614;ORDER: CREATED - Bestellung erfasst;B3;Soda zitron 0,5;#4fc3f7;Anti;3;0;NULL;;2026-05-10 13:40:36;Kellner 3;WAHR;3;cash;;
1783;1803;615;ORDER: CREATED - Bestellung erfasst;D10;Kaffee;#bf360c;Anti;3;0;NULL;;2026-05-10 13:41:16;Kellner 5;WAHR;3;cash;;
1784;1804;616;ORDER: CREATED - Bestellung erfasst;F4;Sommer spritzer 0,5;#fff176;Alk;4,5;0;NULL;;2026-05-10 13:41:24;Kellner 1;WAHR;4,5;cash;;
1785;1805;616;ORDER: CREATED - Bestellung erfasst;F4;Sommer spritzer 0,5;#fff176;Alk;4,5;0;NULL;;2026-05-10 13:41:24;Kellner 1;WAHR;4,5;cash;;
1786;1809;617;ORDER: CREATED - Bestellung erfasst;G10;Backhendl Salat;#4fc3f7;Essen;9;0;NULL;;2026-05-10 13:41:28;Kellner 8;WAHR;9;cash;;61
1787;1808;617;ORDER: CREATED - Bestellung erfasst;G10;Bier 0,5;#fbc02d;Alk;4,5;0;NULL;;2026-05-10 13:41:28;Kellner 8;WAHR;4,5;cash;;
1788;1806;617;ORDER: CREATED - Bestellung erfasst;G10;Backhendl Salat;#4fc3f7;Essen;9;0;NULL;;2026-05-10 13:41:28;Kellner 8;WAHR;9;cash;;61
1789;1807;617;ORDER: CREATED - Bestellung erfasst;G10;Sommer spritzer 0,5;#fff176;Alk;4,5;0;NULL;;2026-05-10 13:41:28;Kellner 8;WAHR;4,5;cash;;
1790;1810;618;ORDER: CREATED - Bestellung erfasst;B4;Hendl mit Pommes;#0070c0;Essen;12,5;0;NULL;;2026-05-10 13:41:31;Kellner 3;WAHR;12,5;voucher;;141
1791;1811;618;ORDER: CREATED - Bestellung erfasst;B4;Bier 0,5;#fbc02d;Alk;4,5;0;NULL;;2026-05-10 13:41:31;Kellner 3;WAHR;4,5;voucher;;
1792;1813;619;ORDER: CREATED - Bestellung erfasst;U5;Mineral 0,33;#b3e5fc;Anti;2,5;0;NULL;;2026-05-10 13:41:52;Kellner 6;WAHR;2,5;cash;;
1793;1812;619;ORDER: CREATED - Bestellung erfasst;U5;Bier 0,5;#fbc02d;Alk;4,5;0;NULL;;2026-05-10 13:41:52;Kellner 6;WAHR;4,5;free;;
1794;1814;620;ORDER: CREATED - Bestellung erfasst;C10;Sommer spritzer 0,5;#fff176;Alk;4,5;0;NULL;;2026-05-10 13:41:53;Kellner 9;WAHR;4,5;cash;;
1795;1815;621;ORDER: CREATED - Bestellung erfasst;C4;Sommer spritzer 0,5;#fff176;Alk;4,5;0;NULL;;2026-05-10 13:42:02;Kellner 3;WAHR;4,5;voucher;;
1796;1816;621;ORDER: CREATED - Bestellung erfasst;C4;Sommer spritzer 0,5;#fff176;Alk;4,5;0;NULL;;2026-05-10 13:42:02;Kellner 3;WAHR;4,5;voucher;;
1797;1817;622;ORDER: CREATED - Bestellung erfasst;E2;Soda zitron 0,5;#4fc3f7;Anti;3;0;NULL;;2026-05-10 13:42:08;Kellner 1;WAHR;3;cash;;
1798;1818;623;ORDER: CREATED - Bestellung erfasst;C7;Mineral 0,33;#b3e5fc;Anti;2,5;0;NULL;;2026-05-10 13:42:43;Kellner 10;WAHR;2,5;cash;;
1799;1819;624;ORDER: CREATED - Bestellung erfasst;C10;Mineral 0,33;#b3e5fc;Anti;2,5;0;NULL;;2026-05-10 13:42:48;Kellner 9;WAHR;2,5;cash;;
1800;1820;625;ORDER: CREATED - Bestellung erfasst;G2;Radler 0,5;#afb42b;Alk;4,5;0;NULL;;2026-05-10 13:42:49;Kellner 1;WAHR;4,5;voucher;;
1801;1822;626;ORDER: CREATED - Bestellung erfasst;B4;Hendl mit Pommes;#0070c0;Essen;12,5;0;NULL;;2026-05-10 13:42:56;Kellner 3;WAHR;12,5;voucher;;56
1802;1821;626;ORDER: CREATED - Bestellung erfasst;B4;Soda zitron 0,5;#4fc3f7;Anti;3;0;NULL;;2026-05-10 13:42:56;Kellner 3;WAHR;3;voucher;;
1803;1823;627;ORDER: CREATED - Bestellung erfasst;U5;Bier 0,5;#fbc02d;Alk;4,5;0;NULL;;2026-05-10 13:43:00;Kellner 6;FALSCH;0;;;
1804;1825;628;ORDER: CREATED - Bestellung erfasst;G8;Sommer spritzer 0,5;#fff176;Alk;4,5;0;NULL;;2026-05-10 13:43:00;Kellner 8;WAHR;4,5;cash;;
1805;1824;628;ORDER: CREATED - Bestellung erfasst;G8;Bier 0,5;#fbc02d;Alk;4,5;0;NULL;;2026-05-10 13:43:00;Kellner 8;WAHR;4,5;cash;;
1806;1827;629;ORDER: CREATED - Bestellung erfasst;C7;Bier 0,5;#fbc02d;Alk;4,5;0;NULL;;2026-05-10 13:43:09;Kellner 10;WAHR;4,5;cash;;
1807;1826;629;ORDER: CREATED - Bestellung erfasst;C7;Bier 0,5;#fbc02d;Alk;4,5;0;NULL;;2026-05-10 13:43:09;Kellner 10;WAHR;4,5;cash;;
1808;1828;630;ORDER: CREATED - Bestellung erfasst;D6;Bier 0,5;#fbc02d;Alk;4,5;0;NULL;;2026-05-10 13:43:13;Kellner 2;WAHR;4,5;voucher;;
1809;1829;631;ORDER: CREATED - Bestellung erfasst;D7;Soda zitron 0,5;#4fc3f7;Anti;3;0;NULL;;2026-05-10 13:44:05;Kellner 2;WAHR;3;cash;;
1810;1830;632;ORDER: CREATED - Bestellung erfasst;U5;Bier 0,5;#fbc02d;Alk;4,5;0;NULL;;2026-05-10 13:45:13;Kellner 8;WAHR;4,5;cash;;
1811;1831;633;ORDER: CREATED - Bestellung erfasst;E4;Bier 0,5;#fbc02d;Alk;4,5;0;NULL;;2026-05-10 13:45:36;Kellner 3;WAHR;4,5;voucher;;
1812;1833;634;ORDER: CREATED - Bestellung erfasst;C2;Bier 0,5;#fbc02d;Alk;4,5;0;NULL;;2026-05-10 13:45:59;Kellner 4;WAHR;4,5;cash;;
1813;1832;634;ORDER: CREATED - Bestellung erfasst;C2;Sommer spritzer 0,5;#fff176;Alk;4,5;0;NULL;;2026-05-10 13:45:59;Kellner 4;WAHR;4,5;cash;;
1814;1834;634;ORDER: CREATED - Bestellung erfasst;C2;Bier 0,5;#fbc02d;Alk;4,5;0;NULL;;2026-05-10 13:45:59;Kellner 4;WAHR;4,5;cash;;
1815;1836;635;ORDER: CREATED - Bestellung erfasst;B10;Limo Zitrone 0,33;#ffeb3b;Anti;3;0;NULL;;2026-05-10 13:46:26;Kellner 1;WAHR;3;voucher;;
1816;1835;635;ORDER: CREATED - Bestellung erfasst;B10;Radler 0,5;#afb42b;Alk;4,5;0;NULL;;2026-05-10 13:46:26;Kellner 1;WAHR;4,5;voucher;;
1817;1837;636;ORDER: CREATED - Bestellung erfasst;C2;Sommer spritzer 0,5;#fff176;Alk;4,5;0;NULL;;2026-05-10 13:48:17;Kellner 4;WAHR;4,5;cash;;
1818;1838;637;ORDER: CREATED - Bestellung erfasst;F5;Sommer spritzer 0,5;#fff176;Alk;4,5;0;NULL;;2026-05-10 13:48:39;Kellner 6;WAHR;4,5;free;;
1819;1839;638;ORDER: CREATED - Bestellung erfasst;E8;Sommer spritzer 0,5;#fff176;Alk;4,5;0;NULL;;2026-05-10 13:49:06;Kellner 2;WAHR;4,5;cash;;
1820;1840;639;ORDER: CREATED - Bestellung erfasst;E8;Kaffee;#bf360c;Anti;3;0;NULL;;2026-05-10 13:51:29;Kellner 10;WAHR;3;cash;;
1821;1842;640;ORDER: CREATED - Bestellung erfasst;G1;Soda zitron 0,5;#4fc3f7;Anti;3;0;NULL;;2026-05-10 13:51:42;Kellner 6;WAHR;3;free;;
1822;1841;640;ORDER: CREATED - Bestellung erfasst;G1;Bier 0,5;#fbc02d;Alk;4,5;0;NULL;;2026-05-10 13:51:42;Kellner 6;WAHR;4,5;free;;
1823;1843;640;ORDER: CREATED - Bestellung erfasst;G1;Bier 0,5;#fbc02d;Alk;4,5;0;NULL;;2026-05-10 13:51:42;Kellner 6;WAHR;4,5;free;;
1824;1844;641;ORDER: CREATED - Bestellung erfasst;E10;Mineral 0,33;#b3e5fc;Anti;2,5;0;NULL;;2026-05-10 13:51:47;Kellner 2;WAHR;2,5;cash;;
1825;1846;642;ORDER: CREATED - Bestellung erfasst;D10;Bier 0,5;#fbc02d;Alk;4,5;0;NULL;;2026-05-10 13:52:41;Kellner 5;WAHR;4,5;cash;;
1826;1845;642;ORDER: CREATED - Bestellung erfasst;D10;Bier 0,5;#fbc02d;Alk;4,5;0;NULL;;2026-05-10 13:52:41;Kellner 5;WAHR;4,5;cash;;
1827;1847;642;ORDER: CREATED - Bestellung erfasst;D10;Radler 0,5;#afb42b;Alk;4,5;0;NULL;;2026-05-10 13:52:41;Kellner 5;WAHR;4,5;cash;;
1828;1848;643;ORDER: CREATED - Bestellung erfasst;U3;Almdudler 0,33;#fbc02d;Anti;3;0;NULL;;2026-05-10 13:52:59;Kellner 2;WAHR;3;voucher;;
1829;1849;644;ORDER: CREATED - Bestellung erfasst;U7;Bier 0,5;#fbc02d;Alk;4,5;0;NULL;;2026-05-10 13:53:54;Kellner 4;WAHR;4,5;cash;;
1830;1850;645;ORDER: CREATED - Bestellung erfasst;F9;Radler 0,5;#afb42b;Alk;4,5;0;NULL;;2026-05-10 13:54:45;Kellner 10;WAHR;4,5;cash;;
1831;1851;645;ORDER: CREATED - Bestellung erfasst;F9;Mineral 0,33;#b3e5fc;Anti;2,5;0;NULL;;2026-05-10 13:54:45;Kellner 10;WAHR;2,5;cash;;
1832;1853;646;ORDER: CREATED - Bestellung erfasst;G2;Soda zitron 0,5;#4fc3f7;Anti;3;0;NULL;;2026-05-10 13:55:50;Kellner 6;WAHR;3;cash;;
1833;1852;646;ORDER: CREATED - Bestellung erfasst;G2;Soda zitron 0,5;#4fc3f7;Anti;3;0;NULL;;2026-05-10 13:55:50;Kellner 6;WAHR;3;cash;;
1834;1854;647;ORDER: CREATED - Bestellung erfasst;B6;Almdudler 0,33;#fbc02d;Anti;3;0;NULL;;2026-05-10 13:55:59;Kellner 2;WAHR;3;voucher;;
1835;1855;648;ORDER: CREATED - Bestellung erfasst;D6;Bier 0,5;#fbc02d;Alk;4,5;0;NULL;;2026-05-10 13:56:36;Kellner 5;WAHR;4,5;voucher;;
1836;1856;649;ORDER: CREATED - Bestellung erfasst;B3;Soda zitron 0,5;#4fc3f7;Anti;3;0;NULL;;2026-05-10 13:56:40;Kellner 1;WAHR;3;voucher;;
1837;1857;650;ORDER: CREATED - Bestellung erfasst;U1;Soda zitron 0,5;#4fc3f7;Anti;3;0;NULL;;2026-05-10 13:56:40;Kellner 9;WAHR;3;cash;;
1838;1858;651;ORDER: CREATED - Bestellung erfasst;C2;Sommer spritzer 0,5;#fff176;Alk;4,5;0;NULL;;2026-05-10 13:57:10;Kellner 1;WAHR;4,5;cash;;
1839;1859;652;ORDER: CREATED - Bestellung erfasst;H10;Sommer spritzer 0,5;#fff176;Alk;4,5;0;NULL;;2026-05-10 13:57:56;Kellner 10;WAHR;4,5;cash;;
1840;1860;652;ORDER: CREATED - Bestellung erfasst;H10;Schnitzelsemmerl;#f57f17;Essen;4,5;0;NULL;;2026-05-10 13:57:56;Kellner 10;WAHR;4,5;cash;;67
1841;1861;652;ORDER: CREATED - Bestellung erfasst;H10;Mineral 0,33;#b3e5fc;Anti;2,5;0;NULL;;2026-05-10 13:57:56;Kellner 10;WAHR;2,5;cash;;
1842;1862;653;ORDER: CREATED - Bestellung erfasst;D3;Bier 0,5;#fbc02d;Alk;4,5;0;NULL;;2026-05-10 13:57:59;Kellner 1;WAHR;4,5;cash;;
1843;1863;654;ORDER: CREATED - Bestellung erfasst;D3;Soda zitron 0,5;#4fc3f7;Anti;3;0;NULL;;2026-05-10 13:58:24;Kellner 1;WAHR;3;cash;;
1844;1864;654;ORDER: CREATED - Bestellung erfasst;D3;Soda zitron 0,5;#4fc3f7;Anti;3;0;NULL;;2026-05-10 13:58:24;Kellner 1;WAHR;3;cash;;
1845;1865;655;ORDER: CREATED - Bestellung erfasst;V2;Cola 0,33;#004d40;Anti;3;0;NULL;;2026-05-10 13:58:26;Kellner 4;WAHR;3;voucher;;
1846;1867;656;ORDER: CREATED - Bestellung erfasst;D10;Mineral 0,33;#b3e5fc;Anti;2,5;0;NULL;;2026-05-10 13:58:28;Kellner 5;WAHR;2,5;voucher;;
1847;1866;656;ORDER: CREATED - Bestellung erfasst;D10;Mineral 0,33;#b3e5fc;Anti;2,5;0;NULL;;2026-05-10 13:58:28;Kellner 5;WAHR;2,5;voucher;;
1848;1868;657;ORDER: CREATED - Bestellung erfasst;E3;Cola 0,33;#004d40;Anti;3;0;NULL;;2026-05-10 13:58:52;Kellner 1;WAHR;3;cash;;
1849;1869;657;ORDER: CREATED - Bestellung erfasst;E3;Cola 0,33;#004d40;Anti;3;0;NULL;;2026-05-10 13:58:52;Kellner 1;WAHR;3;cash;;
1850;1871;658;ORDER: CREATED - Bestellung erfasst;D4;Sommer spritzer 0,5;#fff176;Alk;4,5;0;NULL;;2026-05-10 13:59:06;Kellner 10;WAHR;4,5;free;;
1851;1870;658;ORDER: CREATED - Bestellung erfasst;D4;Schnitzel mit Pommes;#827717;Essen;11,5;0;NULL;;2026-05-10 13:59:06;Kellner 10;WAHR;11,5;free;;36
1852;1872;659;ORDER: CREATED - Bestellung erfasst;B10;Limo Orange 0,33;#ffc107;Anti;3;0;NULL;;2026-05-10 14:00:06;Kellner 6;WAHR;3;cash;;
1853;1873;660;ORDER: CREATED - Bestellung erfasst;G1;Soda zitron 0,5;#4fc3f7;Anti;3;0;NULL;;2026-05-10 14:01:03;Kellner 10;WAHR;3;cash;;
1854;1874;661;ORDER: CREATED - Bestellung erfasst;B10;Mineral 0,33;#b3e5fc;Anti;2,5;0;NULL;;2026-05-10 14:01:06;Kellner 1;WAHR;2,5;cash;;
1855;1875;662;ORDER: CREATED - Bestellung erfasst;E4;Soda zitron 0,5;#4fc3f7;Anti;3;0;NULL;;2026-05-10 14:03:06;Kellner 2;WAHR;3;voucher;;
1856;1876;663;ORDER: CREATED - Bestellung erfasst;E4;Bier 0,5;#fbc02d;Alk;4,5;0;NULL;;2026-05-10 14:03:26;Kellner 2;WAHR;4,5;voucher;;
1857;1878;664;ORDER: CREATED - Bestellung erfasst;F6;Sommer spritzer 0,5;#fff176;Alk;4,5;0;NULL;;2026-05-10 14:04:42;Kellner 4;WAHR;4,5;free;;
1858;1879;664;ORDER: CREATED - Bestellung erfasst;F6;Sommer spritzer 0,5;#fff176;Alk;4,5;0;NULL;;2026-05-10 14:04:42;Kellner 4;WAHR;4,5;free;;
1859;1877;664;ORDER: CREATED - Bestellung erfasst;F6;Bier 0,5;#fbc02d;Alk;4,5;0;NULL;;2026-05-10 14:04:42;Kellner 4;WAHR;4,5;free;;
1860;1881;665;ORDER: CREATED - Bestellung erfasst;B10;Bier 0,5;#fbc02d;Alk;4,5;0;NULL;;2026-05-10 14:05:08;Kellner 6;WAHR;4,5;cash;;
1861;1880;665;ORDER: CREATED - Bestellung erfasst;B10;Bier 0,5;#fbc02d;Alk;4,5;0;NULL;;2026-05-10 14:05:08;Kellner 6;WAHR;4,5;cash;;
1862;1882;666;ORDER: CREATED - Bestellung erfasst;F2;Bier 0,5;#fbc02d;Alk;4,5;0;NULL;;2026-05-10 14:05:40;Kellner 5;WAHR;4,5;cash;;
1863;1883;667;ORDER: CREATED - Bestellung erfasst;C1;Bier 0,5;#fbc02d;Alk;4,5;0;NULL;;2026-05-10 14:06:10;Kellner 4;WAHR;4,5;cash;;
1864;1884;667;ORDER: CREATED - Bestellung erfasst;C1;Bier 0,5;#fbc02d;Alk;4,5;0;NULL;;2026-05-10 14:06:10;Kellner 4;WAHR;4,5;cash;;
1865;1885;668;ORDER: CREATED - Bestellung erfasst;B9;Schnitzelsemmerl;#f57f17;Essen;4,5;0;NULL;;2026-05-10 14:06:38;Kellner 10;WAHR;4,5;cash;;5
1866;1887;669;ORDER: CREATED - Bestellung erfasst;E7;Bier 0,5;#fbc02d;Alk;4,5;0;NULL;;2026-05-10 14:07:04;Kellner 9;WAHR;4,5;cash;;
1867;1888;669;ORDER: CREATED - Bestellung erfasst;E7;Bier 0,5;#fbc02d;Alk;4,5;0;NULL;;2026-05-10 14:07:04;Kellner 9;WAHR;4,5;cash;;
1868;1886;669;ORDER: CREATED - Bestellung erfasst;E7;Bier 0,5;#fbc02d;Alk;4,5;0;NULL;;2026-05-10 14:07:04;Kellner 9;WAHR;4,5;cash;;
1869;1889;670;ORDER: CREATED - Bestellung erfasst;B6;Sommer spritzer 0,5;#fff176;Alk;4,5;0;NULL;;2026-05-10 14:07:13;Kellner 2;WAHR;4,5;cash;;
1870;1891;670;ORDER: CREATED - Bestellung erfasst;B6;Bier 0,5;#fbc02d;Alk;4,5;0;NULL;;2026-05-10 14:07:13;Kellner 2;WAHR;4,5;cash;;
1871;1890;670;ORDER: CREATED - Bestellung erfasst;B6;Sommer spritzer 0,5;#fff176;Alk;4,5;0;NULL;;2026-05-10 14:07:13;Kellner 2;WAHR;4,5;cash;;
1872;1892;671;ORDER: CREATED - Bestellung erfasst;E7;Almdudler 0,33;#fbc02d;Anti;3;0;NULL;;2026-05-10 14:07:59;Kellner 9;WAHR;3;cash;;
1873;1893;672;ORDER: CREATED - Bestellung erfasst;B9;Bier 0,5;#fbc02d;Alk;4,5;0;NULL;;2026-05-10 14:09:02;Kellner 9;WAHR;4,5;cash;;
1874;1894;673;ORDER: CREATED - Bestellung erfasst;D4;Cola 0,33;#004d40;Anti;3;0;NULL;;2026-05-10 14:09:52;Kellner 10;WAHR;3;voucher;;
1875;1895;674;ORDER: CREATED - Bestellung erfasst;B8;Schnitzelsemmerl;#f57f17;Essen;4,5;0;NULL;;2026-05-10 14:09:58;Kellner 9;WAHR;4,5;voucher;;10
1876;1896;675;ORDER: CREATED - Bestellung erfasst;F2;Radler 0,5;#afb42b;Alk;4,5;0;NULL;;2026-05-10 14:10:08;Kellner 6;WAHR;4,5;voucher;;
1877;1897;676;ORDER: CREATED - Bestellung erfasst;U6;Cola 0,33;#004d40;Anti;3;0;NULL;;2026-05-10 14:10:08;Kellner 8;WAHR;3;cash;;
1878;1898;676;ORDER: CREATED - Bestellung erfasst;U6;Mineral 0,33;#b3e5fc;Anti;2,5;0;NULL;;2026-05-10 14:10:08;Kellner 8;WAHR;2,5;cash;;
1879;1899;676;ORDER: CREATED - Bestellung erfasst;U6;Mineral 0,33;#b3e5fc;Anti;2,5;0;NULL;;2026-05-10 14:10:08;Kellner 8;WAHR;2,5;cash;;
1880;1900;677;ORDER: CREATED - Bestellung erfasst;G2;Bier 0,5;#fbc02d;Alk;4,5;0;NULL;;2026-05-10 14:10:36;Kellner 4;WAHR;4,5;cash;;
1881;1901;677;ORDER: CREATED - Bestellung erfasst;G2;Bier 0,5;#fbc02d;Alk;4,5;0;NULL;;2026-05-10 14:10:36;Kellner 4;WAHR;4,5;cash;;
1882;1903;678;ORDER: CREATED - Bestellung erfasst;C3;Sommer spritzer 0,5;#fff176;Alk;4,5;0;NULL;;2026-05-10 14:10:55;Kellner 3;WAHR;4,5;voucher;;
1883;1902;678;ORDER: CREATED - Bestellung erfasst;C3;Sommer spritzer 0,5;#fff176;Alk;4,5;0;NULL;;2026-05-10 14:10:55;Kellner 3;WAHR;4,5;voucher;;
1884;1904;679;ORDER: CREATED - Bestellung erfasst;U1;Mineral 0,33;#b3e5fc;Anti;2,5;0;NULL;;2026-05-10 14:11:07;Kellner 2;WAHR;2,5;cash;;
1885;1905;680;ORDER: CREATED - Bestellung erfasst;C3;Bier 0,5;#fbc02d;Alk;4,5;0;NULL;;2026-05-10 14:11:10;Kellner 3;WAHR;4,5;cash;;
1886;1906;681;ORDER: CREATED - Bestellung erfasst;C7;Mineral 0,33;#b3e5fc;Anti;2,5;0;NULL;;2026-05-10 14:11:26;Kellner 10;WAHR;2,5;cash;;
1887;1907;682;ORDER: CREATED - Bestellung erfasst;U5;Bier 0,5;#fbc02d;Alk;4,5;0;NULL;;2026-05-10 14:11:55;Kellner 9;WAHR;4,5;cash;;
1888;1908;683;ORDER: CREATED - Bestellung erfasst;E5;Bier 0,5;#fbc02d;Alk;4,5;0;NULL;;2026-05-10 14:13:11;Kellner 6;WAHR;4,5;cash;;
1889;1909;684;ORDER: CREATED - Bestellung erfasst;C4;Bier 0,5;#fbc02d;Alk;4,5;0;NULL;;2026-05-10 14:14:06;Kellner 3;WAHR;4,5;voucher;;
1890;1910;685;ORDER: CREATED - Bestellung erfasst;U5;Bier 0,5;#fbc02d;Alk;4,5;0;NULL;;2026-05-10 14:15:33;Kellner 8;WAHR;4,5;cash;;
1891;1911;686;ORDER: CREATED - Bestellung erfasst;C10;Mineral 0,33;#b3e5fc;Anti;2,5;0;NULL;;2026-05-10 14:16:23;Kellner 7;WAHR;2,5;cash;;
1892;1912;687;ORDER: CREATED - Bestellung erfasst;F1;Radler 0,5;#afb42b;Alk;4,5;0;NULL;;2026-05-10 14:16:27;Kellner 6;WAHR;4,5;voucher;;
1893;1913;688;ORDER: CREATED - Bestellung erfasst;C10;Bier 0,5;#fbc02d;Alk;4,5;0;NULL;;2026-05-10 14:17:01;Kellner 7;WAHR;4,5;voucher;;
1894;1914;689;ORDER: CREATED - Bestellung erfasst;F2;Bier 0,5;#fbc02d;Alk;4,5;0;NULL;;2026-05-10 14:17:45;Kellner 6;WAHR;4,5;cash;;
1895;1915;690;ORDER: CREATED - Bestellung erfasst;C9;Bier 0,5;#fbc02d;Alk;4,5;0;NULL;;2026-05-10 14:17:58;Kellner 7;WAHR;4,5;cash;;
1896;1916;690;ORDER: CREATED - Bestellung erfasst;C9;Radler 0,5;#afb42b;Alk;4,5;0;NULL;;2026-05-10 14:17:58;Kellner 7;WAHR;4,5;cash;;
1897;1919;691;ORDER: CREATED - Bestellung erfasst;E3;Soda zitron 0,5;#4fc3f7;Anti;3;0;NULL;;2026-05-10 14:18:06;Kellner 3;WAHR;3;voucher;;
1898;1917;691;ORDER: CREATED - Bestellung erfasst;E3;Soda zitron 0,5;#4fc3f7;Anti;3;0;NULL;;2026-05-10 14:18:06;Kellner 3;WAHR;3;voucher;;
1899;1918;691;ORDER: CREATED - Bestellung erfasst;E3;Sommer spritzer 0,5;#fff176;Alk;4,5;0;NULL;;2026-05-10 14:18:06;Kellner 3;WAHR;4,5;voucher;;
1900;1921;692;ORDER: CREATED - Bestellung erfasst;F2;Mineral 0,33;#b3e5fc;Anti;2,5;0;NULL;;2026-05-10 14:19:34;Kellner 6;WAHR;2,5;cash;;
1901;1920;692;ORDER: CREATED - Bestellung erfasst;F2;Mineral 0,33;#b3e5fc;Anti;2,5;0;NULL;In ein Glas bitte;2026-05-10 14:19:34;Kellner 6;WAHR;2,5;cash;;
1902;1923;693;ORDER: CREATED - Bestellung erfasst;H10;Mineral 0,33;#b3e5fc;Anti;2,5;0;NULL;;2026-05-10 14:19:40;Kellner 7;WAHR;2,5;cash;;
1903;1922;693;ORDER: CREATED - Bestellung erfasst;H10;Sommer spritzer 0,5;#fff176;Alk;4,5;0;NULL;;2026-05-10 14:19:40;Kellner 7;WAHR;4,5;cash;;
1904;1926;694;ORDER: CREATED - Bestellung erfasst;G8;Mineral 0,33;#b3e5fc;Anti;2,5;0;NULL;;2026-05-10 14:21:20;Kellner 7;WAHR;2,5;cash;;
1905;1925;694;ORDER: CREATED - Bestellung erfasst;G8;Limo Orange 0,33;#ffc107;Anti;3;0;NULL;;2026-05-10 14:21:20;Kellner 7;WAHR;3;cash;;
1906;1924;694;ORDER: CREATED - Bestellung erfasst;G8;Sommer spritzer 0,5;#fff176;Alk;4,5;0;NULL;;2026-05-10 14:21:20;Kellner 7;WAHR;4,5;cash;;
1907;1928;694;ORDER: CREATED - Bestellung erfasst;G8;Bier 0,5;#fbc02d;Alk;4,5;0;NULL;;2026-05-10 14:21:20;Kellner 7;WAHR;4,5;cash;;
1908;1927;694;ORDER: CREATED - Bestellung erfasst;G8;Sommer spritzer 0,5;#fff176;Alk;4,5;0;NULL;;2026-05-10 14:21:20;Kellner 7;WAHR;4,5;cash;;
1909;1929;695;ORDER: CREATED - Bestellung erfasst;B7;Sommer spritzer 0,5;#fff176;Alk;4,5;0;NULL;;2026-05-10 14:22:20;Kellner 7;WAHR;4,5;cash;;
1910;1931;695;ORDER: CREATED - Bestellung erfasst;B7;Sommer spritzer 0,5;#fff176;Alk;4,5;0;NULL;;2026-05-10 14:22:20;Kellner 7;WAHR;4,5;cash;;
1911;1930;695;ORDER: CREATED - Bestellung erfasst;B7;Sommer spritzer 0,5;#fff176;Alk;4,5;0;NULL;;2026-05-10 14:22:20;Kellner 7;WAHR;4,5;cash;;
1912;1933;696;ORDER: CREATED - Bestellung erfasst;C7;Sommer spritzer 0,5;#fff176;Alk;4,5;0;NULL;;2026-05-10 14:24:34;Kellner 6;WAHR;4,5;cash;;
1913;1932;696;ORDER: CREATED - Bestellung erfasst;C7;Sommer spritzer 0,5;#fff176;Alk;4,5;0;NULL;;2026-05-10 14:24:34;Kellner 6;WAHR;4,5;cash;;
1914;1934;697;ORDER: CREATED - Bestellung erfasst;F3;Mineral 0,33;#b3e5fc;Anti;2,5;0;NULL;;2026-05-10 14:26:51;Kellner 3;WAHR;2,5;cash;;
1915;1936;697;ORDER: CREATED - Bestellung erfasst;F3;Mineral 0,33;#b3e5fc;Anti;2,5;0;NULL;;2026-05-10 14:26:51;Kellner 3;WAHR;2,5;cash;;
1916;1935;697;ORDER: CREATED - Bestellung erfasst;F3;Mineral 0,33;#b3e5fc;Anti;2,5;0;NULL;;2026-05-10 14:26:51;Kellner 3;WAHR;2,5;cash;;
1917;1939;698;ORDER: CREATED - Bestellung erfasst;C1;Sommer spritzer 0,5;#fff176;Alk;4,5;0;NULL;;2026-05-10 14:30:21;Kellner 6;WAHR;4,5;cash;;
1918;1938;698;ORDER: CREATED - Bestellung erfasst;C1;Sommer spritzer 0,5;#fff176;Alk;4,5;0;NULL;;2026-05-10 14:30:21;Kellner 6;WAHR;4,5;cash;;
1919;1937;698;ORDER: CREATED - Bestellung erfasst;C1;Soda zitron 0,5;#4fc3f7;Anti;3;0;NULL;;2026-05-10 14:30:21;Kellner 6;WAHR;3;cash;;
1920;1940;699;ORDER: CREATED - Bestellung erfasst;F9;Bier 0,5;#fbc02d;Alk;4,5;0;NULL;;2026-05-10 14:31:04;Kellner 4;WAHR;4,5;cash;;
1921;1941;700;ORDER: CREATED - Bestellung erfasst;E8;Sommer spritzer 0,5;#fff176;Alk;4,5;0;NULL;;2026-05-10 14:31:57;Kellner 4;WAHR;4,5;cash;;
1922;1943;700;ORDER: CREATED - Bestellung erfasst;E8;Sommer spritzer 0,5;#fff176;Alk;4,5;0;NULL;;2026-05-10 14:31:57;Kellner 4;WAHR;4,5;cash;;
1923;1942;700;ORDER: CREATED - Bestellung erfasst;E8;Sommer spritzer 0,5;#fff176;Alk;4,5;0;NULL;;2026-05-10 14:31:57;Kellner 4;WAHR;4,5;cash;;
1924;1945;701;ORDER: CREATED - Bestellung erfasst;C2;Bier 0,5;#fbc02d;Alk;4,5;0;NULL;;2026-05-10 14:32:11;Kellner 6;WAHR;4,5;cash;;
1925;1944;701;ORDER: CREATED - Bestellung erfasst;C2;Sommer spritzer 0,5;#fff176;Alk;4,5;0;NULL;;2026-05-10 14:32:11;Kellner 6;WAHR;4,5;cash;;
1926;1946;701;ORDER: CREATED - Bestellung erfasst;C2;Bier 0,5;#fbc02d;Alk;4,5;0;NULL;;2026-05-10 14:32:11;Kellner 6;WAHR;4,5;cash;;
1927;1948;702;ORDER: CREATED - Bestellung erfasst;E4;Sommer spritzer 0,5;#fff176;Alk;4,5;0;NULL;;2026-05-10 14:32:12;Kellner 9;WAHR;4,5;cash;;
1928;1947;702;ORDER: CREATED - Bestellung erfasst;E4;Sommer spritzer 0,5;#fff176;Alk;4,5;0;NULL;;2026-05-10 14:32:12;Kellner 9;WAHR;4,5;voucher;;
1929;1949;703;ORDER: CREATED - Bestellung erfasst;G4;Sommer spritzer 0,5;#fff176;Alk;4,5;0;NULL;;2026-05-10 14:33:39;Kellner 4;WAHR;4,5;cash;;
1930;1952;704;ORDER: CREATED - Bestellung erfasst;E4;Sommer spritzer 0,5;#fff176;Alk;4,5;0;NULL;;2026-05-10 14:34:40;Kellner 9;WAHR;4,5;cash;;
1931;1950;704;ORDER: CREATED - Bestellung erfasst;E4;Bier 0,5;#fbc02d;Alk;4,5;0;NULL;;2026-05-10 14:34:40;Kellner 9;WAHR;4,5;cash;;
1932;1953;704;ORDER: CREATED - Bestellung erfasst;E4;Sommer spritzer 0,5;#fff176;Alk;4,5;0;NULL;;2026-05-10 14:34:40;Kellner 9;WAHR;4,5;cash;;
1933;1951;704;ORDER: CREATED - Bestellung erfasst;E4;Bier 0,5;#fbc02d;Alk;4,5;0;NULL;;2026-05-10 14:34:40;Kellner 9;WAHR;4,5;cash;;
1934;1954;705;ORDER: CREATED - Bestellung erfasst;E4;Sommer spritzer 0,5;#fff176;Alk;4,5;0;NULL;;2026-05-10 14:35:31;Kellner 9;WAHR;4,5;voucher;;
1935;1955;706;ORDER: CREATED - Bestellung erfasst;E9;Soda zitron 0,5;#4fc3f7;Anti;3;0;NULL;;2026-05-10 14:35:52;Kellner 3;WAHR;3;free;;
1936;1956;707;ORDER: CREATED - Bestellung erfasst;B1;Sommer spritzer 0,5;#fff176;Alk;4,5;0;NULL;;2026-05-10 14:37:01;Kellner 4;WAHR;4,5;cash;;
1937;1958;708;ORDER: CREATED - Bestellung erfasst;B1;Sommer spritzer 0,5;#fff176;Alk;4,5;0;NULL;;2026-05-10 14:37:36;Kellner 4;WAHR;4,5;cash;;
1938;1957;708;ORDER: CREATED - Bestellung erfasst;B1;Bier 0,5;#fbc02d;Alk;4,5;0;NULL;;2026-05-10 14:37:36;Kellner 4;WAHR;4,5;cash;;
1939;1959;708;ORDER: CREATED - Bestellung erfasst;B1;Bier 0,5;#fbc02d;Alk;4,5;0;NULL;;2026-05-10 14:37:36;Kellner 4;WAHR;4,5;cash;;
1940;1960;709;ORDER: CREATED - Bestellung erfasst;U7;Soda zitron 0,5;#4fc3f7;Anti;3;0;NULL;;2026-05-10 14:37:41;Kellner 1;WAHR;3;cash;;
1941;1964;710;ORDER: CREATED - Bestellung erfasst;B6;Schnitzelsemmerl;#f57f17;Essen;4,5;0;NULL;;2026-05-10 14:38:59;Kellner 9;WAHR;4,5;cash;;202
1942;1963;710;ORDER: CREATED - Bestellung erfasst;B6;Sommer spritzer 0,5;#fff176;Alk;4,5;0;NULL;;2026-05-10 14:38:59;Kellner 9;WAHR;4,5;cash;;
1943;1962;710;ORDER: CREATED - Bestellung erfasst;B6;Sommer spritzer 0,5;#fff176;Alk;4,5;0;NULL;;2026-05-10 14:38:59;Kellner 9;WAHR;4,5;cash;;
1944;1965;710;ORDER: CREATED - Bestellung erfasst;B6;Bier 0,5;#fbc02d;Alk;4,5;0;NULL;;2026-05-10 14:38:59;Kellner 9;WAHR;4,5;cash;;
1945;1961;710;ORDER: CREATED - Bestellung erfasst;B6;Bier 0,5;#fbc02d;Alk;4,5;0;NULL;;2026-05-10 14:38:59;Kellner 9;WAHR;4,5;cash;;
1946;1966;711;ORDER: CREATED - Bestellung erfasst;E2;Radler 0,5;#afb42b;Alk;4,5;0;NULL;;2026-05-10 14:39:42;Kellner 4;WAHR;4,5;voucher;;
1947;1967;712;ORDER: CREATED - Bestellung erfasst;E2;Limo Orange 0,33;#ffc107;Anti;3;0;NULL;;2026-05-10 14:39:57;Kellner 6;WAHR;3;free;;
1948;1970;713;ORDER: CREATED - Bestellung erfasst;F5;Bier 0,5;#fbc02d;Alk;4,5;0;NULL;;2026-05-10 14:41:01;Kellner 6;WAHR;4,5;free;;
1949;1971;713;ORDER: CREATED - Bestellung erfasst;F5;Soda zitron 0,5;#4fc3f7;Anti;3;0;NULL;;2026-05-10 14:41:01;Kellner 6;WAHR;3;free;;
1950;1968;713;ORDER: CREATED - Bestellung erfasst;F5;Sommer spritzer 0,5;#fff176;Alk;4,5;0;NULL;;2026-05-10 14:41:01;Kellner 6;WAHR;4,5;free;;
1951;1972;713;ORDER: CREATED - Bestellung erfasst;F5;Bier 0,5;#fbc02d;Alk;4,5;0;NULL;;2026-05-10 14:41:01;Kellner 6;WAHR;4,5;free;;
1952;1969;713;ORDER: CREATED - Bestellung erfasst;F5;Sommer spritzer 0,5;#fff176;Alk;4,5;0;NULL;;2026-05-10 14:41:01;Kellner 6;WAHR;4,5;free;;
1953;1973;714;ORDER: CREATED - Bestellung erfasst;F4;Sommer spritzer 0,5;#fff176;Alk;4,5;0;NULL;;2026-05-10 14:48:40;Kellner 3;WAHR;4,5;cash;;
1954;1974;714;ORDER: CREATED - Bestellung erfasst;F4;Sommer spritzer 0,5;#fff176;Alk;4,5;0;NULL;;2026-05-10 14:48:40;Kellner 3;WAHR;4,5;cash;;
1955;1975;715;ORDER: CREATED - Bestellung erfasst;C1;Bier 0,5;#fbc02d;Alk;4,5;0;NULL;;2026-05-10 14:49:04;Kellner 2;WAHR;4,5;cash;;
1956;1976;716;ORDER: CREATED - Bestellung erfasst;D1;Soda zitron 0,5;#4fc3f7;Anti;3;0;NULL;;2026-05-10 14:51:44;Kellner 2;WAHR;3;free;;
1957;1978;716;ORDER: CREATED - Bestellung erfasst;D1;Soda zitron 0,5;#4fc3f7;Anti;3;0;NULL;;2026-05-10 14:51:44;Kellner 2;WAHR;3;free;;
1958;1977;716;ORDER: CREATED - Bestellung erfasst;D1;Soda zitron 0,5;#4fc3f7;Anti;3;0;NULL;;2026-05-10 14:51:44;Kellner 2;WAHR;3;free;;
1959;1979;717;ORDER: CREATED - Bestellung erfasst;E9;Sommer spritzer 0,5;#fff176;Alk;4,5;0;NULL;;2026-05-10 14:53:18;Kellner 2;WAHR;4,5;free;;
1960;1980;718;ORDER: CREATED - Bestellung erfasst;F9;Mineral 0,33;#b3e5fc;Anti;2,5;0;NULL;;2026-05-10 14:53:27;Kellner 10;WAHR;2,5;cash;;
1961;1981;718;ORDER: CREATED - Bestellung erfasst;F9;Mineral 0,33;#b3e5fc;Anti;2,5;0;NULL;;2026-05-10 14:53:27;Kellner 10;WAHR;2,5;voucher;;
1962;1983;719;ORDER: CREATED - Bestellung erfasst;E7;Bier 0,5;#fbc02d;Alk;4,5;0;NULL;;2026-05-10 14:55:03;Kellner 3;WAHR;4,5;cash;;
1963;1982;719;ORDER: CREATED - Bestellung erfasst;E7;Bier 0,5;#fbc02d;Alk;4,5;0;NULL;;2026-05-10 14:55:03;Kellner 3;WAHR;4,5;cash;;
1964;1984;720;ORDER: CREATED - Bestellung erfasst;D7;Almdudler 0,33;#fbc02d;Anti;3;0;NULL;;2026-05-10 14:55:10;Kellner 10;WAHR;3;cash;;
1965;1987;721;ORDER: CREATED - Bestellung erfasst;B7;Sommer spritzer 0,5;#fff176;Alk;4,5;0;NULL;;2026-05-10 14:55:30;Kellner 2;WAHR;4,5;cash;;
1966;1985;721;ORDER: CREATED - Bestellung erfasst;B7;Sommer spritzer 0,5;#fff176;Alk;4,5;0;NULL;;2026-05-10 14:55:30;Kellner 2;WAHR;4,5;cash;;
1967;1986;721;ORDER: CREATED - Bestellung erfasst;B7;Sommer spritzer 0,5;#fff176;Alk;4,5;0;NULL;;2026-05-10 14:55:30;Kellner 2;WAHR;4,5;cash;;
1968;1988;722;ORDER: CREATED - Bestellung erfasst;E7;Mineral 0,33;#b3e5fc;Anti;2,5;0;NULL;;2026-05-10 14:55:30;Kellner 3;WAHR;2,5;cash;;
1969;1989;723;ORDER: CREATED - Bestellung erfasst;E7;Sommer spritzer 0,5;#fff176;Alk;4,5;0;NULL;;2026-05-10 14:55:59;Kellner 3;WAHR;4,5;cash;;
1970;1990;724;ORDER: CREATED - Bestellung erfasst;B6;Bier 0,5;#fbc02d;Alk;4,5;0;NULL;;2026-05-10 14:57:09;Kellner 2;WAHR;4,5;cash;;
1971;1991;725;ORDER: CREATED - Bestellung erfasst;F6;Sommer spritzer 0,5;#fff176;Alk;4,5;0;NULL;;2026-05-10 14:57:59;Kellner 2;WAHR;4,5;free;;
1972;1994;726;ORDER: CREATED - Bestellung erfasst;B6;Bier 0,5;#fbc02d;Alk;4,5;0;NULL;;2026-05-10 15:05:55;Kellner 3;WAHR;4,5;cash;;
1973;1992;726;ORDER: CREATED - Bestellung erfasst;B6;Sommer spritzer 0,5;#fff176;Alk;4,5;0;NULL;;2026-05-10 15:05:55;Kellner 3;WAHR;4,5;cash;;
1974;1993;726;ORDER: CREATED - Bestellung erfasst;B6;Sommer spritzer 0,5;#fff176;Alk;4,5;0;NULL;;2026-05-10 15:05:55;Kellner 3;WAHR;4,5;cash;;
1975;1995;727;ORDER: CREATED - Bestellung erfasst;B8;Sommer spritzer 0,5;#fff176;Alk;4,5;0;NULL;;2026-05-10 15:11:05;Kellner 10;WAHR;4,5;cash;;
1976;1998;728;ORDER: CREATED - Bestellung erfasst;U5;Bier 0,5;#fbc02d;Alk;4,5;0;NULL;;2026-05-10 15:15:09;Kellner 10;WAHR;4,5;cash;;
1977;1996;728;ORDER: CREATED - Bestellung erfasst;U5;Sommer spritzer 0,5;#fff176;Alk;4,5;0;NULL;;2026-05-10 15:15:09;Kellner 10;WAHR;4,5;cash;;
1978;1997;728;ORDER: CREATED - Bestellung erfasst;U5;Sommer spritzer 0,5;#fff176;Alk;4,5;0;NULL;;2026-05-10 15:15:09;Kellner 10;WAHR;4,5;cash;;
1979;1999;729;ORDER: CREATED - Bestellung erfasst;U6;Mineral 0,33;#b3e5fc;Anti;2,5;0;NULL;;2026-05-10 15:16:02;Kellner 2;WAHR;2,5;cash;;
1980;2000;730;ORDER: CREATED - Bestellung erfasst;U6;Mineral 0,33;#b3e5fc;Anti;2,5;0;NULL;;2026-05-10 15:16:34;Kellner 2;WAHR;2,5;cash;;
1981;2001;731;ORDER: CREATED - Bestellung erfasst;U6;Sommer spritzer 0,5;#fff176;Alk;4,5;0;NULL;;2026-05-10 15:16:48;Kellner 2;WAHR;4,5;cash;;
1982;2002;732;ORDER: CREATED - Bestellung erfasst;F1;Radler 0,5;#afb42b;Alk;4,5;0;NULL;;2026-05-10 15:22:07;Kellner 3;WAHR;4,5;cash;;
1983;2005;732;ORDER: CREATED - Bestellung erfasst;F1;Bier 0,5;#fbc02d;Alk;4,5;0;NULL;;2026-05-10 15:22:07;Kellner 3;WAHR;4,5;cash;;
1984;2004;732;ORDER: CREATED - Bestellung erfasst;F1;Mineral 0,33;#b3e5fc;Anti;2,5;0;NULL;;2026-05-10 15:22:07;Kellner 3;WAHR;2,5;cash;;
1985;2003;732;ORDER: CREATED - Bestellung erfasst;F1;Sommer spritzer 0,5;#fff176;Alk;4,5;0;NULL;;2026-05-10 15:22:07;Kellner 3;WAHR;4,5;free;;
1986;2006;733;ORDER: CREATED - Bestellung erfasst;U6;Cola 0,33;#004d40;Anti;3;0;NULL;;2026-05-10 15:22:27;Kellner 10;WAHR;3;cash;;
1987;2008;734;ORDER: CREATED - Bestellung erfasst;U5;Schnitzelsemmerl;#f57f17;Essen;4,5;0;NULL;;2026-05-10 15:23:35;Kellner 10;WAHR;4,5;cash;;161
1988;2007;734;ORDER: CREATED - Bestellung erfasst;U5;Schnitzelsemmerl;#f57f17;Essen;4,5;0;NULL;;2026-05-10 15:23:35;Kellner 10;WAHR;4,5;cash;;161
1989;2012;735;ORDER: CREATED - Bestellung erfasst;C1;Sommer spritzer 0,5;#fff176;Alk;4,5;0;NULL;;2026-05-10 15:24:30;Kellner 3;WAHR;4,5;cash;;
1990;2011;735;ORDER: CREATED - Bestellung erfasst;C1;Sommer spritzer 0,5;#fff176;Alk;4,5;0;NULL;;2026-05-10 15:24:30;Kellner 3;WAHR;4,5;cash;;
1991;2010;735;ORDER: CREATED - Bestellung erfasst;C1;Sommer spritzer 0,5;#fff176;Alk;4,5;0;NULL;;2026-05-10 15:24:30;Kellner 3;WAHR;4,5;cash;;
1992;2009;735;ORDER: CREATED - Bestellung erfasst;C1;Sommer spritzer 0,5;#fff176;Alk;4,5;0;NULL;;2026-05-10 15:24:30;Kellner 3;WAHR;4,5;cash;;
1993;2016;735;ORDER: CREATED - Bestellung erfasst;C1;Bier 0,5;#fbc02d;Alk;4,5;0;NULL;;2026-05-10 15:24:30;Kellner 3;WAHR;4,5;cash;;
1994;2015;735;ORDER: CREATED - Bestellung erfasst;C1;Bier 0,5;#fbc02d;Alk;4,5;0;NULL;;2026-05-10 15:24:30;Kellner 3;WAHR;4,5;cash;;
1995;2014;735;ORDER: CREATED - Bestellung erfasst;C1;Bier 0,5;#fbc02d;Alk;4,5;0;NULL;;2026-05-10 15:24:30;Kellner 3;WAHR;4,5;cash;;
1996;2013;735;ORDER: CREATED - Bestellung erfasst;C1;Sommer spritzer 0,5;#fff176;Alk;4,5;0;NULL;;2026-05-10 15:24:30;Kellner 3;WAHR;4,5;cash;;
1997;2017;736;ORDER: CREATED - Bestellung erfasst;U3;Radler 0,5;#afb42b;Alk;4,5;0;NULL;;2026-05-10 15:24:35;Kellner 10;WAHR;4,5;cash;;
1998;2018;737;ORDER: CREATED - Bestellung erfasst;F4;Soda zitron 0,5;#4fc3f7;Anti;3;0;NULL;;2026-05-10 15:25:38;Kellner 3;WAHR;3;cash;;
1999;2019;738;ORDER: CREATED - Bestellung erfasst;B7;Sommer spritzer 0,5;#fff176;Alk;4,5;0;NULL;;2026-05-10 15:33:38;Kellner 2;WAHR;4,5;cash;;
2000;2020;738;ORDER: CREATED - Bestellung erfasst;B7;Sommer spritzer 0,5;#fff176;Alk;4,5;0;NULL;;2026-05-10 15:33:38;Kellner 2;WAHR;4,5;cash;;
2001;2022;739;ORDER: CREATED - Bestellung erfasst;B9;Schnitzelsemmerl;#f57f17;Essen;4,5;0;NULL;;2026-05-10 15:40:50;Kellner 2;WAHR;4,5;voucher;;465
2002;2021;739;ORDER: CREATED - Bestellung erfasst;B9;Schnitzelsemmerl;#f57f17;Essen;4,5;0;NULL;;2026-05-10 15:40:50;Kellner 2;WAHR;4,5;voucher;;465
2003;2023;740;ORDER: CREATED - Bestellung erfasst;B9;Schnitzelsemmerl;#f57f17;Essen;4,5;0;NULL;;2026-05-10 15:41:14;Kellner 10;WAHR;4,5;cash;;441
2004;2024;741;ORDER: CREATED - Bestellung erfasst;E4;Bier 0,5;#fbc02d;Alk;4,5;0;NULL;;2026-05-10 15:50:24;Kellner 2;WAHR;4,5;cash;;
2005;2025;741;ORDER: CREATED - Bestellung erfasst;E4;Bier 0,5;#fbc02d;Alk;4,5;0;NULL;;2026-05-10 15:50:24;Kellner 2;WAHR;4,5;cash;;
2006;2026;742;ORDER: CREATED - Bestellung erfasst;F1;Bier 0,5;#fbc02d;Alk;4,5;0;NULL;;2026-05-10 15:57:07;Kellner 2;WAHR;4,5;free;;
2007;2030;742;ORDER: CREATED - Bestellung erfasst;F1;Bier 0,5;#fbc02d;Alk;4,5;0;NULL;;2026-05-10 15:57:07;Kellner 2;WAHR;4,5;free;;
2008;2029;742;ORDER: CREATED - Bestellung erfasst;F1;Bier 0,5;#fbc02d;Alk;4,5;0;NULL;;2026-05-10 15:57:07;Kellner 2;WAHR;4,5;free;;
2009;2028;742;ORDER: CREATED - Bestellung erfasst;F1;Bier 0,5;#fbc02d;Alk;4,5;0;NULL;;2026-05-10 15:57:07;Kellner 2;WAHR;4,5;free;;
2010;2027;742;ORDER: CREATED - Bestellung erfasst;F1;Bier 0,5;#fbc02d;Alk;4,5;0;NULL;;2026-05-10 15:57:07;Kellner 2;WAHR;4,5;free;;
2011;2032;742;ORDER: CREATED - Bestellung erfasst;F1;Cola 0,33;#004d40;Anti;3;0;NULL;;2026-05-10 15:57:07;Kellner 2;WAHR;3;free;;
2012;2031;742;ORDER: CREATED - Bestellung erfasst;F1;Radler 0,5;#afb42b;Alk;4,5;0;NULL;;2026-05-10 15:57:07;Kellner 2;WAHR;4,5;free;;
2013;2036;743;ORDER: CREATED - Bestellung erfasst;U5;Mineral 0,33;#b3e5fc;Anti;2,5;0;NULL;;2026-05-10 16:09:08;Kellner 10;WAHR;2,5;cash;;
2014;2033;743;ORDER: CREATED - Bestellung erfasst;U5;Sommer spritzer 0,5;#fff176;Alk;4,5;0;NULL;;2026-05-10 16:09:08;Kellner 10;WAHR;4,5;cash;;
2015;2034;743;ORDER: CREATED - Bestellung erfasst;U5;Sommer spritzer 0,5;#fff176;Alk;4,5;0;NULL;;2026-05-10 16:09:08;Kellner 10;WAHR;4,5;cash;;
2016;2035;743;ORDER: CREATED - Bestellung erfasst;U5;Bier 0,5;#fbc02d;Alk;4,5;0;NULL;;2026-05-10 16:09:08;Kellner 10;WAHR;4,5;cash;;
