;Bestell-ID;Bestellung;Status;Tisch;Artikel;Artikelfarbe;Kategorie;Preis;Ust-Satz;Ust-Schlüssel;Kommentar;Bestellzeitpunkt;Benutzer;Bezahlt;Bezahlter Betrag;Zahlungsmethode;Zahlungsreferenz;Zubereitungsdauer in Sekunden
0;152;63;ORDER: CREATED - Bestellung erfasst;H10;Bier 0,5;#fbc02d;Alk;4,5;0;NULL;;2026-05-08 18:32:50;Kellner 9;WAHR;4,5;cash;;
1;151;63;ORDER: CREATED - Bestellung erfasst;H10;Bier 0,5;#fbc02d;Alk;4,5;0;NULL;;2026-05-08 18:32:50;Kellner 9;WAHR;4,5;cash;;
2;153;63;ORDER: CREATED - Bestellung erfasst;H10;Sommer spritzer 0,5;#fff176;Alk;4,5;0;NULL;;2026-05-08 18:32:50;Kellner 9;WAHR;4,5;cash;;
3;154;63;ORDER: CREATED - Bestellung erfasst;H10;Sommer spritzer 0,5;#fff176;Alk;4,5;0;NULL;;2026-05-08 18:32:50;Kellner 9;WAHR;4,5;cash;;
4;155;63;ORDER: CREATED - Bestellung erfasst;H10;Almdudler 0,33;#fbc02d;Anti;3;0;NULL;;2026-05-08 18:32:50;Kellner 9;WAHR;3;cash;;
5;156;63;ORDER: CREATED - Bestellung erfasst;H10;Mineral 0,33;#b3e5fc;Anti;2,5;0;NULL;;2026-05-08 18:32:50;Kellner 9;WAHR;2,5;cash;;
6;157;64;ORDER: CREATED - Bestellung erfasst;H9;Bier 0,5;#fbc02d;Alk;4,5;0;NULL;;2026-05-08 18:35:02;Kellner 7;WAHR;4,5;cash;;
7;158;64;ORDER: CREATED - Bestellung erfasst;H9;Bier 0,5;#fbc02d;Alk;4,5;0;NULL;;2026-05-08 18:35:02;Kellner 7;WAHR;4,5;cash;;
8;159;64;ORDER: CREATED - Bestellung erfasst;H9;Almdudler 0,33;#fbc02d;Anti;3;0;NULL;;2026-05-08 18:35:02;Kellner 7;WAHR;3;cash;;
9;160;65;ORDER: CREATED - Bestellung erfasst;F9;Sommer spritzer 0,5;#fff176;Alk;4,5;0;NULL;;2026-05-08 18:36:43;Kellner 9;WAHR;4,5;cash;;
10;161;65;ORDER: CREATED - Bestellung erfasst;F9;Sommer spritzer 0,5;#fff176;Alk;4,5;0;NULL;;2026-05-08 18:36:43;Kellner 9;WAHR;4,5;cash;;
11;162;65;ORDER: CREATED - Bestellung erfasst;F9;Pommes;#ffc000;Essen;3,5;0;NULL;;2026-05-08 18:36:43;Kellner 9;WAHR;3,5;cash;;139
12;163;65;ORDER: CREATED - Bestellung erfasst;F9;Pommes;#ffc000;Essen;3,5;0;NULL;;2026-05-08 18:36:43;Kellner 9;WAHR;3,5;cash;;139
13;164;66;ORDER: CREATED - Bestellung erfasst;B9;Sommer spritzer 0,5;#fff176;Alk;4,5;0;NULL;;2026-05-08 18:37:33;Kellner 5;WAHR;4,5;cash;;
14;165;66;ORDER: CREATED - Bestellung erfasst;B9;Hendl mit Pommes;#0070c0;Essen;12,5;0;NULL;;2026-05-08 18:37:33;Kellner 5;WAHR;12,5;cash;;563
15;166;67;ORDER: CREATED - Bestellung erfasst;F10;Bier 0,5;#fbc02d;Alk;4,5;0;NULL;;2026-05-08 18:38:15;Kellner 7;WAHR;4,5;cash;;
16;167;67;ORDER: CREATED - Bestellung erfasst;F10;Bier 0,5;#fbc02d;Alk;4,5;0;NULL;;2026-05-08 18:38:15;Kellner 7;WAHR;4,5;cash;;
17;168;67;ORDER: CREATED - Bestellung erfasst;F10;Pommes;#ffc000;Essen;3,5;0;NULL;;2026-05-08 18:38:15;Kellner 7;WAHR;3,5;cash;;72
18;169;67;ORDER: CREATED - Bestellung erfasst;F10;Backhendl Salat;#4fc3f7;Essen;9;0;NULL;;2026-05-08 18:38:15;Kellner 7;WAHR;9;cash;;42
19;170;68;ORDER: CREATED - Bestellung erfasst;G9;Bier 0,5;#fbc02d;Alk;4,5;0;NULL;;2026-05-08 18:44:43;Kellner 3;WAHR;4,5;cash;;
20;171;68;ORDER: CREATED - Bestellung erfasst;G9;Bier 0,5;#fbc02d;Alk;4,5;0;NULL;;2026-05-08 18:44:43;Kellner 3;WAHR;4,5;cash;;
21;172;69;ORDER: CREATED - Bestellung erfasst;H10;Hendl mit Pommes;#0070c0;Essen;12,5;0;NULL;;2026-05-08 18:45:19;Kellner 9;WAHR;12,5;cash;;97
22;173;69;ORDER: CREATED - Bestellung erfasst;H10;Hendl mit Pommes;#0070c0;Essen;12,5;0;NULL;;2026-05-08 18:45:19;Kellner 9;WAHR;12,5;cash;;97
23;174;69;ORDER: CREATED - Bestellung erfasst;H10;Hendl mit Pommes;#0070c0;Essen;12,5;0;NULL;;2026-05-08 18:45:19;Kellner 9;WAHR;12,5;cash;;97
24;175;69;ORDER: CREATED - Bestellung erfasst;H10;Hendl mit Pommes;#0070c0;Essen;12,5;0;NULL;;2026-05-08 18:45:19;Kellner 9;WAHR;12,5;cash;;129
25;176;69;ORDER: CREATED - Bestellung erfasst;H10;Schnitzel mit Pommes;#827717;Essen;11,5;0;NULL;;2026-05-08 18:45:19;Kellner 9;WAHR;11,5;cash;;111
26;177;70;ORDER: CREATED - Bestellung erfasst;G10;Radler sauer 0,5;#aed581;Alk;4,5;0;NULL;;2026-05-08 18:47:27;Kellner 9;WAHR;4,5;cash;;
27;178;70;ORDER: CREATED - Bestellung erfasst;G10;Almdudler 0,33;#fbc02d;Anti;3;0;NULL;;2026-05-08 18:47:27;Kellner 9;WAHR;3;cash;;
28;179;71;ORDER: CREATED - Bestellung erfasst;H9;Hendl mit Pommes;#0070c0;Essen;12,5;0;NULL;;2026-05-08 18:48:16;Kellner 7;WAHR;12,5;cash;;9
29;180;71;ORDER: CREATED - Bestellung erfasst;H9;Hendl mit Pommes;#0070c0;Essen;12,5;0;NULL;;2026-05-08 18:48:16;Kellner 7;WAHR;12,5;cash;;9
30;181;72;ORDER: CREATED - Bestellung erfasst;E1;Bier 0,5;#fbc02d;Alk;4,5;0;NULL;;2026-05-08 18:48:31;Kellner 2;WAHR;4,5;voucher;;
31;182;72;ORDER: CREATED - Bestellung erfasst;E1;Bier 0,5;#fbc02d;Alk;4,5;0;NULL;;2026-05-08 18:48:31;Kellner 2;WAHR;4,5;voucher;;
32;183;72;ORDER: CREATED - Bestellung erfasst;E1;Bier 0,5;#fbc02d;Alk;4,5;0;NULL;;2026-05-08 18:48:31;Kellner 2;WAHR;4,5;voucher;;
33;184;72;ORDER: CREATED - Bestellung erfasst;E1;Sommer spritzer 0,5;#fff176;Alk;4,5;0;NULL;;2026-05-08 18:48:31;Kellner 2;WAHR;4,5;voucher;;
34;185;72;ORDER: CREATED - Bestellung erfasst;E1;Sommer spritzer 0,5;#fff176;Alk;4,5;0;NULL;;2026-05-08 18:48:31;Kellner 2;WAHR;4,5;voucher;;
35;186;72;ORDER: CREATED - Bestellung erfasst;E1;Sommer spritzer 0,5;#fff176;Alk;4,5;0;NULL;;2026-05-08 18:48:31;Kellner 2;WAHR;4,5;voucher;;
36;187;72;ORDER: CREATED - Bestellung erfasst;E1;Sommer spritzer 0,5;#fff176;Alk;4,5;0;NULL;;2026-05-08 18:48:31;Kellner 2;WAHR;4,5;voucher;;
37;188;72;ORDER: CREATED - Bestellung erfasst;E1;Sommer spritzer 0,5;#fff176;Alk;4,5;0;NULL;;2026-05-08 18:48:31;Kellner 2;WAHR;4,5;voucher;;
38;189;72;ORDER: CREATED - Bestellung erfasst;E1;Bier 0,5;#fbc02d;Alk;4,5;0;NULL;;2026-05-08 18:48:31;Kellner 2;WAHR;4,5;voucher;;
39;190;72;ORDER: CREATED - Bestellung erfasst;E1;Bier 0,5;#fbc02d;Alk;4,5;0;NULL;;2026-05-08 18:48:31;Kellner 2;WAHR;4,5;voucher;;
40;191;72;ORDER: CREATED - Bestellung erfasst;E1;Radler 0,5;#afb42b;Alk;4,5;0;NULL;;2026-05-08 18:48:31;Kellner 2;WAHR;4,5;voucher;;
41;192;72;ORDER: CREATED - Bestellung erfasst;E1;Radler 0,5;#afb42b;Alk;4,5;0;NULL;;2026-05-08 18:48:31;Kellner 2;WAHR;4,5;voucher;;
42;193;73;ORDER: CREATED - Bestellung erfasst;I1;Bier 0,5;#fbc02d;Alk;4,5;0;NULL;;2026-05-08 18:48:44;Kellner 4;WAHR;4,5;voucher;;
43;194;73;ORDER: CREATED - Bestellung erfasst;I1;Bier 0,5;#fbc02d;Alk;4,5;0;NULL;;2026-05-08 18:48:44;Kellner 4;WAHR;4,5;voucher;;
44;195;73;ORDER: CREATED - Bestellung erfasst;I1;Bier 0,5;#fbc02d;Alk;4,5;0;NULL;;2026-05-08 18:48:44;Kellner 4;WAHR;4,5;voucher;;
45;196;73;ORDER: CREATED - Bestellung erfasst;I1;Bier 0,5;#fbc02d;Alk;4,5;0;NULL;;2026-05-08 18:48:44;Kellner 4;WAHR;4,5;voucher;;
46;197;73;ORDER: CREATED - Bestellung erfasst;I1;Bier 0,5;#fbc02d;Alk;4,5;0;NULL;;2026-05-08 18:48:44;Kellner 4;WAHR;4,5;voucher;;
47;198;73;ORDER: CREATED - Bestellung erfasst;I1;Bier 0,5;#fbc02d;Alk;4,5;0;NULL;;2026-05-08 18:48:44;Kellner 4;WAHR;4,5;voucher;;
48;199;73;ORDER: CREATED - Bestellung erfasst;I1;Bier 0,5;#fbc02d;Alk;4,5;0;NULL;;2026-05-08 18:48:44;Kellner 4;WAHR;4,5;voucher;;
49;200;74;ORDER: CREATED - Bestellung erfasst;F3;Sommer spritzer 0,5;#fff176;Alk;4,5;0;NULL;;2026-05-08 18:48:59;Kellner 3;WAHR;4,5;cash;;
50;201;74;ORDER: CREATED - Bestellung erfasst;F3;Sommer spritzer 0,5;#fff176;Alk;4,5;0;NULL;;2026-05-08 18:48:59;Kellner 3;WAHR;4,5;cash;;
51;202;74;ORDER: CREATED - Bestellung erfasst;F3;Bier 0,5;#fbc02d;Alk;4,5;0;NULL;;2026-05-08 18:48:59;Kellner 3;WAHR;4,5;cash;;
52;203;74;ORDER: CREATED - Bestellung erfasst;F3;Bier 0,5;#fbc02d;Alk;4,5;0;NULL;;2026-05-08 18:48:59;Kellner 3;WAHR;4,5;cash;;
53;204;74;ORDER: CREATED - Bestellung erfasst;F3;Bier 0,5;#fbc02d;Alk;4,5;0;NULL;;2026-05-08 18:48:59;Kellner 3;WAHR;4,5;cash;;
54;205;74;ORDER: CREATED - Bestellung erfasst;F3;Freibier 0.5;#ffeb3b;Alk;4,5;0;NULL;;2026-05-08 18:48:59;Kellner 3;WAHR;4,5;cash;;
55;206;74;ORDER: CREATED - Bestellung erfasst;F3;Bier 0,5;#fbc02d;Alk;4,5;0;NULL;;2026-05-08 18:48:59;Kellner 3;WAHR;4,5;cash;;
56;207;74;ORDER: CREATED - Bestellung erfasst;F3;Bier 0,5;#fbc02d;Alk;4,5;0;NULL;;2026-05-08 18:48:59;Kellner 3;WAHR;4,5;cash;;
57;208;74;ORDER: CREATED - Bestellung erfasst;F3;Freibier 0.5;#ffeb3b;Alk;4,5;0;NULL;;2026-05-08 18:48:59;Kellner 3;WAHR;4,5;cash;;
58;209;74;ORDER: CREATED - Bestellung erfasst;F3;Soda zitron 0,5;#4fc3f7;Anti;3;0;NULL;;2026-05-08 18:48:59;Kellner 3;WAHR;3;cash;;
59;210;74;ORDER: CREATED - Bestellung erfasst;F3;Soda zitron 0,5;#4fc3f7;Anti;3;0;NULL;;2026-05-08 18:48:59;Kellner 3;WAHR;3;cash;;
60;211;75;ORDER: CREATED - Bestellung erfasst;E3;Almdudler 0,33;#fbc02d;Anti;3;0;NULL;;2026-05-08 18:49:11;Kellner 1;WAHR;3;voucher;;
61;212;75;ORDER: CREATED - Bestellung erfasst;E3;Sommer spritzer 0,5;#fff176;Alk;4,5;0;NULL;;2026-05-08 18:49:11;Kellner 1;WAHR;4,5;voucher;;
62;213;75;ORDER: CREATED - Bestellung erfasst;E3;Sommer spritzer 0,5;#fff176;Alk;4,5;0;NULL;;2026-05-08 18:49:11;Kellner 1;WAHR;4,5;voucher;;
63;214;75;ORDER: CREATED - Bestellung erfasst;E3;Almdudler 0,33;#fbc02d;Anti;3;0;NULL;;2026-05-08 18:49:11;Kellner 1;WAHR;3;voucher;;
64;215;76;ORDER: CREATED - Bestellung erfasst;E1;Bier 0,5;#fbc02d;Alk;4,5;0;NULL;;2026-05-08 18:49:52;Kellner 2;WAHR;4,5;voucher;;
65;216;77;ORDER: CREATED - Bestellung erfasst;I2;Cola 0,33;#004d40;Anti;3;0;NULL;;2026-05-08 18:50:04;Kellner 4;WAHR;3;voucher;;
66;217;77;ORDER: CREATED - Bestellung erfasst;I2;Cola 0,33;#004d40;Anti;3;0;NULL;;2026-05-08 18:50:04;Kellner 4;WAHR;3;voucher;;
67;218;78;ORDER: CREATED - Bestellung erfasst;E3;Bier 0,5;#fbc02d;Alk;4,5;0;NULL;;2026-05-08 18:50:16;Kellner 1;WAHR;4,5;voucher;;
68;219;79;ORDER: CREATED - Bestellung erfasst;F7;Bier 0,5;#fbc02d;Alk;4,5;0;NULL;;2026-05-08 18:50:39;Kellner 7;FALSCH;0;;;
69;220;79;ORDER: CREATED - Bestellung erfasst;F7;Bier 0,5;#fbc02d;Alk;4,5;0;NULL;;2026-05-08 18:50:39;Kellner 7;FALSCH;0;;;
70;221;79;ORDER: CREATED - Bestellung erfasst;F7;Bier 0,5;#fbc02d;Alk;4,5;0;NULL;;2026-05-08 18:50:39;Kellner 7;FALSCH;0;;;
71;222;79;ORDER: CREATED - Bestellung erfasst;F7;Bier 0,5;#fbc02d;Alk;4,5;0;NULL;;2026-05-08 18:50:39;Kellner 7;FALSCH;0;;;
72;223;79;ORDER: CREATED - Bestellung erfasst;F7;Bier 0,5;#fbc02d;Alk;4,5;0;NULL;;2026-05-08 18:50:39;Kellner 7;FALSCH;0;;;
73;224;79;ORDER: CREATED - Bestellung erfasst;F7;Bier 0,5;#fbc02d;Alk;4,5;0;NULL;;2026-05-08 18:50:39;Kellner 7;FALSCH;0;;;
74;225;79;ORDER: CREATED - Bestellung erfasst;F7;Limo Orange 0,33;#ffc107;Anti;3;0;NULL;;2026-05-08 18:50:39;Kellner 7;FALSCH;0;;;
75;226;80;ORDER: CREATED - Bestellung erfasst;D7;Bier 0,5;#fbc02d;Alk;4,5;0;NULL;;2026-05-08 18:51:00;Kellner 6;WAHR;4,5;voucher;;
76;227;80;ORDER: CREATED - Bestellung erfasst;D7;Bier 0,5;#fbc02d;Alk;4,5;0;NULL;;2026-05-08 18:51:00;Kellner 6;WAHR;4,5;voucher;;
77;228;80;ORDER: CREATED - Bestellung erfasst;D7;Bier 0,5;#fbc02d;Alk;4,5;0;NULL;;2026-05-08 18:51:00;Kellner 6;WAHR;4,5;voucher;;
78;229;80;ORDER: CREATED - Bestellung erfasst;D7;Bier 0,5;#fbc02d;Alk;4,5;0;NULL;;2026-05-08 18:51:00;Kellner 6;WAHR;4,5;voucher;;
79;230;80;ORDER: CREATED - Bestellung erfasst;D7;Sommer spritzer 0,5;#fff176;Alk;4,5;0;NULL;;2026-05-08 18:51:00;Kellner 6;WAHR;4,5;voucher;;
80;231;80;ORDER: CREATED - Bestellung erfasst;D7;Sommer spritzer 0,5;#fff176;Alk;4,5;0;NULL;;2026-05-08 18:51:00;Kellner 6;WAHR;4,5;voucher;;
81;232;80;ORDER: CREATED - Bestellung erfasst;D7;Sommer spritzer 0,5;#fff176;Alk;4,5;0;NULL;;2026-05-08 18:51:00;Kellner 6;WAHR;4,5;voucher;;
82;233;80;ORDER: CREATED - Bestellung erfasst;D7;Sommer spritzer 0,5;#fff176;Alk;4,5;0;NULL;;2026-05-08 18:51:00;Kellner 6;WAHR;4,5;voucher;;
83;234;80;ORDER: CREATED - Bestellung erfasst;D7;Sommer spritzer 0,5;#fff176;Alk;4,5;0;NULL;;2026-05-08 18:51:00;Kellner 6;WAHR;4,5;voucher;;
84;235;80;ORDER: CREATED - Bestellung erfasst;D7;Freibier 0.5;#ffeb3b;Alk;4,5;0;NULL;;2026-05-08 18:51:00;Kellner 6;WAHR;4,5;voucher;;
85;236;80;ORDER: CREATED - Bestellung erfasst;D7;Freibier 0.5;#ffeb3b;Alk;4,5;0;NULL;;2026-05-08 18:51:00;Kellner 6;WAHR;4,5;voucher;;
86;237;80;ORDER: CREATED - Bestellung erfasst;D7;Cola 0,33;#004d40;Anti;3;0;NULL;;2026-05-08 18:51:00;Kellner 6;WAHR;3;voucher;;
87;238;81;ORDER: CREATED - Bestellung erfasst;H1;Bier 0,5;#fbc02d;Alk;4,5;0;NULL;;2026-05-08 18:51:04;Kellner 4;WAHR;4,5;voucher;;
88;239;81;ORDER: CREATED - Bestellung erfasst;H1;Sommer spritzer 0,5;#fff176;Alk;4,5;0;NULL;;2026-05-08 18:51:04;Kellner 4;WAHR;4,5;voucher;;
89;240;81;ORDER: CREATED - Bestellung erfasst;H1;Bier 0,5;#fbc02d;Alk;4,5;0;NULL;;2026-05-08 18:51:04;Kellner 4;WAHR;4,5;voucher;;
90;241;81;ORDER: CREATED - Bestellung erfasst;H1;Bier 0,5;#fbc02d;Alk;4,5;0;NULL;;2026-05-08 18:51:04;Kellner 4;WAHR;4,5;voucher;;
91;242;81;ORDER: CREATED - Bestellung erfasst;H1;Bier 0,5;#fbc02d;Alk;4,5;0;NULL;;2026-05-08 18:51:04;Kellner 4;WAHR;4,5;voucher;;
92;243;81;ORDER: CREATED - Bestellung erfasst;H1;Sommer spritzer 0,5;#fff176;Alk;4,5;0;NULL;;2026-05-08 18:51:04;Kellner 4;WAHR;4,5;voucher;;
93;244;81;ORDER: CREATED - Bestellung erfasst;H1;Bier 0,5;#fbc02d;Alk;4,5;0;NULL;;2026-05-08 18:51:04;Kellner 4;WAHR;4,5;voucher;;
94;245;82;ORDER: CREATED - Bestellung erfasst;E4;Bier 0,5;#fbc02d;Alk;4,5;0;NULL;;2026-05-08 18:51:17;Kellner 1;WAHR;4,5;voucher;;
95;246;82;ORDER: CREATED - Bestellung erfasst;E4;Bier 0,5;#fbc02d;Alk;4,5;0;NULL;;2026-05-08 18:51:17;Kellner 1;WAHR;4,5;voucher;;
96;247;82;ORDER: CREATED - Bestellung erfasst;E4;Bier 0,5;#fbc02d;Alk;4,5;0;NULL;;2026-05-08 18:51:17;Kellner 1;WAHR;4,5;voucher;;
97;248;82;ORDER: CREATED - Bestellung erfasst;E4;Bier 0,5;#fbc02d;Alk;4,5;0;NULL;;2026-05-08 18:51:17;Kellner 1;WAHR;4,5;voucher;;
98;249;82;ORDER: CREATED - Bestellung erfasst;E4;Bier 0,5;#fbc02d;Alk;4,5;0;NULL;;2026-05-08 18:51:17;Kellner 1;WAHR;4,5;voucher;;
99;250;83;ORDER: CREATED - Bestellung erfasst;E7;Bier 0,5;#fbc02d;Alk;4,5;0;NULL;;2026-05-08 18:51:17;Kellner 5;WAHR;4,5;voucher;;
100;251;83;ORDER: CREATED - Bestellung erfasst;E7;Bier 0,5;#fbc02d;Alk;4,5;0;NULL;;2026-05-08 18:51:17;Kellner 5;WAHR;4,5;voucher;;
101;252;83;ORDER: CREATED - Bestellung erfasst;E7;Bier 0,5;#fbc02d;Alk;4,5;0;NULL;;2026-05-08 18:51:17;Kellner 5;WAHR;4,5;voucher;;
102;253;83;ORDER: CREATED - Bestellung erfasst;E7;Bier 0,5;#fbc02d;Alk;4,5;0;NULL;;2026-05-08 18:51:17;Kellner 5;WAHR;4,5;voucher;;
103;254;83;ORDER: CREATED - Bestellung erfasst;E7;Bier 0,5;#fbc02d;Alk;4,5;0;NULL;;2026-05-08 18:51:17;Kellner 5;WAHR;4,5;voucher;;
104;255;83;ORDER: CREATED - Bestellung erfasst;E7;Bier 0,5;#fbc02d;Alk;4,5;0;NULL;;2026-05-08 18:51:17;Kellner 5;WAHR;4,5;voucher;;
105;256;83;ORDER: CREATED - Bestellung erfasst;E7;Sommer spritzer 0,5;#fff176;Alk;4,5;0;NULL;;2026-05-08 18:51:17;Kellner 5;WAHR;4,5;voucher;;
106;257;83;ORDER: CREATED - Bestellung erfasst;E7;Limo Orange 0,33;#ffc107;Anti;3;0;NULL;;2026-05-08 18:51:17;Kellner 5;WAHR;3;voucher;;
107;258;83;ORDER: CREATED - Bestellung erfasst;E7;Bier 0,5;#fbc02d;Alk;4,5;0;NULL;;2026-05-08 18:51:17;Kellner 5;WAHR;4,5;voucher;;
108;259;84;ORDER: CREATED - Bestellung erfasst;D2;Bier 0,5;#fbc02d;Alk;4,5;0;NULL;;2026-05-08 18:51:20;Kellner 2;WAHR;4,5;voucher;;
109;260;84;ORDER: CREATED - Bestellung erfasst;D2;Sommer spritzer 0,5;#fff176;Alk;4,5;0;NULL;;2026-05-08 18:51:20;Kellner 2;WAHR;4,5;voucher;;
110;261;84;ORDER: CREATED - Bestellung erfasst;D2;Soda zitron 0,5;#4fc3f7;Anti;3;0;NULL;;2026-05-08 18:51:20;Kellner 2;WAHR;3;voucher;;
111;262;84;ORDER: CREATED - Bestellung erfasst;D2;Cola 0,33;#004d40;Anti;3;0;NULL;;2026-05-08 18:51:20;Kellner 2;WAHR;3;voucher;;
112;263;84;ORDER: CREATED - Bestellung erfasst;D2;Cola 0,33;#004d40;Anti;3;0;NULL;;2026-05-08 18:51:20;Kellner 2;WAHR;3;voucher;;
113;264;84;ORDER: CREATED - Bestellung erfasst;D2;Cola 0,33;#004d40;Anti;3;0;NULL;;2026-05-08 18:51:20;Kellner 2;WAHR;3;voucher;;
114;265;84;ORDER: CREATED - Bestellung erfasst;D2;Cola 0,33;#004d40;Anti;3;0;NULL;;2026-05-08 18:51:20;Kellner 2;WAHR;3;voucher;;
115;266;85;ORDER: CREATED - Bestellung erfasst;I5;Bier 0,5;#fbc02d;Alk;4,5;0;NULL;;2026-05-08 18:51:37;Kellner 8;WAHR;4,5;voucher;;
116;267;85;ORDER: CREATED - Bestellung erfasst;I5;Bier 0,5;#fbc02d;Alk;4,5;0;NULL;;2026-05-08 18:51:37;Kellner 8;WAHR;4,5;voucher;;
117;268;85;ORDER: CREATED - Bestellung erfasst;I5;Bier 0,5;#fbc02d;Alk;4,5;0;NULL;;2026-05-08 18:51:37;Kellner 8;WAHR;4,5;voucher;;
118;269;85;ORDER: CREATED - Bestellung erfasst;I5;Radler 0,5;#afb42b;Alk;4,5;0;NULL;;2026-05-08 18:51:37;Kellner 8;WAHR;4,5;voucher;;
119;270;85;ORDER: CREATED - Bestellung erfasst;I5;Sommer spritzer 0,5;#fff176;Alk;4,5;0;NULL;;2026-05-08 18:51:37;Kellner 8;WAHR;4,5;voucher;;
120;271;85;ORDER: CREATED - Bestellung erfasst;I5;Sommer spritzer 0,5;#fff176;Alk;4,5;0;NULL;;2026-05-08 18:51:37;Kellner 8;WAHR;4,5;voucher;;
121;272;85;ORDER: CREATED - Bestellung erfasst;I5;Bier 0,5;#fbc02d;Alk;4,5;0;NULL;;2026-05-08 18:51:37;Kellner 8;WAHR;4,5;voucher;;
122;273;86;ORDER: CREATED - Bestellung erfasst;E8;Bier 0,5;#fbc02d;Alk;4,5;0;NULL;;2026-05-08 18:51:56;Kellner 5;WAHR;4,5;voucher;;
123;274;86;ORDER: CREATED - Bestellung erfasst;E8;Bier 0,5;#fbc02d;Alk;4,5;0;NULL;;2026-05-08 18:51:56;Kellner 5;WAHR;4,5;voucher;;
124;275;86;ORDER: CREATED - Bestellung erfasst;E8;Radler 0,5;#afb42b;Alk;4,5;0;NULL;;2026-05-08 18:51:56;Kellner 5;WAHR;4,5;voucher;;
125;276;86;ORDER: CREATED - Bestellung erfasst;E8;Bier 0,5;#fbc02d;Alk;4,5;0;NULL;;2026-05-08 18:51:56;Kellner 5;WAHR;4,5;voucher;;
126;277;86;ORDER: CREATED - Bestellung erfasst;E8;Bier 0,5;#fbc02d;Alk;4,5;0;NULL;;2026-05-08 18:51:56;Kellner 5;WAHR;4,5;voucher;;
127;278;86;ORDER: CREATED - Bestellung erfasst;E8;Bier 0,5;#fbc02d;Alk;4,5;0;NULL;;2026-05-08 18:51:56;Kellner 5;WAHR;4,5;voucher;;
128;279;87;ORDER: CREATED - Bestellung erfasst;G7;Bier 0,5;#fbc02d;Alk;4,5;0;NULL;;2026-05-08 18:52:08;Kellner 7;WAHR;4,5;voucher;;
129;280;87;ORDER: CREATED - Bestellung erfasst;G7;Bier 0,5;#fbc02d;Alk;4,5;0;NULL;;2026-05-08 18:52:08;Kellner 7;WAHR;4,5;voucher;;
130;281;87;ORDER: CREATED - Bestellung erfasst;G7;Bier 0,5;#fbc02d;Alk;4,5;0;NULL;;2026-05-08 18:52:08;Kellner 7;WAHR;4,5;voucher;;
131;282;87;ORDER: CREATED - Bestellung erfasst;G7;Sommer spritzer 0,5;#fff176;Alk;4,5;0;NULL;;2026-05-08 18:52:08;Kellner 7;WAHR;4,5;voucher;;
132;283;88;ORDER: CREATED - Bestellung erfasst;F1;Soda zitron 0,5;#4fc3f7;Anti;3;0;NULL;;2026-05-08 18:52:28;Kellner 4;WAHR;3;voucher;;
133;284;88;ORDER: CREATED - Bestellung erfasst;F1;Radler 0,5;#afb42b;Alk;4,5;0;NULL;;2026-05-08 18:52:28;Kellner 4;WAHR;4,5;voucher;;
134;285;88;ORDER: CREATED - Bestellung erfasst;F1;Radler 0,5;#afb42b;Alk;4,5;0;NULL;;2026-05-08 18:52:28;Kellner 4;WAHR;4,5;voucher;;
135;286;89;ORDER: CREATED - Bestellung erfasst;F5;Bier 0,5;#fbc02d;Alk;4,5;0;NULL;;2026-05-08 18:53:13;Kellner 8;WAHR;4,5;free;;
136;287;89;ORDER: CREATED - Bestellung erfasst;F5;Bier 0,5;#fbc02d;Alk;4,5;0;NULL;;2026-05-08 18:53:13;Kellner 8;WAHR;4,5;free;;
137;288;89;ORDER: CREATED - Bestellung erfasst;F5;Sommer spritzer 0,5;#fff176;Alk;4,5;0;NULL;;2026-05-08 18:53:13;Kellner 8;WAHR;4,5;free;;
138;289;90;ORDER: CREATED - Bestellung erfasst;F2;Bier 0,5;#fbc02d;Alk;4,5;0;NULL;;2026-05-08 18:53:13;Kellner 4;WAHR;4,5;cash;;
139;290;90;ORDER: CREATED - Bestellung erfasst;F2;Bier 0,5;#fbc02d;Alk;4,5;0;NULL;;2026-05-08 18:53:13;Kellner 4;WAHR;4,5;cash;;
140;291;90;ORDER: CREATED - Bestellung erfasst;F2;Bier 0,5;#fbc02d;Alk;4,5;0;NULL;;2026-05-08 18:53:13;Kellner 4;WAHR;4,5;cash;;
141;292;90;ORDER: CREATED - Bestellung erfasst;F2;Bier 0,5;#fbc02d;Alk;4,5;0;NULL;;2026-05-08 18:53:13;Kellner 4;WAHR;4,5;cash;;
142;293;90;ORDER: CREATED - Bestellung erfasst;F2;Bier 0,5;#fbc02d;Alk;4,5;0;NULL;;2026-05-08 18:53:13;Kellner 4;WAHR;4,5;cash;;
143;294;90;ORDER: CREATED - Bestellung erfasst;F2;Bier 0,5;#fbc02d;Alk;4,5;0;NULL;;2026-05-08 18:53:13;Kellner 4;WAHR;4,5;cash;;
144;295;91;ORDER: CREATED - Bestellung erfasst;G8;Soda zitron 0,5;#4fc3f7;Anti;3;0;NULL;;2026-05-08 18:53:17;Kellner 7;WAHR;3;voucher;;
145;296;91;ORDER: CREATED - Bestellung erfasst;G8;Soda zitron 0,5;#4fc3f7;Anti;3;0;NULL;;2026-05-08 18:53:17;Kellner 7;WAHR;3;voucher;;
146;297;91;ORDER: CREATED - Bestellung erfasst;G8;Soda zitron 0,5;#4fc3f7;Anti;3;0;NULL;;2026-05-08 18:53:17;Kellner 7;WAHR;3;voucher;;
147;298;91;ORDER: CREATED - Bestellung erfasst;G8;Bier 0,5;#fbc02d;Alk;4,5;0;NULL;;2026-05-08 18:53:17;Kellner 7;WAHR;4,5;voucher;;
148;299;91;ORDER: CREATED - Bestellung erfasst;G8;Bier 0,5;#fbc02d;Alk;4,5;0;NULL;;2026-05-08 18:53:17;Kellner 7;WAHR;4,5;voucher;;
149;300;92;ORDER: CREATED - Bestellung erfasst;D3;Limo Orange 0,33;#ffc107;Anti;3;0;NULL;;2026-05-08 18:53:17;Kellner 1;WAHR;3;voucher;;
150;301;92;ORDER: CREATED - Bestellung erfasst;D3;Schnitzelsemmerl;#f57f17;Essen;4,5;0;NULL;;2026-05-08 18:53:17;Kellner 1;WAHR;4,5;voucher;;20
151;302;92;ORDER: CREATED - Bestellung erfasst;D3;Sommer spritzer 0,5;#fff176;Alk;4,5;0;NULL;;2026-05-08 18:53:17;Kellner 1;WAHR;4,5;voucher;;
152;303;92;ORDER: CREATED - Bestellung erfasst;D3;Hendl mit Pommes;#0070c0;Essen;12,5;0;NULL;;2026-05-08 18:53:17;Kellner 1;WAHR;12,5;voucher;;11
153;304;92;ORDER: CREATED - Bestellung erfasst;D3;Sommer spritzer 0,5;#fff176;Alk;4,5;0;NULL;;2026-05-08 18:53:17;Kellner 1;WAHR;4,5;voucher;;
154;305;92;ORDER: CREATED - Bestellung erfasst;D3;Hendl mit Pommes;#0070c0;Essen;12,5;0;NULL;;2026-05-08 18:53:17;Kellner 1;WAHR;12,5;voucher;;11
155;306;92;ORDER: CREATED - Bestellung erfasst;D3;Grillwürstel mit Pommes;#8bc34a;Essen;8;0;NULL;;2026-05-08 18:53:17;Kellner 1;WAHR;8;voucher;;119
156;307;92;ORDER: CREATED - Bestellung erfasst;D3;Limo Orange 0,33;#ffc107;Anti;3;0;NULL;;2026-05-08 18:53:17;Kellner 1;WAHR;3;voucher;;
157;308;93;ORDER: CREATED - Bestellung erfasst;G5;Sommer spritzer 0,5;#fff176;Alk;4,5;0;NULL;;2026-05-08 18:53:39;Kellner 8;WAHR;4,5;free;;
158;309;93;ORDER: CREATED - Bestellung erfasst;G5;Sommer spritzer 0,5;#fff176;Alk;4,5;0;NULL;;2026-05-08 18:53:39;Kellner 8;WAHR;4,5;free;;
159;310;93;ORDER: CREATED - Bestellung erfasst;G5;Cola 0,33;#004d40;Anti;3;0;NULL;;2026-05-08 18:53:39;Kellner 8;WAHR;3;free;;
160;311;94;ORDER: CREATED - Bestellung erfasst;D3;Sommer spritzer 0,5;#fff176;Alk;4,5;0;NULL;;2026-05-08 18:53:41;Kellner 1;WAHR;4,5;voucher;;
161;312;94;ORDER: CREATED - Bestellung erfasst;D3;Schnitzelsemmerl;#f57f17;Essen;4,5;0;NULL;;2026-05-08 18:53:41;Kellner 1;WAHR;4,5;voucher;;33
162;313;95;ORDER: CREATED - Bestellung erfasst;G3;Sommer spritzer 0,5;#fff176;Alk;4,5;0;NULL;;2026-05-08 18:53:41;Kellner 3;WAHR;4,5;voucher;;
163;314;95;ORDER: CREATED - Bestellung erfasst;G3;Sommer spritzer 0,5;#fff176;Alk;4,5;0;NULL;;2026-05-08 18:53:41;Kellner 3;WAHR;4,5;voucher;;
164;315;95;ORDER: CREATED - Bestellung erfasst;G3;Soda zitron 0,5;#4fc3f7;Anti;3;0;NULL;;2026-05-08 18:53:41;Kellner 3;WAHR;3;voucher;;
165;316;95;ORDER: CREATED - Bestellung erfasst;G3;Hendl mit Pommes;#0070c0;Essen;12,5;0;NULL;;2026-05-08 18:53:41;Kellner 3;WAHR;12,5;voucher;;8
166;317;95;ORDER: CREATED - Bestellung erfasst;G3;Hendl mit Pommes;#0070c0;Essen;12,5;0;NULL;;2026-05-08 18:53:41;Kellner 3;WAHR;12,5;voucher;;8
167;318;95;ORDER: CREATED - Bestellung erfasst;G3;Hendl mit Pommes;#0070c0;Essen;12,5;0;NULL;;2026-05-08 18:53:41;Kellner 3;WAHR;12,5;voucher;;8
168;319;96;ORDER: CREATED - Bestellung erfasst;D10;Cola 0,33;#004d40;Anti;3;0;NULL;;2026-05-08 18:53:51;Kellner 9;WAHR;3;voucher;;
169;320;96;ORDER: CREATED - Bestellung erfasst;D10;Cola 0,33;#004d40;Anti;3;0;NULL;;2026-05-08 18:53:51;Kellner 9;WAHR;3;voucher;;
170;321;96;ORDER: CREATED - Bestellung erfasst;D10;Cola 0,33;#004d40;Anti;3;0;NULL;;2026-05-08 18:53:51;Kellner 9;WAHR;3;voucher;;
171;322;97;ORDER: CREATED - Bestellung erfasst;C9;Radler 0,5;#afb42b;Alk;4,5;0;NULL;;2026-05-08 18:54:00;Kellner 10;WAHR;4,5;cash;;
172;323;97;ORDER: CREATED - Bestellung erfasst;C9;Soda zitron 0,5;#4fc3f7;Anti;3;0;NULL;;2026-05-08 18:54:00;Kellner 10;WAHR;3;cash;;
173;324;97;ORDER: CREATED - Bestellung erfasst;C9;Almdudler 0,33;#fbc02d;Anti;3;0;NULL;;2026-05-08 18:54:00;Kellner 10;WAHR;3;cash;;
174;325;97;ORDER: CREATED - Bestellung erfasst;C9;Almdudler 0,33;#fbc02d;Anti;3;0;NULL;;2026-05-08 18:54:00;Kellner 10;WAHR;3;cash;;
175;326;97;ORDER: CREATED - Bestellung erfasst;C9;Limo Orange 0,33;#ffc107;Anti;3;0;NULL;;2026-05-08 18:54:00;Kellner 10;WAHR;3;cash;;
176;327;97;ORDER: CREATED - Bestellung erfasst;C9;Pommes;#ffc000;Essen;3,5;0;NULL;;2026-05-08 18:54:00;Kellner 10;WAHR;3,5;cash;;30
177;328;97;ORDER: CREATED - Bestellung erfasst;C9;Pommes;#ffc000;Essen;3,5;0;NULL;;2026-05-08 18:54:00;Kellner 10;WAHR;3,5;cash;;30
178;329;97;ORDER: CREATED - Bestellung erfasst;C9;Schnitzelsemmerl;#f57f17;Essen;4,5;0;NULL;;2026-05-08 18:54:00;Kellner 10;WAHR;4,5;cash;;44
179;330;98;ORDER: CREATED - Bestellung erfasst;D10;Schnitzelsemmerl;#f57f17;Essen;4,5;0;NULL;;2026-05-08 18:54:28;Kellner 9;WAHR;4,5;voucher;;72
180;331;98;ORDER: CREATED - Bestellung erfasst;D10;Backhendl Salat;#4fc3f7;Essen;9;0;NULL;;2026-05-08 18:54:28;Kellner 9;WAHR;9;voucher;;26
181;332;98;ORDER: CREATED - Bestellung erfasst;D10;Schnitzelsemmerl;#f57f17;Essen;4,5;0;NULL;;2026-05-08 18:54:28;Kellner 9;WAHR;4,5;voucher;;72
182;333;98;ORDER: CREATED - Bestellung erfasst;D10;Pommes;#ffc000;Essen;3,5;0;NULL;;2026-05-08 18:54:28;Kellner 9;WAHR;3,5;voucher;;96
183;334;99;ORDER: CREATED - Bestellung erfasst;F6;Bier 0,5;#fbc02d;Alk;4,5;0;NULL;;2026-05-08 18:54:30;Kellner 8;WAHR;4,5;free;;
184;335;99;ORDER: CREATED - Bestellung erfasst;F6;Bier 0,5;#fbc02d;Alk;4,5;0;NULL;;2026-05-08 18:54:30;Kellner 8;WAHR;4,5;free;;
185;336;99;ORDER: CREATED - Bestellung erfasst;F6;Cola 0,33;#004d40;Anti;3;0;NULL;;2026-05-08 18:54:30;Kellner 8;WAHR;3;free;;
186;337;99;ORDER: CREATED - Bestellung erfasst;F6;Sommer spritzer 0,5;#fff176;Alk;4,5;0;NULL;;2026-05-08 18:54:30;Kellner 8;WAHR;4,5;free;;
187;338;100;ORDER: CREATED - Bestellung erfasst;B7;Bier 0,5;#fbc02d;Alk;4,5;0;NULL;;2026-05-08 18:54:46;Kellner 6;WAHR;4,5;voucher;;
188;339;100;ORDER: CREATED - Bestellung erfasst;B7;Bier 0,5;#fbc02d;Alk;4,5;0;NULL;;2026-05-08 18:54:46;Kellner 6;WAHR;4,5;voucher;;
189;340;100;ORDER: CREATED - Bestellung erfasst;B7;Bier 0,5;#fbc02d;Alk;4,5;0;NULL;;2026-05-08 18:54:46;Kellner 6;WAHR;4,5;voucher;;
190;341;100;ORDER: CREATED - Bestellung erfasst;B7;Bier 0,5;#fbc02d;Alk;4,5;0;NULL;;2026-05-08 18:54:46;Kellner 6;WAHR;4,5;voucher;;
191;342;100;ORDER: CREATED - Bestellung erfasst;B7;Bier 0,5;#fbc02d;Alk;4,5;0;NULL;;2026-05-08 18:54:46;Kellner 6;WAHR;4,5;voucher;;
192;343;100;ORDER: CREATED - Bestellung erfasst;B7;Bier 0,5;#fbc02d;Alk;4,5;0;NULL;;2026-05-08 18:54:46;Kellner 6;WAHR;4,5;voucher;;
193;344;100;ORDER: CREATED - Bestellung erfasst;B7;Bier 0,5;#fbc02d;Alk;4,5;0;NULL;;2026-05-08 18:54:46;Kellner 6;WAHR;4,5;voucher;;
194;345;100;ORDER: CREATED - Bestellung erfasst;B7;Sommer spritzer 0,5;#fff176;Alk;4,5;0;NULL;;2026-05-08 18:54:46;Kellner 6;WAHR;4,5;voucher;;
195;346;100;ORDER: CREATED - Bestellung erfasst;B7;Limo Orange 0,33;#ffc107;Anti;3;0;NULL;;2026-05-08 18:54:46;Kellner 6;WAHR;3;voucher;;
196;347;100;ORDER: CREATED - Bestellung erfasst;B7;Limo Orange 0,33;#ffc107;Anti;3;0;NULL;;2026-05-08 18:54:46;Kellner 6;WAHR;3;voucher;;
197;348;100;ORDER: CREATED - Bestellung erfasst;B7;Hendl mit Pommes;#0070c0;Essen;12,5;0;NULL;;2026-05-08 18:54:46;Kellner 6;WAHR;12,5;voucher;;40
198;349;100;ORDER: CREATED - Bestellung erfasst;B7;Sommer spritzer 0,5;#fff176;Alk;4,5;0;NULL;;2026-05-08 18:54:46;Kellner 6;WAHR;4,5;voucher;;
199;350;100;ORDER: CREATED - Bestellung erfasst;B7;Sommer spritzer 0,5;#fff176;Alk;4,5;0;NULL;;2026-05-08 18:54:46;Kellner 6;WAHR;4,5;voucher;;
200;351;100;ORDER: CREATED - Bestellung erfasst;B7;Sommer spritzer 0,5;#fff176;Alk;4,5;0;NULL;;2026-05-08 18:54:46;Kellner 6;WAHR;4,5;voucher;;
201;352;100;ORDER: CREATED - Bestellung erfasst;B7;Hendl mit Pommes;#0070c0;Essen;12,5;0;NULL;;2026-05-08 18:54:46;Kellner 6;WAHR;12,5;voucher;;40
202;353;100;ORDER: CREATED - Bestellung erfasst;B7;Schnitzelsemmerl;#f57f17;Essen;4,5;0;NULL;;2026-05-08 18:54:46;Kellner 6;WAHR;4,5;voucher;;67
203;354;100;ORDER: CREATED - Bestellung erfasst;B7;Schnitzelsemmerl;#f57f17;Essen;4,5;0;NULL;;2026-05-08 18:54:46;Kellner 6;WAHR;4,5;voucher;;67
204;355;101;ORDER: CREATED - Bestellung erfasst;D1;Soda zitron 0,5;#4fc3f7;Anti;3;0;NULL;;2026-05-08 18:54:53;Kellner 2;WAHR;3;voucher;;
205;356;101;ORDER: CREATED - Bestellung erfasst;D1;Soda zitron 0,5;#4fc3f7;Anti;3;0;NULL;;2026-05-08 18:54:53;Kellner 2;WAHR;3;voucher;;
206;357;101;ORDER: CREATED - Bestellung erfasst;D1;Sommer spritzer 0,5;#fff176;Alk;4,5;0;NULL;;2026-05-08 18:54:53;Kellner 2;WAHR;4,5;voucher;;
207;358;101;ORDER: CREATED - Bestellung erfasst;D1;Sommer spritzer 0,5;#fff176;Alk;4,5;0;NULL;;2026-05-08 18:54:53;Kellner 2;WAHR;4,5;voucher;;
208;359;101;ORDER: CREATED - Bestellung erfasst;D1;Sommer spritzer 0,5;#fff176;Alk;4,5;0;NULL;;2026-05-08 18:54:53;Kellner 2;WAHR;4,5;voucher;;
209;360;101;ORDER: CREATED - Bestellung erfasst;D1;Sommer spritzer 0,5;#fff176;Alk;4,5;0;NULL;;2026-05-08 18:54:53;Kellner 2;WAHR;4,5;voucher;;
210;361;101;ORDER: CREATED - Bestellung erfasst;D1;Sommer spritzer 0,5;#fff176;Alk;4,5;0;NULL;;2026-05-08 18:54:53;Kellner 2;WAHR;4,5;voucher;;
211;363;102;ORDER: CREATED - Bestellung erfasst;F2;Hendl mit Pommes;#0070c0;Essen;12,5;0;NULL;;2026-05-08 18:54:57;Kellner 4;WAHR;12,5;cash;;29
212;362;102;ORDER: CREATED - Bestellung erfasst;F2;Hendl mit Pommes;#0070c0;Essen;12,5;0;NULL;;2026-05-08 18:54:57;Kellner 4;WAHR;12,5;cash;;29
213;364;102;ORDER: CREATED - Bestellung erfasst;F2;Hendl mit Pommes;#0070c0;Essen;12,5;0;NULL;;2026-05-08 18:54:57;Kellner 4;WAHR;12,5;cash;;86
214;365;102;ORDER: CREATED - Bestellung erfasst;F2;Hendl mit Pommes;#0070c0;Essen;12,5;0;NULL;;2026-05-08 18:54:57;Kellner 4;WAHR;12,5;cash;;86
215;366;102;ORDER: CREATED - Bestellung erfasst;F2;Hendl mit Pommes;#0070c0;Essen;12,5;0;NULL;;2026-05-08 18:54:57;Kellner 4;WAHR;12,5;cash;;86
216;367;102;ORDER: CREATED - Bestellung erfasst;F2;Grillwürstel mit Pommes;#8bc34a;Essen;8;0;NULL;;2026-05-08 18:54:57;Kellner 4;WAHR;8;cash;;76
217;368;103;ORDER: CANCELED - Bestellung STORNO;H6;Limo Orange 0,33;#ffc107;Anti;3;0;NULL;;2026-05-08 18:55:20;Kellner 8;FALSCH;0;;;
218;369;103;ORDER: CANCELED - Bestellung STORNO;H6;Cola 0,33;#004d40;Anti;3;0;NULL;;2026-05-08 18:55:20;Kellner 8;FALSCH;0;;;
219;372;103;ORDER: CANCELED - Bestellung STORNO;H6;Limo Orange 0,33;#ffc107;Anti;3;0;NULL;;2026-05-08 18:55:20;Kellner 8;FALSCH;0;;;
220;373;103;ORDER: CANCELED - Bestellung STORNO;H6;Bier 0,5;#fbc02d;Alk;4,5;0;NULL;;2026-05-08 18:55:20;Kellner 8;FALSCH;0;;;
221;374;103;ORDER: CANCELED - Bestellung STORNO;H6;Radler 0,5;#afb42b;Alk;4,5;0;NULL;;2026-05-08 18:55:20;Kellner 8;FALSCH;0;;;
222;370;103;ORDER: CANCELED - Bestellung STORNO;H6;Cola 0,33;#004d40;Anti;3;0;NULL;;2026-05-08 18:55:20;Kellner 8;FALSCH;0;;;
223;371;103;ORDER: CANCELED - Bestellung STORNO;H6;Cola 0,33;#004d40;Anti;3;0;NULL;;2026-05-08 18:55:20;Kellner 8;FALSCH;0;;;
224;381;104;ORDER: CREATED - Bestellung erfasst;H3;Hendl mit Pommes;#0070c0;Essen;12,5;0;NULL;;2026-05-08 18:55:20;Kellner 3;WAHR;12,5;voucher;;63
225;382;104;ORDER: CREATED - Bestellung erfasst;H3;Hendl mit Pommes;#0070c0;Essen;12,5;0;NULL;;2026-05-08 18:55:20;Kellner 3;WAHR;12,5;voucher;;87
226;383;104;ORDER: CREATED - Bestellung erfasst;H3;Schnitzel mit Pommes;#827717;Essen;11,5;0;NULL;;2026-05-08 18:55:20;Kellner 3;WAHR;11,5;voucher;;167
227;384;104;ORDER: CREATED - Bestellung erfasst;H3;Schnitzel mit Pommes;#827717;Essen;11,5;0;NULL;;2026-05-08 18:55:20;Kellner 3;WAHR;11,5;voucher;;167
228;385;104;ORDER: CREATED - Bestellung erfasst;H3;Hendl mit Pommes;#0070c0;Essen;12,5;0;NULL;;2026-05-08 18:55:20;Kellner 3;WAHR;12,5;voucher;;87
229;386;104;ORDER: CREATED - Bestellung erfasst;H3;Hendl mit Pommes;#0070c0;Essen;12,5;0;NULL;;2026-05-08 18:55:20;Kellner 3;WAHR;12,5;voucher;;87
230;375;104;ORDER: CREATED - Bestellung erfasst;H3;Bier 0,5;#fbc02d;Alk;4,5;0;NULL;;2026-05-08 18:55:20;Kellner 3;WAHR;4,5;voucher;;
231;376;104;ORDER: CREATED - Bestellung erfasst;H3;Bier 0,5;#fbc02d;Alk;4,5;0;NULL;;2026-05-08 18:55:20;Kellner 3;WAHR;4,5;voucher;;
232;377;104;ORDER: CREATED - Bestellung erfasst;H3;Bier 0,5;#fbc02d;Alk;4,5;0;NULL;;2026-05-08 18:55:20;Kellner 3;WAHR;4,5;voucher;;
233;378;104;ORDER: CREATED - Bestellung erfasst;H3;Bier 0,5;#fbc02d;Alk;4,5;0;NULL;;2026-05-08 18:55:20;Kellner 3;WAHR;4,5;voucher;;
234;379;104;ORDER: CREATED - Bestellung erfasst;H3;Bier 0,5;#fbc02d;Alk;4,5;0;NULL;;2026-05-08 18:55:20;Kellner 3;WAHR;4,5;voucher;;
235;380;104;ORDER: CREATED - Bestellung erfasst;H3;Freibier 0.5;#ffeb3b;Alk;4,5;0;NULL;;2026-05-08 18:55:20;Kellner 3;WAHR;4,5;voucher;;
236;388;105;ORDER: CREATED - Bestellung erfasst;G8;Backhendl Salat;#4fc3f7;Essen;9;0;NULL;;2026-05-08 18:55:22;Kellner 7;WAHR;9;cash;;52
237;387;105;ORDER: CREATED - Bestellung erfasst;G8;Backhendl Salat;#4fc3f7;Essen;9;0;NULL;;2026-05-08 18:55:22;Kellner 7;WAHR;9;cash;;24
238;389;105;ORDER: CREATED - Bestellung erfasst;G8;Backhendl Salat;#4fc3f7;Essen;9;0;NULL;;2026-05-08 18:55:22;Kellner 7;WAHR;9;cash;;66
239;390;105;ORDER: CREATED - Bestellung erfasst;G8;Hendl mit Pommes;#0070c0;Essen;12,5;0;NULL;;2026-05-08 18:55:22;Kellner 7;WAHR;12,5;cash;;109
240;391;106;ORDER: CREATED - Bestellung erfasst;D4;Bier 0,5;#fbc02d;Alk;4,5;0;NULL;;2026-05-08 18:55:26;Kellner 1;WAHR;4,5;voucher;;
241;392;106;ORDER: CREATED - Bestellung erfasst;D4;Schnitzelsemmerl;#f57f17;Essen;4,5;0;NULL;;2026-05-08 18:55:26;Kellner 1;WAHR;4,5;voucher;;86
242;393;106;ORDER: CREATED - Bestellung erfasst;D4;Hendl mit Pommes;#0070c0;Essen;12,5;0;NULL;;2026-05-08 18:55:26;Kellner 1;WAHR;12,5;voucher;;105
243;394;106;ORDER: CREATED - Bestellung erfasst;D4;Bier 0,5;#fbc02d;Alk;4,5;0;NULL;;2026-05-08 18:55:26;Kellner 1;WAHR;4,5;voucher;;
244;395;106;ORDER: CREATED - Bestellung erfasst;D4;Bier 0,5;#fbc02d;Alk;4,5;0;NULL;;2026-05-08 18:55:26;Kellner 1;WAHR;4,5;voucher;;
245;396;106;ORDER: CREATED - Bestellung erfasst;D4;Hendl mit Pommes;#0070c0;Essen;12,5;0;NULL;;2026-05-08 18:55:26;Kellner 1;WAHR;12,5;voucher;;105
246;397;106;ORDER: CREATED - Bestellung erfasst;D4;Hendl mit Pommes;#0070c0;Essen;12,5;0;NULL;;2026-05-08 18:55:26;Kellner 1;WAHR;12,5;voucher;;105
247;398;106;ORDER: CREATED - Bestellung erfasst;D4;Bier 0,5;#fbc02d;Alk;4,5;0;NULL;;2026-05-08 18:55:26;Kellner 1;WAHR;4,5;voucher;;
248;399;106;ORDER: CREATED - Bestellung erfasst;D4;Bier 0,5;#fbc02d;Alk;4,5;0;NULL;;2026-05-08 18:55:26;Kellner 1;WAHR;4,5;voucher;;
249;400;106;ORDER: CREATED - Bestellung erfasst;D4;Hendl mit Pommes;#0070c0;Essen;12,5;0;NULL;;2026-05-08 18:55:26;Kellner 1;WAHR;12,5;voucher;;105
250;401;107;ORDER: CREATED - Bestellung erfasst;E8;Bier 0,5;#fbc02d;Alk;4,5;0;NULL;;2026-05-08 18:55:38;Kellner 5;WAHR;4,5;cash;;
251;402;108;ORDER: CREATED - Bestellung erfasst;G10;Radler 0,5;#afb42b;Alk;4,5;0;NULL;;2026-05-08 18:55:52;Kellner 9;WAHR;4,5;cash;;
252;403;109;ORDER: CANCELED - Bestellung STORNO;H6;Limo Orange 0,33;#ffc107;Anti;3;0;NULL;;2026-05-08 18:56:09;Kellner 8;FALSCH;0;;;
253;404;109;ORDER: CANCELED - Bestellung STORNO;H6;Cola 0,33;#004d40;Anti;3;0;NULL;;2026-05-08 18:56:09;Kellner 8;FALSCH;0;;;
254;405;109;ORDER: CANCELED - Bestellung STORNO;H6;Cola 0,33;#004d40;Anti;3;0;NULL;;2026-05-08 18:56:09;Kellner 8;FALSCH;0;;;
255;406;109;ORDER: CANCELED - Bestellung STORNO;H6;Cola 0,33;#004d40;Anti;3;0;NULL;;2026-05-08 18:56:09;Kellner 8;FALSCH;0;;;
256;407;109;ORDER: CANCELED - Bestellung STORNO;H6;Limo Orange 0,33;#ffc107;Anti;3;0;NULL;;2026-05-08 18:56:09;Kellner 8;FALSCH;0;;;
257;408;110;ORDER: CREATED - Bestellung erfasst;H2;Bier 0,5;#fbc02d;Alk;4,5;0;NULL;;2026-05-08 18:56:22;Kellner 4;WAHR;4,5;voucher;;
258;416;111;ORDER: CREATED - Bestellung erfasst;C4;Hendl mit Pommes;#0070c0;Essen;12,5;0;NULL;;2026-05-08 18:56:42;Kellner 1;WAHR;12,5;voucher;;110
259;409;111;ORDER: CREATED - Bestellung erfasst;C4;Bier 0,5;#fbc02d;Alk;4,5;0;NULL;;2026-05-08 18:56:42;Kellner 1;WAHR;4,5;voucher;;
260;410;111;ORDER: CREATED - Bestellung erfasst;C4;Bier 0,5;#fbc02d;Alk;4,5;0;NULL;;2026-05-08 18:56:42;Kellner 1;WAHR;4,5;voucher;;
261;411;111;ORDER: CREATED - Bestellung erfasst;C4;Hendl mit Pommes;#0070c0;Essen;12,5;0;NULL;;2026-05-08 18:56:42;Kellner 1;WAHR;12,5;voucher;;57
262;412;111;ORDER: CREATED - Bestellung erfasst;C4;Hendl mit Pommes;#0070c0;Essen;12,5;0;NULL;;2026-05-08 18:56:42;Kellner 1;WAHR;12,5;voucher;;57
263;413;111;ORDER: CREATED - Bestellung erfasst;C4;Sommer spritzer 0,5;#fff176;Alk;4,5;0;NULL;;2026-05-08 18:56:42;Kellner 1;WAHR;4,5;voucher;;
264;414;111;ORDER: CREATED - Bestellung erfasst;C4;Bier 0,5;#fbc02d;Alk;4,5;0;NULL;;2026-05-08 18:56:42;Kellner 1;WAHR;4,5;voucher;;
265;415;111;ORDER: CREATED - Bestellung erfasst;C4;Hendl mit Pommes;#0070c0;Essen;12,5;0;NULL;;2026-05-08 18:56:42;Kellner 1;WAHR;12,5;voucher;;57
266;417;111;ORDER: CREATED - Bestellung erfasst;C4;Hendl mit Pommes;#0070c0;Essen;12,5;0;NULL;;2026-05-08 18:56:42;Kellner 1;WAHR;12,5;voucher;;110
267;418;111;ORDER: CREATED - Bestellung erfasst;C4;Bier 0,5;#fbc02d;Alk;4,5;0;NULL;;2026-05-08 18:56:42;Kellner 1;WAHR;4,5;voucher;;
268;419;111;ORDER: CREATED - Bestellung erfasst;C4;Bier 0,5;#fbc02d;Alk;4,5;0;NULL;;2026-05-08 18:56:42;Kellner 1;WAHR;4,5;voucher;;
269;420;111;ORDER: CREATED - Bestellung erfasst;C4;Hendl mit Pommes;#0070c0;Essen;12,5;0;NULL;;2026-05-08 18:56:42;Kellner 1;WAHR;12,5;voucher;;110
270;421;112;ORDER: CREATED - Bestellung erfasst;H6;Sommer spritzer 0,5;#fff176;Alk;4,5;0;NULL;;2026-05-08 18:56:57;Kellner 8;WAHR;4,5;cash;;
271;422;112;ORDER: CREATED - Bestellung erfasst;H6;Sommer spritzer 0,5;#fff176;Alk;4,5;0;NULL;;2026-05-08 18:56:57;Kellner 8;WAHR;4,5;cash;;
272;423;113;ORDER: CREATED - Bestellung erfasst;C10;Schnitzelsemmerl;#f57f17;Essen;4,5;0;NULL;;2026-05-08 18:56:58;Kellner 10;WAHR;4,5;cash;;48
273;424;113;ORDER: CREATED - Bestellung erfasst;C10;Schnitzelsemmerl;#f57f17;Essen;4,5;0;NULL;;2026-05-08 18:56:58;Kellner 10;WAHR;4,5;cash;;48
274;425;113;ORDER: CREATED - Bestellung erfasst;C10;Pommes;#ffc000;Essen;3,5;0;NULL;;2026-05-08 18:56:58;Kellner 10;WAHR;3,5;cash;;126
275;426;113;ORDER: CREATED - Bestellung erfasst;C10;Cola 0,33;#004d40;Anti;3;0;NULL;;2026-05-08 18:56:58;Kellner 10;WAHR;3;cash;;
276;427;113;ORDER: CREATED - Bestellung erfasst;C10;Cola 0,33;#004d40;Anti;3;0;NULL;;2026-05-08 18:56:58;Kellner 10;WAHR;3;cash;;
277;428;114;ORDER: CREATED - Bestellung erfasst;H2;Hendl mit Pommes;#0070c0;Essen;12,5;0;NULL;;2026-05-08 18:57:00;Kellner 4;WAHR;12,5;voucher;;93
278;429;114;ORDER: CREATED - Bestellung erfasst;H2;Hendl mit Pommes;#0070c0;Essen;12,5;0;NULL;;2026-05-08 18:57:00;Kellner 4;WAHR;12,5;voucher;;93
279;430;114;ORDER: CREATED - Bestellung erfasst;H2;Hendl mit Pommes;#0070c0;Essen;12,5;0;NULL;;2026-05-08 18:57:00;Kellner 4;WAHR;12,5;voucher;;124
280;431;114;ORDER: CREATED - Bestellung erfasst;H2;Hendl mit Pommes;#0070c0;Essen;12,5;0;NULL;;2026-05-08 18:57:00;Kellner 4;WAHR;12,5;voucher;;124
281;432;114;ORDER: CREATED - Bestellung erfasst;H2;Hendl mit Pommes;#0070c0;Essen;12,5;0;NULL;;2026-05-08 18:57:00;Kellner 4;WAHR;12,5;voucher;;124
282;433;114;ORDER: CREATED - Bestellung erfasst;H2;Hendl mit Pommes;#0070c0;Essen;12,5;0;NULL;;2026-05-08 18:57:00;Kellner 4;WAHR;12,5;voucher;;124
283;434;114;ORDER: CREATED - Bestellung erfasst;H2;Hendl mit Pommes;#0070c0;Essen;12,5;0;NULL;;2026-05-08 18:57:00;Kellner 4;WAHR;12,5;voucher;;124
284;435;114;ORDER: CREATED - Bestellung erfasst;H2;Schnitzel mit Pommes;#827717;Essen;11,5;0;NULL;;2026-05-08 18:57:00;Kellner 4;WAHR;11,5;voucher;;73
285;436;115;ORDER: CREATED - Bestellung erfasst;E8;Hendl mit Pommes;#0070c0;Essen;12,5;0;NULL;;2026-05-08 18:57:01;Kellner 5;WAHR;12,5;cash;;176
286;437;115;ORDER: CREATED - Bestellung erfasst;E8;Hendl mit Pommes;#0070c0;Essen;12,5;0;NULL;;2026-05-08 18:57:01;Kellner 5;WAHR;12,5;cash;;176
287;438;115;ORDER: CREATED - Bestellung erfasst;E8;Hendl mit Pommes;#0070c0;Essen;12,5;0;NULL;;2026-05-08 18:57:01;Kellner 5;WAHR;12,5;cash;;176
288;439;115;ORDER: CREATED - Bestellung erfasst;E8;Hendl mit Pommes;#0070c0;Essen;12,5;0;NULL;;2026-05-08 18:57:01;Kellner 5;WAHR;12,5;cash;;176
289;440;115;ORDER: CREATED - Bestellung erfasst;E8;Schnitzel mit Pommes;#827717;Essen;11,5;0;NULL;;2026-05-08 18:57:01;Kellner 5;WAHR;11,5;cash;;83
290;441;115;ORDER: CREATED - Bestellung erfasst;E8;Schnitzel mit Pommes;#827717;Essen;11,5;0;NULL;;2026-05-08 18:57:01;Kellner 5;WAHR;11,5;cash;;107
291;442;116;ORDER: CREATED - Bestellung erfasst;H8;Hendl mit Pommes;#0070c0;Essen;12,5;0;NULL;;2026-05-08 18:57:04;Kellner 7;WAHR;12,5;cash;;215
292;443;116;ORDER: CREATED - Bestellung erfasst;H8;Hendl mit Pommes;#0070c0;Essen;12,5;0;NULL;;2026-05-08 18:57:04;Kellner 7;WAHR;12,5;cash;;215
293;444;116;ORDER: CREATED - Bestellung erfasst;H8;Pommes;#ffc000;Essen;3,5;0;NULL;;2026-05-08 18:57:04;Kellner 7;WAHR;3,5;cash;;195
294;445;116;ORDER: CREATED - Bestellung erfasst;H8;Sommer spritzer 0,5;#fff176;Alk;4,5;0;NULL;;2026-05-08 18:57:04;Kellner 7;WAHR;4,5;cash;;
295;446;116;ORDER: CREATED - Bestellung erfasst;H8;Cola 0,33;#004d40;Anti;3;0;NULL;;2026-05-08 18:57:04;Kellner 7;WAHR;3;cash;;
296;447;116;ORDER: CREATED - Bestellung erfasst;H8;Cola 0,33;#004d40;Anti;3;0;NULL;;2026-05-08 18:57:04;Kellner 7;WAHR;3;cash;;
297;448;116;ORDER: CREATED - Bestellung erfasst;H8;Cola 0,33;#004d40;Anti;3;0;NULL;;2026-05-08 18:57:04;Kellner 7;WAHR;3;cash;;
298;449;117;ORDER: CREATED - Bestellung erfasst;H4;Limo Orange 0,33;#ffc107;Anti;3;0;NULL;;2026-05-08 18:57:30;Kellner 3;WAHR;3;voucher;;
299;450;117;ORDER: CREATED - Bestellung erfasst;H4;Bier 0,5;#fbc02d;Alk;4,5;0;NULL;;2026-05-08 18:57:30;Kellner 3;WAHR;4,5;voucher;;
300;451;117;ORDER: CREATED - Bestellung erfasst;H4;Bier 0,5;#fbc02d;Alk;4,5;0;NULL;;2026-05-08 18:57:30;Kellner 3;WAHR;4,5;voucher;;
301;452;117;ORDER: CREATED - Bestellung erfasst;H4;Bier 0,5;#fbc02d;Alk;4,5;0;NULL;;2026-05-08 18:57:30;Kellner 3;WAHR;4,5;voucher;;
302;453;117;ORDER: CREATED - Bestellung erfasst;H4;Bier 0,5;#fbc02d;Alk;4,5;0;NULL;;2026-05-08 18:57:30;Kellner 3;WAHR;4,5;voucher;;
303;454;117;ORDER: CREATED - Bestellung erfasst;H4;Soda zitron 0,5;#4fc3f7;Anti;3;0;NULL;;2026-05-08 18:57:30;Kellner 3;WAHR;3;voucher;;
304;455;117;ORDER: CREATED - Bestellung erfasst;H4;Soda zitron 0,5;#4fc3f7;Anti;3;0;NULL;;2026-05-08 18:57:30;Kellner 3;WAHR;3;voucher;;
305;456;117;ORDER: CREATED - Bestellung erfasst;H4;Bier 0,5;#fbc02d;Alk;4,5;0;NULL;;2026-05-08 18:57:30;Kellner 3;WAHR;4,5;voucher;;
306;457;117;ORDER: CREATED - Bestellung erfasst;H4;Hendl mit Pommes;#0070c0;Essen;12,5;0;NULL;;2026-05-08 18:57:30;Kellner 3;WAHR;12,5;voucher;;189
307;458;117;ORDER: CREATED - Bestellung erfasst;H4;Hendl mit Pommes;#0070c0;Essen;12,5;0;NULL;;2026-05-08 18:57:30;Kellner 3;WAHR;12,5;voucher;;215
308;459;117;ORDER: CREATED - Bestellung erfasst;H4;Grillwürstel mit Pommes;#8bc34a;Essen;8;0;NULL;;2026-05-08 18:57:30;Kellner 3;WAHR;8;voucher;;9
309;460;117;ORDER: CREATED - Bestellung erfasst;H4;Backhendl Salat;#4fc3f7;Essen;9;0;NULL;;2026-05-08 18:57:30;Kellner 3;WAHR;9;voucher;;94
310;461;117;ORDER: CREATED - Bestellung erfasst;H4;Backhendl Salat;#4fc3f7;Essen;9;0;NULL;;2026-05-08 18:57:30;Kellner 3;WAHR;9;voucher;;117
311;462;117;ORDER: CREATED - Bestellung erfasst;H4;Hendl mit Pommes;#0070c0;Essen;12,5;0;NULL;;2026-05-08 18:57:30;Kellner 3;WAHR;12,5;voucher;;215
312;463;117;ORDER: CREATED - Bestellung erfasst;H4;Pommes;#ffc000;Essen;3,5;0;NULL;;2026-05-08 18:57:30;Kellner 3;WAHR;3,5;voucher;;189
313;464;117;ORDER: CREATED - Bestellung erfasst;H4;Hendl mit Pommes;#0070c0;Essen;12,5;0;NULL;;2026-05-08 18:57:30;Kellner 3;WAHR;12,5;voucher;;215
314;472;118;ORDER: CREATED - Bestellung erfasst;C3;Bier 0,5;#fbc02d;Alk;4,5;0;NULL;;2026-05-08 18:57:35;Kellner 1;WAHR;4,5;cash;;
315;465;118;ORDER: CREATED - Bestellung erfasst;C3;Hendl mit Pommes;#0070c0;Essen;12,5;0;NULL;;2026-05-08 18:57:35;Kellner 1;WAHR;12,5;cash;;210
316;466;118;ORDER: CREATED - Bestellung erfasst;C3;Hendl mit Pommes;#0070c0;Essen;12,5;0;NULL;;2026-05-08 18:57:35;Kellner 1;WAHR;12,5;cash;;210
317;467;118;ORDER: CREATED - Bestellung erfasst;C3;Hendl mit Pommes;#0070c0;Essen;12,5;0;NULL;;2026-05-08 18:57:35;Kellner 1;WAHR;12,5;cash;;257
318;468;118;ORDER: CREATED - Bestellung erfasst;C3;Hendl mit Pommes;#0070c0;Essen;12,5;0;NULL;;2026-05-08 18:57:35;Kellner 1;WAHR;12,5;cash;;257
319;469;118;ORDER: CREATED - Bestellung erfasst;C3;Hendl mit Pommes;#0070c0;Essen;12,5;0;NULL;;2026-05-08 18:57:35;Kellner 1;WAHR;12,5;cash;;258
320;470;118;ORDER: CREATED - Bestellung erfasst;C3;Hendl mit Pommes;#0070c0;Essen;12,5;0;NULL;;2026-05-08 18:57:35;Kellner 1;WAHR;12,5;cash;;258
321;471;118;ORDER: CREATED - Bestellung erfasst;C3;Hendl mit Pommes;#0070c0;Essen;12,5;0;NULL;;2026-05-08 18:57:35;Kellner 1;WAHR;12,5;cash;;258
322;473;118;ORDER: CREATED - Bestellung erfasst;C3;Bier 0,5;#fbc02d;Alk;4,5;0;NULL;;2026-05-08 18:57:35;Kellner 1;WAHR;4,5;cash;;
323;474;118;ORDER: CREATED - Bestellung erfasst;C3;Bier 0,5;#fbc02d;Alk;4,5;0;NULL;;2026-05-08 18:57:35;Kellner 1;WAHR;4,5;cash;;
324;475;118;ORDER: CREATED - Bestellung erfasst;C3;Bier 0,5;#fbc02d;Alk;4,5;0;NULL;;2026-05-08 18:57:35;Kellner 1;WAHR;4,5;cash;;
325;476;118;ORDER: CREATED - Bestellung erfasst;C3;Bier 0,5;#fbc02d;Alk;4,5;0;NULL;;2026-05-08 18:57:35;Kellner 1;WAHR;4,5;cash;;
326;477;118;ORDER: CREATED - Bestellung erfasst;C3;Bier 0,5;#fbc02d;Alk;4,5;0;NULL;;2026-05-08 18:57:35;Kellner 1;WAHR;4,5;cash;;
327;478;118;ORDER: CREATED - Bestellung erfasst;C3;Bier 0,5;#fbc02d;Alk;4,5;0;NULL;;2026-05-08 18:57:35;Kellner 1;WAHR;4,5;cash;;
328;480;119;ORDER: CREATED - Bestellung erfasst;E7;Schnitzelsemmerl;#f57f17;Essen;4,5;0;NULL;;2026-05-08 18:57:45;Kellner 5;WAHR;4,5;cash;;34
329;479;119;ORDER: CREATED - Bestellung erfasst;E7;Grillwürstel mit Pommes;#8bc34a;Essen;8;0;NULL;;2026-05-08 18:57:45;Kellner 5;WAHR;8;cash;;219
330;481;119;ORDER: CREATED - Bestellung erfasst;E7;Schnitzelsemmerl;#f57f17;Essen;4,5;0;NULL;;2026-05-08 18:57:45;Kellner 5;WAHR;4,5;cash;;34
331;482;119;ORDER: CREATED - Bestellung erfasst;E7;Schnitzel mit Pommes;#827717;Essen;11,5;0;NULL;;2026-05-08 18:57:45;Kellner 5;WAHR;11,5;cash;;109
332;483;119;ORDER: CREATED - Bestellung erfasst;E7;Schnitzelsemmerl;#f57f17;Essen;4,5;0;NULL;;2026-05-08 18:57:45;Kellner 5;WAHR;4,5;cash;;131
333;484;119;ORDER: CREATED - Bestellung erfasst;E7;Schnitzelsemmerl;#f57f17;Essen;4,5;0;NULL;;2026-05-08 18:57:45;Kellner 5;WAHR;4,5;cash;;131
334;485;119;ORDER: CREATED - Bestellung erfasst;E7;Schnitzelsemmerl;#f57f17;Essen;4,5;0;NULL;;2026-05-08 18:57:45;Kellner 5;WAHR;4,5;cash;;135
335;486;119;ORDER: CREATED - Bestellung erfasst;E7;Schnitzelsemmerl;#f57f17;Essen;4,5;0;NULL;;2026-05-08 18:57:45;Kellner 5;WAHR;4,5;cash;;150
336;487;119;ORDER: CREATED - Bestellung erfasst;E7;Schnitzelsemmerl;#f57f17;Essen;4,5;0;NULL;;2026-05-08 18:57:45;Kellner 5;WAHR;4,5;cash;;199
337;488;120;ORDER: CREATED - Bestellung erfasst;F9;Schnitzelsemmerl;#f57f17;Essen;4,5;0;NULL;;2026-05-08 18:58:00;Kellner 9;WAHR;4,5;cash;;204
338;489;120;ORDER: CREATED - Bestellung erfasst;F9;Cola 0,33;#004d40;Anti;3;0;NULL;;2026-05-08 18:58:00;Kellner 9;WAHR;3;cash;;
339;490;121;ORDER: CREATED - Bestellung erfasst;I2;Hendl mit Pommes;#0070c0;Essen;12,5;0;NULL;;2026-05-08 18:58:01;Kellner 4;WAHR;12,5;voucher;;248
340;491;121;ORDER: CREATED - Bestellung erfasst;I2;Hendl mit Pommes;#0070c0;Essen;12,5;0;NULL;;2026-05-08 18:58:01;Kellner 4;WAHR;12,5;voucher;;248
341;492;121;ORDER: CREATED - Bestellung erfasst;I2;Hendl mit Pommes;#0070c0;Essen;12,5;0;NULL;;2026-05-08 18:58:01;Kellner 4;WAHR;12,5;voucher;;248
342;493;121;ORDER: CREATED - Bestellung erfasst;I2;Schnitzel mit Pommes;#827717;Essen;11,5;0;NULL;;2026-05-08 18:58:01;Kellner 4;WAHR;11,5;voucher;;94
343;494;122;ORDER: CREATED - Bestellung erfasst;G6;Sommer spritzer 0,5;#fff176;Alk;4,5;0;NULL;;2026-05-08 18:58:16;Kellner 8;WAHR;4,5;free;;
344;495;122;ORDER: CREATED - Bestellung erfasst;G6;Sommer spritzer 0,5;#fff176;Alk;4,5;0;NULL;;2026-05-08 18:58:16;Kellner 8;WAHR;4,5;free;;
345;496;123;ORDER: CREATED - Bestellung erfasst;B7;Hendl mit Pommes;#0070c0;Essen;12,5;0;NULL;;2026-05-08 18:58:18;Kellner 6;WAHR;12,5;cash;;231
346;497;123;ORDER: CREATED - Bestellung erfasst;B7;Schnitzelsemmerl;#f57f17;Essen;4,5;0;NULL;;2026-05-08 18:58:18;Kellner 6;WAHR;4,5;cash;;204
347;499;124;ORDER: CREATED - Bestellung erfasst;F7;Hendl mit Pommes;#0070c0;Essen;12,5;0;NULL;;2026-05-08 18:58:25;Kellner 7;WAHR;12,5;cash;;263
348;498;124;ORDER: CREATED - Bestellung erfasst;F7;Hendl mit Pommes;#0070c0;Essen;12,5;0;NULL;;2026-05-08 18:58:25;Kellner 7;WAHR;12,5;cash;;263
349;500;124;ORDER: CREATED - Bestellung erfasst;F7;Hendl mit Pommes;#0070c0;Essen;12,5;0;NULL;;2026-05-08 18:58:25;Kellner 7;WAHR;12,5;cash;;263
350;501;124;ORDER: CREATED - Bestellung erfasst;F7;Hendl mit Pommes;#0070c0;Essen;12,5;0;NULL;;2026-05-08 18:58:25;Kellner 7;WAHR;12,5;cash;;263
351;502;124;ORDER: CREATED - Bestellung erfasst;F7;Schnitzel mit Pommes;#827717;Essen;11,5;0;NULL;;2026-05-08 18:58:25;Kellner 7;WAHR;11,5;cash;;110
352;503;124;ORDER: CREATED - Bestellung erfasst;F7;Hendl mit Pommes;#0070c0;Essen;12,5;0;NULL;;2026-05-08 18:58:25;Kellner 7;WAHR;12,5;cash;;322
353;504;124;ORDER: CREATED - Bestellung erfasst;F7;Hendl mit Pommes;#0070c0;Essen;12,5;0;NULL;;2026-05-08 18:58:25;Kellner 7;WAHR;12,5;voucher;;322
354;506;125;ORDER: CREATED - Bestellung erfasst;G6;Hendl mit Pommes;#0070c0;Essen;12,5;0;NULL;;2026-05-08 18:58:56;Kellner 8;WAHR;12,5;free;;291
355;505;125;ORDER: CREATED - Bestellung erfasst;G6;Hendl mit Pommes;#0070c0;Essen;12,5;0;NULL;;2026-05-08 18:58:56;Kellner 8;WAHR;12,5;free;;291
356;508;126;ORDER: CREATED - Bestellung erfasst;I1;Hendl mit Pommes;#0070c0;Essen;12,5;0;NULL;;2026-05-08 18:58:56;Kellner 4;WAHR;12,5;voucher;;310
357;509;126;ORDER: CREATED - Bestellung erfasst;I1;Hendl mit Pommes;#0070c0;Essen;12,5;0;NULL;;2026-05-08 18:58:56;Kellner 4;WAHR;12,5;voucher;;310
358;510;126;ORDER: CREATED - Bestellung erfasst;I1;Hendl mit Pommes;#0070c0;Essen;12,5;0;NULL;;2026-05-08 18:58:56;Kellner 4;WAHR;12,5;voucher;;310
359;511;126;ORDER: CREATED - Bestellung erfasst;I1;Hendl mit Pommes;#0070c0;Essen;12,5;0;NULL;;2026-05-08 18:58:56;Kellner 4;WAHR;12,5;voucher;;310
360;512;126;ORDER: CREATED - Bestellung erfasst;I1;Hendl mit Pommes;#0070c0;Essen;12,5;0;NULL;;2026-05-08 18:58:56;Kellner 4;WAHR;12,5;voucher;;310
361;507;126;ORDER: CREATED - Bestellung erfasst;I1;Hendl mit Pommes;#0070c0;Essen;12,5;0;NULL;;2026-05-08 18:58:56;Kellner 4;WAHR;12,5;voucher;;310
362;514;127;ORDER: CREATED - Bestellung erfasst;G9;Radler 0,5;#afb42b;Alk;4,5;0;NULL;;2026-05-08 18:58:57;Kellner 9;WAHR;4,5;cash;;
363;515;127;ORDER: CREATED - Bestellung erfasst;G9;Bier 0,5;#fbc02d;Alk;4,5;0;NULL;;2026-05-08 18:58:57;Kellner 9;WAHR;4,5;cash;;
364;516;127;ORDER: CREATED - Bestellung erfasst;G9;Sommer spritzer 0,5;#fff176;Alk;4,5;0;NULL;;2026-05-08 18:58:57;Kellner 9;WAHR;4,5;cash;;
365;513;127;ORDER: CREATED - Bestellung erfasst;G9;Bier 0,5;#fbc02d;Alk;4,5;0;NULL;;2026-05-08 18:58:57;Kellner 9;WAHR;4,5;cash;;
366;517;128;ORDER: CREATED - Bestellung erfasst;B10;Limo Orange 0,33;#ffc107;Anti;3;0;NULL;;2026-05-08 18:59:01;Kellner 10;WAHR;3;cash;;
367;518;128;ORDER: CREATED - Bestellung erfasst;B10;Bier 0,5;#fbc02d;Alk;4,5;0;NULL;;2026-05-08 18:59:01;Kellner 10;WAHR;4,5;cash;;
368;526;129;ORDER: CREATED - Bestellung erfasst;C7;Bier 0,5;#fbc02d;Alk;4,5;0;NULL;;2026-05-08 18:59:18;Kellner 5;WAHR;4,5;voucher;;
369;542;129;ORDER: CREATED - Bestellung erfasst;C7;Hendl mit Pommes;#0070c0;Essen;12,5;0;NULL;;2026-05-08 18:59:18;Kellner 5;WAHR;12,5;cash;;374
370;541;129;ORDER: CREATED - Bestellung erfasst;C7;Pommes;#ffc000;Essen;3,5;0;NULL;;2026-05-08 18:59:18;Kellner 5;WAHR;3,5;cash;;81
371;540;129;ORDER: CREATED - Bestellung erfasst;C7;Schnitzelsemmerl;#f57f17;Essen;4,5;0;NULL;;2026-05-08 18:59:18;Kellner 5;WAHR;4,5;cash;;229
372;539;129;ORDER: CREATED - Bestellung erfasst;C7;Hendl mit Pommes;#0070c0;Essen;12,5;0;NULL;;2026-05-08 18:59:18;Kellner 5;WAHR;12,5;cash;;338
373;538;129;ORDER: CREATED - Bestellung erfasst;C7;Schnitzelsemmerl;#f57f17;Essen;4,5;0;NULL;;2026-05-08 18:59:18;Kellner 5;WAHR;4,5;cash;;229
374;537;129;ORDER: CREATED - Bestellung erfasst;C7;Schnitzelsemmerl;#f57f17;Essen;4,5;0;NULL;;2026-05-08 18:59:18;Kellner 5;WAHR;4,5;cash;;198
375;536;129;ORDER: CREATED - Bestellung erfasst;C7;Pommes;#ffc000;Essen;3,5;0;NULL;;2026-05-08 18:59:18;Kellner 5;WAHR;3,5;voucher;;81
376;535;129;ORDER: CREATED - Bestellung erfasst;C7;Schnitzelsemmerl;#f57f17;Essen;4,5;0;NULL;;2026-05-08 18:59:18;Kellner 5;WAHR;4,5;voucher;;198
377;534;129;ORDER: CREATED - Bestellung erfasst;C7;Hendl mit Pommes;#0070c0;Essen;12,5;0;NULL;;2026-05-08 18:59:18;Kellner 5;WAHR;12,5;cash;;338
378;533;129;ORDER: CREATED - Bestellung erfasst;C7;Hendl mit Pommes;#0070c0;Essen;12,5;0;NULL;;2026-05-08 18:59:18;Kellner 5;WAHR;12,5;cash;;338
379;532;129;ORDER: CREATED - Bestellung erfasst;C7;Schnitzelsemmerl;#f57f17;Essen;4,5;0;NULL;;2026-05-08 18:59:18;Kellner 5;WAHR;4,5;voucher;;198
380;531;129;ORDER: CREATED - Bestellung erfasst;C7;Hendl mit Pommes;#0070c0;Essen;12,5;0;NULL;;2026-05-08 18:59:18;Kellner 5;WAHR;12,5;voucher;;338
381;530;129;ORDER: CREATED - Bestellung erfasst;C7;Cola 0,33;#004d40;Anti;3;0;NULL;;2026-05-08 18:59:18;Kellner 5;WAHR;3;cash;;
382;529;129;ORDER: CREATED - Bestellung erfasst;C7;Bier 0,5;#fbc02d;Alk;4,5;0;NULL;;2026-05-08 18:59:18;Kellner 5;WAHR;4,5;voucher;;
383;528;129;ORDER: CREATED - Bestellung erfasst;C7;Bier 0,5;#fbc02d;Alk;4,5;0;NULL;;2026-05-08 18:59:18;Kellner 5;WAHR;4,5;voucher;;
384;527;129;ORDER: CREATED - Bestellung erfasst;C7;Sommer spritzer 0,5;#fff176;Alk;4,5;0;NULL;;2026-05-08 18:59:18;Kellner 5;WAHR;4,5;cash;;
385;525;129;ORDER: CREATED - Bestellung erfasst;C7;Bier 0,5;#fbc02d;Alk;4,5;0;NULL;;2026-05-08 18:59:18;Kellner 5;WAHR;4,5;voucher;;
386;524;129;ORDER: CREATED - Bestellung erfasst;C7;Bier 0,5;#fbc02d;Alk;4,5;0;NULL;;2026-05-08 18:59:18;Kellner 5;WAHR;4,5;voucher;;
387;523;129;ORDER: CREATED - Bestellung erfasst;C7;Sommer spritzer 0,5;#fff176;Alk;4,5;0;NULL;;2026-05-08 18:59:18;Kellner 5;WAHR;4,5;voucher;;
388;522;129;ORDER: CREATED - Bestellung erfasst;C7;Bier 0,5;#fbc02d;Alk;4,5;0;NULL;;2026-05-08 18:59:18;Kellner 5;WAHR;4,5;voucher;;
389;521;129;ORDER: CREATED - Bestellung erfasst;C7;Bier 0,5;#fbc02d;Alk;4,5;0;NULL;;2026-05-08 18:59:18;Kellner 5;WAHR;4,5;voucher;;
390;520;129;ORDER: CREATED - Bestellung erfasst;C7;Bier 0,5;#fbc02d;Alk;4,5;0;NULL;;2026-05-08 18:59:18;Kellner 5;WAHR;4,5;voucher;;
391;519;129;ORDER: CREATED - Bestellung erfasst;C7;Sommer spritzer 0,5;#fff176;Alk;4,5;0;NULL;;2026-05-08 18:59:18;Kellner 5;WAHR;4,5;voucher;;
392;546;130;ORDER: CREATED - Bestellung erfasst;E2;Schnitzel mit Pommes;#827717;Essen;11,5;0;NULL;;2026-05-08 18:59:42;Kellner 2;WAHR;11,5;cash;;119
393;545;130;ORDER: CREATED - Bestellung erfasst;E2;Hendl mit Pommes;#0070c0;Essen;12,5;0;NULL;;2026-05-08 18:59:42;Kellner 2;WAHR;12,5;cash;;350
394;548;130;ORDER: CREATED - Bestellung erfasst;E2;Hendl mit Pommes;#0070c0;Essen;12,5;0;NULL;;2026-05-08 18:59:42;Kellner 2;WAHR;12,5;cash;;350
395;544;130;ORDER: CREATED - Bestellung erfasst;E2;Hendl mit Pommes;#0070c0;Essen;12,5;0;NULL;;2026-05-08 18:59:42;Kellner 2;WAHR;12,5;cash;;350
396;543;130;ORDER: CREATED - Bestellung erfasst;E2;Grillwürstel mit Pommes;#8bc34a;Essen;8;0;NULL;;2026-05-08 18:59:42;Kellner 2;WAHR;8;cash;;137
397;547;130;ORDER: CREATED - Bestellung erfasst;E2;Hendl mit Pommes;#0070c0;Essen;12,5;0;NULL;;2026-05-08 18:59:42;Kellner 2;WAHR;12,5;cash;;350
398;552;131;ORDER: CREATED - Bestellung erfasst;I4;Bier 0,5;#fbc02d;Alk;4,5;0;NULL;;2026-05-08 18:59:44;Kellner 3;WAHR;4,5;voucher;;
399;553;131;ORDER: CREATED - Bestellung erfasst;I4;Sommer spritzer 0,5;#fff176;Alk;4,5;0;NULL;;2026-05-08 18:59:44;Kellner 3;WAHR;4,5;voucher;;
400;554;131;ORDER: CREATED - Bestellung erfasst;I4;Bier 0,5;#fbc02d;Alk;4,5;0;NULL;;2026-05-08 18:59:44;Kellner 3;WAHR;4,5;voucher;;
401;555;131;ORDER: CREATED - Bestellung erfasst;I4;Hendl mit Pommes;#0070c0;Essen;12,5;0;NULL;;2026-05-08 18:59:44;Kellner 3;WAHR;12,5;voucher;;349
402;556;131;ORDER: CREATED - Bestellung erfasst;I4;Hendl mit Pommes;#0070c0;Essen;12,5;0;NULL;;2026-05-08 18:59:44;Kellner 3;WAHR;12,5;voucher;;398
403;558;131;ORDER: CREATED - Bestellung erfasst;I4;Hendl mit Pommes;#0070c0;Essen;12,5;0;NULL;;2026-05-08 18:59:44;Kellner 3;WAHR;12,5;voucher;;398
404;557;131;ORDER: CREATED - Bestellung erfasst;I4;Hendl mit Pommes;#0070c0;Essen;12,5;0;NULL;;2026-05-08 18:59:44;Kellner 3;WAHR;12,5;voucher;;398
405;559;131;ORDER: CREATED - Bestellung erfasst;I4;Hendl mit Pommes;#0070c0;Essen;12,5;0;NULL;;2026-05-08 18:59:44;Kellner 3;WAHR;12,5;voucher;;398
406;560;131;ORDER: CREATED - Bestellung erfasst;I4;Hendl mit Pommes;#0070c0;Essen;12,5;0;NULL;;2026-05-08 18:59:44;Kellner 3;WAHR;12,5;voucher;;398
407;549;131;ORDER: CREATED - Bestellung erfasst;I4;Radler 0,5;#afb42b;Alk;4,5;0;NULL;;2026-05-08 18:59:44;Kellner 3;WAHR;4,5;voucher;;
408;550;131;ORDER: CREATED - Bestellung erfasst;I4;Soda zitron 0,5;#4fc3f7;Anti;3;0;NULL;;2026-05-08 18:59:44;Kellner 3;WAHR;3;voucher;;
409;551;131;ORDER: CREATED - Bestellung erfasst;I4;Cola 0,33;#004d40;Anti;3;0;NULL;;2026-05-08 18:59:44;Kellner 3;WAHR;3;voucher;;
410;565;132;ORDER: CREATED - Bestellung erfasst;B4;Bier 0,5;#fbc02d;Alk;4,5;0;NULL;;2026-05-08 19:00:05;Kellner 1;WAHR;4,5;voucher;;
411;563;132;ORDER: CREATED - Bestellung erfasst;B4;Almdudler 0,33;#fbc02d;Anti;3;0;NULL;;2026-05-08 19:00:05;Kellner 1;WAHR;3;voucher;;
412;562;132;ORDER: CREATED - Bestellung erfasst;B4;Schnitzel mit Pommes;#827717;Essen;11,5;0;NULL;;2026-05-08 19:00:05;Kellner 1;WAHR;11,5;voucher;;114
413;561;132;ORDER: CREATED - Bestellung erfasst;B4;Backhendl Salat;#4fc3f7;Essen;9;0;NULL;;2026-05-08 19:00:05;Kellner 1;WAHR;9;voucher;;59
414;569;132;ORDER: CREATED - Bestellung erfasst;B4;Bier 0,5;#fbc02d;Alk;4,5;0;NULL;;2026-05-08 19:00:05;Kellner 1;WAHR;4,5;voucher;;
415;568;132;ORDER: CREATED - Bestellung erfasst;B4;Bier 0,5;#fbc02d;Alk;4,5;0;NULL;;2026-05-08 19:00:05;Kellner 1;WAHR;4,5;voucher;;
416;567;132;ORDER: CREATED - Bestellung erfasst;B4;Grillwürstel mit Pommes;#8bc34a;Essen;8;0;NULL;;2026-05-08 19:00:05;Kellner 1;WAHR;8;voucher;;215
417;566;132;ORDER: CREATED - Bestellung erfasst;B4;Bier 0,5;#fbc02d;Alk;4,5;0;NULL;;2026-05-08 19:00:05;Kellner 1;WAHR;4,5;voucher;;
418;564;132;ORDER: CREATED - Bestellung erfasst;B4;Hendl mit Pommes;#0070c0;Essen;12,5;0;NULL;;2026-05-08 19:00:05;Kellner 1;WAHR;12,5;voucher;;398
419;570;132;ORDER: CREATED - Bestellung erfasst;B4;Schnitzel mit Pommes;#827717;Essen;11,5;0;NULL;;2026-05-08 19:00:05;Kellner 1;WAHR;11,5;voucher;;163
420;572;133;ORDER: CREATED - Bestellung erfasst;F6;Hendl mit Pommes;#0070c0;Essen;12,5;0;NULL;;2026-05-08 19:00:17;Kellner 8;WAHR;12,5;free;;387
421;571;133;ORDER: CREATED - Bestellung erfasst;F6;Cola 0,33;#004d40;Anti;3;0;NULL;;2026-05-08 19:00:17;Kellner 8;WAHR;3;free;;
422;574;134;ORDER: CREATED - Bestellung erfasst;D9;Bier 0,5;#fbc02d;Alk;4,5;0;NULL;;2026-05-08 19:00:51;Kellner 10;WAHR;4,5;free;;
423;573;134;ORDER: CREATED - Bestellung erfasst;D9;Freibier 0.5;#ffeb3b;Alk;4,5;0;NULL;;2026-05-08 19:00:51;Kellner 10;WAHR;4,5;free;;
424;575;135;ORDER: CREATED - Bestellung erfasst;F6;Mineral 0,33;#b3e5fc;Anti;2,5;0;NULL;;2026-05-08 19:00:53;Kellner 8;WAHR;2,5;free;;
425;592;136;ORDER: CREATED - Bestellung erfasst;B6;Hendl mit Pommes;#0070c0;Essen;12,5;0;NULL;;2026-05-08 19:00:57;Kellner 6;WAHR;12,5;cash;;391
426;576;136;ORDER: CREATED - Bestellung erfasst;B6;Bier 0,5;#fbc02d;Alk;4,5;0;NULL;;2026-05-08 19:00:57;Kellner 6;WAHR;4,5;cash;;
427;577;136;ORDER: CREATED - Bestellung erfasst;B6;Bier 0,5;#fbc02d;Alk;4,5;0;NULL;;2026-05-08 19:00:57;Kellner 6;WAHR;4,5;cash;;
428;578;136;ORDER: CREATED - Bestellung erfasst;B6;Bier 0,5;#fbc02d;Alk;4,5;0;NULL;;2026-05-08 19:00:57;Kellner 6;WAHR;4,5;cash;;
429;579;136;ORDER: CREATED - Bestellung erfasst;B6;Bier 0,5;#fbc02d;Alk;4,5;0;NULL;;2026-05-08 19:00:57;Kellner 6;WAHR;4,5;cash;;
430;580;136;ORDER: CREATED - Bestellung erfasst;B6;Bier 0,5;#fbc02d;Alk;4,5;0;NULL;;2026-05-08 19:00:57;Kellner 6;WAHR;4,5;cash;;
431;581;136;ORDER: CREATED - Bestellung erfasst;B6;Bier 0,5;#fbc02d;Alk;4,5;0;NULL;;2026-05-08 19:00:57;Kellner 6;WAHR;4,5;cash;;
432;582;136;ORDER: CREATED - Bestellung erfasst;B6;Bier 0,5;#fbc02d;Alk;4,5;0;NULL;;2026-05-08 19:00:57;Kellner 6;WAHR;4,5;cash;;
433;583;136;ORDER: CREATED - Bestellung erfasst;B6;Bier 0,5;#fbc02d;Alk;4,5;0;NULL;;2026-05-08 19:00:57;Kellner 6;WAHR;4,5;cash;;
434;584;136;ORDER: CREATED - Bestellung erfasst;B6;Bier 0,5;#fbc02d;Alk;4,5;0;NULL;;2026-05-08 19:00:57;Kellner 6;WAHR;4,5;cash;;
435;585;136;ORDER: CREATED - Bestellung erfasst;B6;Bier 0,5;#fbc02d;Alk;4,5;0;NULL;;2026-05-08 19:00:57;Kellner 6;WAHR;4,5;cash;;
436;586;136;ORDER: CREATED - Bestellung erfasst;B6;Bier 0,5;#fbc02d;Alk;4,5;0;NULL;;2026-05-08 19:00:57;Kellner 6;WAHR;4,5;cash;;
437;587;136;ORDER: CREATED - Bestellung erfasst;B6;Almdudler 0,33;#fbc02d;Anti;3;0;NULL;;2026-05-08 19:00:57;Kellner 6;WAHR;3;cash;;
438;588;136;ORDER: CREATED - Bestellung erfasst;B6;Schnitzel mit Pommes;#827717;Essen;11,5;0;NULL;;2026-05-08 19:00:57;Kellner 6;WAHR;11,5;cash;;129
439;589;136;ORDER: CREATED - Bestellung erfasst;B6;Hendl mit Pommes;#0070c0;Essen;12,5;0;NULL;;2026-05-08 19:00:57;Kellner 6;WAHR;12,5;cash;;346
440;590;136;ORDER: CREATED - Bestellung erfasst;B6;Hendl mit Pommes;#0070c0;Essen;12,5;0;NULL;;2026-05-08 19:00:57;Kellner 6;WAHR;12,5;cash;;346
441;591;136;ORDER: CREATED - Bestellung erfasst;B6;Hendl mit Pommes;#0070c0;Essen;12,5;0;NULL;;2026-05-08 19:00:57;Kellner 6;WAHR;12,5;cash;;391
442;593;136;ORDER: CREATED - Bestellung erfasst;B6;Grillwürstel mit Pommes;#8bc34a;Essen;8;0;NULL;;2026-05-08 19:00:57;Kellner 6;WAHR;8;cash;;212
443;594;136;ORDER: CREATED - Bestellung erfasst;B6;Grillwürstel mit Pommes;#8bc34a;Essen;8;0;NULL;;2026-05-08 19:00:57;Kellner 6;WAHR;8;cash;;212
444;595;136;ORDER: CREATED - Bestellung erfasst;B6;Backhendl Salat;#4fc3f7;Essen;9;0;NULL;;2026-05-08 19:00:57;Kellner 6;WAHR;9;cash;;85
445;596;136;ORDER: CREATED - Bestellung erfasst;B6;Grillwürstel mit Pommes;#8bc34a;Essen;8;0;NULL;;2026-05-08 19:00:57;Kellner 6;WAHR;8;cash;;263
446;603;137;ORDER: CREATED - Bestellung erfasst;F1;Pommes;#ffc000;Essen;3,5;0;NULL;;2026-05-08 19:01:00;Kellner 4;WAHR;3,5;voucher;;204
447;597;137;ORDER: CREATED - Bestellung erfasst;F1;Soda zitron 0,5;#4fc3f7;Anti;3;0;NULL;;2026-05-08 19:01:00;Kellner 4;WAHR;3;voucher;;
448;598;137;ORDER: CREATED - Bestellung erfasst;F1;Soda zitron 0,5;#4fc3f7;Anti;3;0;NULL;;2026-05-08 19:01:00;Kellner 4;WAHR;3;voucher;;
449;599;137;ORDER: CREATED - Bestellung erfasst;F1;Schnitzel mit Pommes;#827717;Essen;11,5;0;NULL;;2026-05-08 19:01:00;Kellner 4;WAHR;11,5;cash;;127
450;600;137;ORDER: CREATED - Bestellung erfasst;F1;Hendl mit Pommes;#0070c0;Essen;12,5;0;NULL;;2026-05-08 19:01:00;Kellner 4;WAHR;12,5;cash;;389
451;601;137;ORDER: CREATED - Bestellung erfasst;F1;Hendl mit Pommes;#0070c0;Essen;12,5;0;NULL;;2026-05-08 19:01:00;Kellner 4;WAHR;12,5;voucher;;436
452;602;137;ORDER: CREATED - Bestellung erfasst;F1;Backhendl Salat;#4fc3f7;Essen;9;0;NULL;;2026-05-08 19:01:00;Kellner 4;WAHR;9;voucher;;109
453;604;138;ORDER: CREATED - Bestellung erfasst;H4;Radler 0,5;#afb42b;Alk;4,5;0;NULL;;2026-05-08 19:01:01;Kellner 3;WAHR;4,5;voucher;;
454;605;139;ORDER: CREATED - Bestellung erfasst;D9;Freibier 0.5;#ffeb3b;Alk;4,5;0;NULL;;2026-05-08 19:01:26;Kellner 10;WAHR;4,5;free;;
455;606;139;ORDER: CREATED - Bestellung erfasst;D9;Bier 0,5;#fbc02d;Alk;4,5;0;NULL;;2026-05-08 19:01:26;Kellner 10;WAHR;4,5;free;;
456;607;140;ORDER: CREATED - Bestellung erfasst;G6;Freibier 0.5;#ffeb3b;Alk;4,5;0;NULL;;2026-05-08 19:01:26;Kellner 8;WAHR;4,5;free;;
457;608;141;ORDER: CREATED - Bestellung erfasst;D10;Sommer spritzer 0,5;#fff176;Alk;4,5;0;NULL;;2026-05-08 19:01:33;Kellner 9;WAHR;4,5;cash;;
458;609;141;ORDER: CREATED - Bestellung erfasst;D10;Mineral 0,33;#b3e5fc;Anti;2,5;0;NULL;;2026-05-08 19:01:33;Kellner 9;WAHR;2,5;cash;;
459;615;142;ORDER: CREATED - Bestellung erfasst;B3;Schnitzelsemmerl;#f57f17;Essen;4,5;0;NULL;;2026-05-08 19:01:45;Kellner 1;WAHR;4,5;voucher;;177
460;614;142;ORDER: CREATED - Bestellung erfasst;B3;Radler 0,5;#afb42b;Alk;4,5;0;NULL;;2026-05-08 19:01:45;Kellner 1;WAHR;4,5;voucher;;
461;613;142;ORDER: CREATED - Bestellung erfasst;B3;Hendl mit Pommes;#0070c0;Essen;12,5;0;NULL;;2026-05-08 19:01:45;Kellner 1;WAHR;12,5;voucher;;391
462;612;142;ORDER: CREATED - Bestellung erfasst;B3;Radler 0,5;#afb42b;Alk;4,5;0;NULL;;2026-05-08 19:01:45;Kellner 1;WAHR;4,5;voucher;;
463;610;142;ORDER: CREATED - Bestellung erfasst;B3;Hendl mit Pommes;#0070c0;Essen;12,5;0;NULL;;2026-05-08 19:01:45;Kellner 1;WAHR;12,5;voucher;;391
464;611;142;ORDER: CREATED - Bestellung erfasst;B3;Bier 0,5;#fbc02d;Alk;4,5;0;NULL;;2026-05-08 19:01:45;Kellner 1;WAHR;4,5;voucher;;
465;617;142;ORDER: CREATED - Bestellung erfasst;B3;Bier 0,5;#fbc02d;Alk;4,5;0;NULL;;2026-05-08 19:01:45;Kellner 1;WAHR;4,5;voucher;;
466;616;142;ORDER: CREATED - Bestellung erfasst;B3;Hendl mit Pommes;#0070c0;Essen;12,5;0;NULL;;2026-05-08 19:01:45;Kellner 1;WAHR;12,5;voucher;;391
467;622;143;ORDER: CREATED - Bestellung erfasst;G7;Schnitzelsemmerl;#f57f17;Essen;4,5;0;NULL;;2026-05-08 19:01:55;Kellner 7;WAHR;4,5;cash;;181
468;620;143;ORDER: CREATED - Bestellung erfasst;G7;Schnitzelsemmerl;#f57f17;Essen;4,5;0;NULL;;2026-05-08 19:01:55;Kellner 7;WAHR;4,5;cash;;167
469;619;143;ORDER: CREATED - Bestellung erfasst;G7;Grillwürstel mit Pommes;#8bc34a;Essen;8;0;NULL;;2026-05-08 19:01:55;Kellner 7;WAHR;8;cash;;205
470;618;143;ORDER: CREATED - Bestellung erfasst;G7;Schnitzel mit Pommes;#827717;Essen;11,5;0;NULL;;2026-05-08 19:01:55;Kellner 7;WAHR;11,5;cash;;87
471;621;143;ORDER: CREATED - Bestellung erfasst;G7;Schnitzel mit Pommes;#827717;Essen;11,5;0;NULL;;2026-05-08 19:01:55;Kellner 7;WAHR;11,5;cash;;87
472;623;144;ORDER: CREATED - Bestellung erfasst;G6;Grillwürstel mit Pommes;#8bc34a;Essen;8;0;NULL;;2026-05-08 19:01:58;Kellner 8;WAHR;8;free;;236
473;629;145;ORDER: CREATED - Bestellung erfasst;E1;Hendl mit Pommes;#0070c0;Essen;12,5;0;NULL;;2026-05-08 19:01:58;Kellner 2;WAHR;12,5;cash;;443
474;624;145;ORDER: CREATED - Bestellung erfasst;E1;Hendl mit Pommes;#0070c0;Essen;12,5;0;NULL;;2026-05-08 19:01:58;Kellner 2;WAHR;12,5;cash;;377
475;625;145;ORDER: CREATED - Bestellung erfasst;E1;Hendl mit Pommes;#0070c0;Essen;12,5;0;NULL;;2026-05-08 19:01:58;Kellner 2;WAHR;12,5;cash;;377
476;626;145;ORDER: CREATED - Bestellung erfasst;E1;Schnitzel mit Pommes;#827717;Essen;11,5;0;NULL;;2026-05-08 19:01:58;Kellner 2;WAHR;11,5;cash;;109
477;627;145;ORDER: CREATED - Bestellung erfasst;E1;Hendl mit Pommes;#0070c0;Essen;12,5;0;NULL;;2026-05-08 19:01:58;Kellner 2;WAHR;12,5;cash;;414
478;628;145;ORDER: CREATED - Bestellung erfasst;E1;Hendl mit Pommes;#0070c0;Essen;12,5;0;NULL;;2026-05-08 19:01:58;Kellner 2;WAHR;12,5;cash;;414
479;631;146;ORDER: CREATED - Bestellung erfasst;F3;Pommes;#ffc000;Essen;3,5;0;NULL;;2026-05-08 19:02:25;Kellner 3;WAHR;3,5;cash;;118
480;632;146;ORDER: CREATED - Bestellung erfasst;F3;Hendl mit Pommes;#0070c0;Essen;12,5;0;NULL;;2026-05-08 19:02:25;Kellner 3;WAHR;12,5;cash;;417
481;633;146;ORDER: CREATED - Bestellung erfasst;F3;Hendl mit Pommes;#0070c0;Essen;12,5;0;NULL;;2026-05-08 19:02:25;Kellner 3;WAHR;12,5;cash;;417
482;634;146;ORDER: CREATED - Bestellung erfasst;F3;Pommes;#ffc000;Essen;3,5;0;NULL;;2026-05-08 19:02:25;Kellner 3;WAHR;3,5;cash;;164
483;635;146;ORDER: CREATED - Bestellung erfasst;F3;Backhendl Salat;#4fc3f7;Essen;9;0;NULL;;2026-05-08 19:02:25;Kellner 3;WAHR;9;cash;;102
484;636;146;ORDER: CREATED - Bestellung erfasst;F3;Hendl mit Pommes;#0070c0;Essen;12,5;0;NULL;;2026-05-08 19:02:25;Kellner 3;WAHR;12,5;cash;;417
485;637;146;ORDER: CREATED - Bestellung erfasst;F3;Hendl mit Pommes;#0070c0;Essen;12,5;0;NULL;;2026-05-08 19:02:25;Kellner 3;WAHR;12,5;cash;;442
486;638;146;ORDER: CREATED - Bestellung erfasst;F3;Hendl mit Pommes;#0070c0;Essen;12,5;0;NULL;;2026-05-08 19:02:25;Kellner 3;WAHR;12,5;cash;;442
487;639;146;ORDER: CREATED - Bestellung erfasst;F3;Hendl mit Pommes;#0070c0;Essen;12,5;0;NULL;;2026-05-08 19:02:25;Kellner 3;WAHR;12,5;cash;;442
488;630;146;ORDER: CREATED - Bestellung erfasst;F3;Hendl mit Pommes;#0070c0;Essen;12,5;0;NULL;;2026-05-08 19:02:25;Kellner 3;WAHR;12,5;cash;;417
489;640;147;ORDER: CREATED - Bestellung erfasst;F6;Bier 0,5;#fbc02d;Alk;4,5;0;NULL;;2026-05-08 19:02:26;Kellner 8;WAHR;4,5;free;;
490;641;148;ORDER: CREATED - Bestellung erfasst;B4;Bier 0,5;#fbc02d;Alk;4,5;0;NULL;;2026-05-08 19:02:43;Kellner 1;WAHR;4,5;voucher;;
491;642;149;ORDER: CREATED - Bestellung erfasst;H5;Radler 0,5;#afb42b;Alk;4,5;0;NULL;;2026-05-08 19:02:56;Kellner 8;WAHR;4,5;cash;;
492;643;149;ORDER: CREATED - Bestellung erfasst;H5;Sommer spritzer 0,5;#fff176;Alk;4,5;0;NULL;;2026-05-08 19:02:56;Kellner 8;WAHR;4,5;cash;;
493;644;150;ORDER: CREATED - Bestellung erfasst;C4;Sommer spritzer 0,5;#fff176;Alk;4,5;0;NULL;;2026-05-08 19:03:08;Kellner 1;WAHR;4,5;voucher;;
494;645;150;ORDER: CREATED - Bestellung erfasst;C4;Hendl mit Pommes;#0070c0;Essen;12,5;0;NULL;;2026-05-08 19:03:08;Kellner 1;WAHR;12,5;voucher;;421
495;646;151;ORDER: CREATED - Bestellung erfasst;E6;Bier 0,5;#fbc02d;Alk;4,5;0;NULL;;2026-05-08 19:03:10;Kellner 5;WAHR;4,5;voucher;;
496;647;151;ORDER: CREATED - Bestellung erfasst;E6;Cola 0,33;#004d40;Anti;3;0;NULL;;2026-05-08 19:03:10;Kellner 5;WAHR;3;voucher;;
497;648;151;ORDER: CREATED - Bestellung erfasst;E6;Radler 0,5;#afb42b;Alk;4,5;0;NULL;;2026-05-08 19:03:10;Kellner 5;WAHR;4,5;voucher;;
498;649;151;ORDER: CREATED - Bestellung erfasst;E6;Bier 0,5;#fbc02d;Alk;4,5;0;NULL;;2026-05-08 19:03:10;Kellner 5;WAHR;4,5;voucher;;
499;650;151;ORDER: CREATED - Bestellung erfasst;E6;Bier 0,5;#fbc02d;Alk;4,5;0;NULL;;2026-05-08 19:03:10;Kellner 5;WAHR;4,5;voucher;;
500;651;151;ORDER: CREATED - Bestellung erfasst;E6;Bier 0,5;#fbc02d;Alk;4,5;0;NULL;;2026-05-08 19:03:10;Kellner 5;WAHR;4,5;voucher;;
501;652;151;ORDER: CREATED - Bestellung erfasst;E6;Sommer spritzer 0,5;#fff176;Alk;4,5;0;NULL;;2026-05-08 19:03:10;Kellner 5;WAHR;4,5;voucher;;
502;653;151;ORDER: CREATED - Bestellung erfasst;E6;Bier 0,5;#fbc02d;Alk;4,5;0;NULL;;2026-05-08 19:03:10;Kellner 5;WAHR;4,5;voucher;;
503;662;151;ORDER: CREATED - Bestellung erfasst;E6;Grillwürstel mit Pommes;#8bc34a;Essen;8;0;NULL;;2026-05-08 19:03:10;Kellner 5;WAHR;8;voucher;;164
504;654;151;ORDER: CREATED - Bestellung erfasst;E6;Bier 0,5;#fbc02d;Alk;4,5;0;NULL;;2026-05-08 19:03:10;Kellner 5;WAHR;4,5;voucher;;
505;655;151;ORDER: CREATED - Bestellung erfasst;E6;Bier 0,5;#fbc02d;Alk;4,5;0;NULL;;2026-05-08 19:03:10;Kellner 5;WAHR;4,5;voucher;;
506;656;151;ORDER: CREATED - Bestellung erfasst;E6;Sommer spritzer 0,5;#fff176;Alk;4,5;0;NULL;;2026-05-08 19:03:10;Kellner 5;WAHR;4,5;voucher;;
507;657;151;ORDER: CREATED - Bestellung erfasst;E6;Almdudler 0,33;#fbc02d;Anti;3;0;NULL;;2026-05-08 19:03:10;Kellner 5;WAHR;3;voucher;;
508;658;151;ORDER: CREATED - Bestellung erfasst;E6;Cola 0,33;#004d40;Anti;3;0;NULL;;2026-05-08 19:03:10;Kellner 5;WAHR;3;voucher;;
509;659;151;ORDER: CREATED - Bestellung erfasst;E6;Cola 0,33;#004d40;Anti;3;0;NULL;;2026-05-08 19:03:10;Kellner 5;WAHR;3;voucher;;
510;660;151;ORDER: CREATED - Bestellung erfasst;E6;Hendl mit Pommes;#0070c0;Essen;12,5;0;NULL;;2026-05-08 19:03:10;Kellner 5;WAHR;12,5;voucher;;419
511;661;151;ORDER: CREATED - Bestellung erfasst;E6;Hendl mit Pommes;#0070c0;Essen;12,5;0;NULL;;2026-05-08 19:03:10;Kellner 5;WAHR;12,5;voucher;;419
512;664;152;ORDER: CREATED - Bestellung erfasst;G9;Gemüselaibchen mit Salat;#ffeb3b;Essen;9;0;NULL;;2026-05-08 19:03:20;Kellner 10;WAHR;9;cash;;70
513;665;152;ORDER: CREATED - Bestellung erfasst;G9;Pommes;#ffc000;Essen;3,5;0;NULL;;2026-05-08 19:03:20;Kellner 10;WAHR;3,5;cash;;109
514;663;152;ORDER: CREATED - Bestellung erfasst;G9;Hendl mit Pommes;#0070c0;Essen;12,5;0;NULL;;2026-05-08 19:03:20;Kellner 10;WAHR;12,5;cash;;410
515;666;153;ORDER: CREATED - Bestellung erfasst;E4;Hendl mit Pommes;#0070c0;Essen;12,5;0;NULL;;2026-05-08 19:03:55;Kellner 1;WAHR;12,5;voucher;;375
516;667;153;ORDER: CREATED - Bestellung erfasst;E4;Hendl mit Pommes;#0070c0;Essen;12,5;0;NULL;;2026-05-08 19:03:55;Kellner 1;WAHR;12,5;voucher;;375
517;668;153;ORDER: CREATED - Bestellung erfasst;E4;Bier 0,5;#fbc02d;Alk;4,5;0;NULL;;2026-05-08 19:03:55;Kellner 1;WAHR;4,5;voucher;;
518;669;153;ORDER: CREATED - Bestellung erfasst;E4;Bier 0,5;#fbc02d;Alk;4,5;0;NULL;;2026-05-08 19:03:55;Kellner 1;WAHR;4,5;voucher;;
519;670;153;ORDER: CREATED - Bestellung erfasst;E4;Schnitzel mit Pommes;#827717;Essen;11,5;0;NULL;;2026-05-08 19:03:55;Kellner 1;WAHR;11,5;voucher;;12
520;671;153;ORDER: CREATED - Bestellung erfasst;E4;Hendl mit Pommes;#0070c0;Essen;12,5;0;NULL;;2026-05-08 19:03:55;Kellner 1;WAHR;12,5;voucher;;420
521;672;153;ORDER: CREATED - Bestellung erfasst;E4;Hendl mit Pommes;#0070c0;Essen;12,5;0;NULL;;2026-05-08 19:03:55;Kellner 1;WAHR;12,5;voucher;;420
522;673;153;ORDER: CREATED - Bestellung erfasst;E4;Hendl mit Pommes;#0070c0;Essen;12,5;0;NULL;;2026-05-08 19:03:55;Kellner 1;WAHR;12,5;voucher;;420
523;674;154;ORDER: CREATED - Bestellung erfasst;G7;Schnitzelsemmerl;#f57f17;Essen;4,5;0;NULL;;2026-05-08 19:03:56;Kellner 7;WAHR;4,5;voucher;;60
524;675;155;ORDER: CREATED - Bestellung erfasst;I5;Bier 0,5;#fbc02d;Alk;4,5;0;NULL;;2026-05-08 19:04:08;Kellner 8;WAHR;4,5;voucher;;
525;676;155;ORDER: CREATED - Bestellung erfasst;I5;Limo Orange 0,33;#ffc107;Anti;3;0;NULL;;2026-05-08 19:04:08;Kellner 8;WAHR;3;voucher;;
526;677;156;ORDER: CREATED - Bestellung erfasst;E1;Bier 0,5;#fbc02d;Alk;4,5;0;NULL;;2026-05-08 19:04:14;Kellner 2;WAHR;4,5;voucher;;
527;678;157;ORDER: CREATED - Bestellung erfasst;H1;Hendl mit Pommes;#0070c0;Essen;12,5;0;NULL;;2026-05-08 19:04:43;Kellner 4;WAHR;12,5;voucher;;372
528;679;157;ORDER: CREATED - Bestellung erfasst;H1;Hendl mit Pommes;#0070c0;Essen;12,5;0;NULL;;2026-05-08 19:04:43;Kellner 4;WAHR;12,5;voucher;;372
529;680;157;ORDER: CREATED - Bestellung erfasst;H1;Bier 0,5;#fbc02d;Alk;4,5;0;NULL;;2026-05-08 19:04:43;Kellner 4;WAHR;4,5;voucher;;
530;681;157;ORDER: CREATED - Bestellung erfasst;H1;Bier 0,5;#fbc02d;Alk;4,5;0;NULL;;2026-05-08 19:04:43;Kellner 4;WAHR;4,5;voucher;;
531;682;158;ORDER: CREATED - Bestellung erfasst;B5;Bier 0,5;#fbc02d;Alk;4,5;0;NULL;;2026-05-08 19:04:52;Kellner 6;WAHR;4,5;cash;;
532;683;158;ORDER: CREATED - Bestellung erfasst;B5;Bier 0,5;#fbc02d;Alk;4,5;0;NULL;;2026-05-08 19:04:52;Kellner 6;WAHR;4,5;cash;;
533;684;158;ORDER: CREATED - Bestellung erfasst;B5;Hendl mit Pommes;#0070c0;Essen;12,5;0;NULL;;2026-05-08 19:04:52;Kellner 6;WAHR;12,5;cash;;362
534;685;158;ORDER: CREATED - Bestellung erfasst;B5;Hendl mit Pommes;#0070c0;Essen;12,5;0;NULL;;2026-05-08 19:04:52;Kellner 6;WAHR;12,5;cash;;362
535;686;158;ORDER: CREATED - Bestellung erfasst;B5;Schnitzelsemmerl;#f57f17;Essen;4,5;0;NULL;;2026-05-08 19:04:52;Kellner 6;WAHR;4,5;cash;;89
536;687;158;ORDER: CREATED - Bestellung erfasst;B5;Hendl mit Pommes;#0070c0;Essen;12,5;0;NULL;;2026-05-08 19:04:52;Kellner 6;WAHR;12,5;cash;;362
537;688;159;ORDER: CREATED - Bestellung erfasst;E3;Grillwürstel mit Pommes;#8bc34a;Essen;8;0;NULL;;2026-05-08 19:04:57;Kellner 1;WAHR;8;voucher;;92
538;689;159;ORDER: CREATED - Bestellung erfasst;E3;Hendl mit Pommes;#0070c0;Essen;12,5;0;NULL;;2026-05-08 19:04:57;Kellner 1;WAHR;12,5;voucher;;379
539;690;159;ORDER: CREATED - Bestellung erfasst;E3;Pommes;#ffc000;Essen;3,5;0;NULL;;2026-05-08 19:04:57;Kellner 1;WAHR;3,5;voucher;;107
540;691;159;ORDER: CREATED - Bestellung erfasst;E3;Backhendl Salat;#4fc3f7;Essen;9;0;NULL;;2026-05-08 19:04:57;Kellner 1;WAHR;9;voucher;;48
541;692;160;ORDER: CREATED - Bestellung erfasst;E10;Limo Orange 0,33;#ffc107;Anti;3;0;NULL;;2026-05-08 19:05:26;Kellner 9;WAHR;3;cash;;
542;693;161;ORDER: CREATED - Bestellung erfasst;C1;Bier 0,5;#fbc02d;Alk;4,5;0;NULL;;2026-05-08 19:05:29;Kellner 2;WAHR;4,5;voucher;;
543;694;161;ORDER: CREATED - Bestellung erfasst;C1;Bier 0,5;#fbc02d;Alk;4,5;0;NULL;;2026-05-08 19:05:29;Kellner 2;WAHR;4,5;voucher;;
544;695;161;ORDER: CREATED - Bestellung erfasst;C1;Cola 0,33;#004d40;Anti;3;0;NULL;;2026-05-08 19:05:29;Kellner 2;WAHR;3;voucher;;
545;696;161;ORDER: CREATED - Bestellung erfasst;C1;Sommer spritzer 0,5;#fff176;Alk;4,5;0;NULL;;2026-05-08 19:05:29;Kellner 2;WAHR;4,5;voucher;;
546;697;161;ORDER: CREATED - Bestellung erfasst;C1;Sommer spritzer 0,5;#fff176;Alk;4,5;0;NULL;;2026-05-08 19:05:29;Kellner 2;WAHR;4,5;voucher;;
547;698;162;ORDER: CREATED - Bestellung erfasst;I6;Bier 0,5;#fbc02d;Alk;4,5;0;NULL;;2026-05-08 19:05:36;Kellner 8;WAHR;4,5;voucher;;
548;699;162;ORDER: CREATED - Bestellung erfasst;I6;Sommer spritzer 0,5;#fff176;Alk;4,5;0;NULL;;2026-05-08 19:05:36;Kellner 8;WAHR;4,5;voucher;;
549;700;162;ORDER: CREATED - Bestellung erfasst;I6;Hendl mit Pommes;#0070c0;Essen;12,5;0;NULL;;2026-05-08 19:05:36;Kellner 8;WAHR;12,5;voucher;;340
550;701;162;ORDER: CREATED - Bestellung erfasst;I6;Hendl mit Pommes;#0070c0;Essen;12,5;0;NULL;;2026-05-08 19:05:36;Kellner 8;WAHR;12,5;voucher;;340
551;702;162;ORDER: CREATED - Bestellung erfasst;I6;Hendl mit Pommes;#0070c0;Essen;12,5;0;NULL;;2026-05-08 19:05:36;Kellner 8;WAHR;12,5;cash;;340
552;703;162;ORDER: CREATED - Bestellung erfasst;I6;Hendl mit Pommes;#0070c0;Essen;12,5;0;NULL;;2026-05-08 19:05:36;Kellner 8;WAHR;12,5;cash;;340
553;704;162;ORDER: CREATED - Bestellung erfasst;I6;Hendl mit Pommes;#0070c0;Essen;12,5;0;NULL;;2026-05-08 19:05:36;Kellner 8;WAHR;12,5;cash;;340
554;705;162;ORDER: CREATED - Bestellung erfasst;I6;Hendl mit Pommes;#0070c0;Essen;12,5;0;NULL;;2026-05-08 19:05:36;Kellner 8;WAHR;12,5;voucher;;340
555;706;162;ORDER: CREATED - Bestellung erfasst;I6;Hendl mit Pommes;#0070c0;Essen;12,5;0;NULL;;2026-05-08 19:05:36;Kellner 8;WAHR;12,5;voucher;;340
556;707;162;ORDER: CREATED - Bestellung erfasst;I6;Schnitzel mit Pommes;#827717;Essen;11,5;0;NULL;;2026-05-08 19:05:36;Kellner 8;WAHR;11,5;cash;;105
557;708;162;ORDER: CREATED - Bestellung erfasst;I6;Backhendl Salat;#4fc3f7;Essen;9;0;NULL;;2026-05-08 19:05:36;Kellner 8;WAHR;9;cash;;40
558;709;162;ORDER: CREATED - Bestellung erfasst;I6;Grillwürstel mit Pommes;#8bc34a;Essen;8;0;NULL;;2026-05-08 19:05:36;Kellner 8;WAHR;8;cash;;68
559;710;163;ORDER: CREATED - Bestellung erfasst;D4;Bier 0,5;#fbc02d;Alk;4,5;0;NULL;;2026-05-08 19:06:00;Kellner 1;WAHR;4,5;cash;;
560;711;163;ORDER: CREATED - Bestellung erfasst;D4;Bier 0,5;#fbc02d;Alk;4,5;0;NULL;;2026-05-08 19:06:00;Kellner 1;WAHR;4,5;cash;;
561;712;163;ORDER: CREATED - Bestellung erfasst;D4;Hendl mit Pommes;#0070c0;Essen;12,5;0;NULL;;2026-05-08 19:06:00;Kellner 1;WAHR;12,5;cash;;393
562;713;163;ORDER: CREATED - Bestellung erfasst;D4;Hendl mit Pommes;#0070c0;Essen;12,5;0;NULL;;2026-05-08 19:06:00;Kellner 1;WAHR;12,5;cash;;393
563;714;164;ORDER: CREATED - Bestellung erfasst;E10;Pommes;#ffc000;Essen;3,5;0;NULL;;2026-05-08 19:06:27;Kellner 9;WAHR;3,5;cash;;43
564;715;164;ORDER: CANCELED - Bestellung STORNO;E10;Pommes;#ffc000;Essen;3,5;0;NULL;;2026-05-08 19:06:27;Kellner 9;FALSCH;0;;;43
565;716;165;ORDER: CREATED - Bestellung erfasst;B4;Hendl mit Pommes;#0070c0;Essen;12,5;0;NULL;;2026-05-08 19:06:49;Kellner 1;WAHR;12,5;voucher;;344
566;717;165;ORDER: CREATED - Bestellung erfasst;B4;Bier 0,5;#fbc02d;Alk;4,5;0;NULL;;2026-05-08 19:06:49;Kellner 1;WAHR;4,5;voucher;;
567;718;165;ORDER: CREATED - Bestellung erfasst;B4;Sommer spritzer 0,5;#fff176;Alk;4,5;0;NULL;;2026-05-08 19:06:49;Kellner 1;WAHR;4,5;voucher;;
568;719;165;ORDER: CREATED - Bestellung erfasst;B4;Hendl mit Pommes;#0070c0;Essen;12,5;0;NULL;;2026-05-08 19:06:49;Kellner 1;WAHR;12,5;voucher;;344
569;720;166;ORDER: CREATED - Bestellung erfasst;C9;Backhendl Salat;#4fc3f7;Essen;9;0;NULL;;2026-05-08 19:06:58;Kellner 10;WAHR;9;cash;;31
570;721;166;ORDER: CREATED - Bestellung erfasst;C9;Radler 0,5;#afb42b;Alk;4,5;0;NULL;;2026-05-08 19:06:58;Kellner 10;WAHR;4,5;cash;;
571;722;167;ORDER: CREATED - Bestellung erfasst;B4;Hendl mit Pommes;#0070c0;Essen;12,5;0;NULL;;2026-05-08 19:07:29;Kellner 1;WAHR;12,5;cash;;304
572;723;167;ORDER: CREATED - Bestellung erfasst;B4;Bier 0,5;#fbc02d;Alk;4,5;0;NULL;;2026-05-08 19:07:29;Kellner 1;WAHR;4,5;cash;;
573;724;168;ORDER: CREATED - Bestellung erfasst;E7;Schnitzelsemmerl;#f57f17;Essen;4,5;0;NULL;;2026-05-08 19:07:33;Kellner 5;WAHR;4,5;cash;;12
574;725;168;ORDER: CREATED - Bestellung erfasst;E7;Schnitzelsemmerl;#f57f17;Essen;4,5;0;NULL;;2026-05-08 19:07:33;Kellner 5;WAHR;4,5;cash;;12
575;726;169;ORDER: CREATED - Bestellung erfasst;E10;Schnitzelsemmerl;#f57f17;Essen;4,5;0;NULL;;2026-05-08 19:07:39;Kellner 7;WAHR;4,5;voucher;;6
576;727;169;ORDER: CREATED - Bestellung erfasst;E10;Schnitzelsemmerl;#f57f17;Essen;4,5;0;NULL;;2026-05-08 19:07:39;Kellner 7;WAHR;4,5;voucher;;50
577;728;169;ORDER: CREATED - Bestellung erfasst;E10;Schnitzelsemmerl;#f57f17;Essen;4,5;0;NULL;;2026-05-08 19:07:39;Kellner 7;WAHR;4,5;voucher;;50
578;729;169;ORDER: CREATED - Bestellung erfasst;E10;Soda zitron 0,5;#4fc3f7;Anti;3;0;NULL;;2026-05-08 19:07:39;Kellner 7;WAHR;3;voucher;;
579;730;170;ORDER: CREATED - Bestellung erfasst;G4;Freibier 0.5;#ffeb3b;Alk;4,5;0;NULL;;2026-05-08 19:08:13;Kellner 3;WAHR;4,5;voucher;;
580;731;170;ORDER: CREATED - Bestellung erfasst;G4;Hendl mit Pommes;#0070c0;Essen;12,5;0;NULL;;2026-05-08 19:08:13;Kellner 3;WAHR;12,5;voucher;;319
581;733;171;ORDER: CREATED - Bestellung erfasst;B1;Sommer spritzer 0,5;#fff176;Alk;4,5;0;NULL;;2026-05-08 19:08:19;Kellner 2;WAHR;4,5;cash;;
582;735;171;ORDER: CREATED - Bestellung erfasst;B1;Sommer spritzer 0,5;#fff176;Alk;4,5;0;NULL;;2026-05-08 19:08:19;Kellner 2;WAHR;4,5;cash;;
583;749;171;ORDER: CREATED - Bestellung erfasst;B1;Almdudler 0,33;#fbc02d;Anti;3;0;NULL;;2026-05-08 19:08:19;Kellner 2;WAHR;3;cash;;
584;750;171;ORDER: CREATED - Bestellung erfasst;B1;Cola 0,33;#004d40;Anti;3;0;NULL;;2026-05-08 19:08:19;Kellner 2;WAHR;3;cash;;
585;732;171;ORDER: CREATED - Bestellung erfasst;B1;Sommer spritzer 0,5;#fff176;Alk;4,5;0;NULL;;2026-05-08 19:08:19;Kellner 2;WAHR;4,5;cash;;
586;734;171;ORDER: CREATED - Bestellung erfasst;B1;Sommer spritzer 0,5;#fff176;Alk;4,5;0;NULL;;2026-05-08 19:08:19;Kellner 2;WAHR;4,5;cash;;
587;736;171;ORDER: CREATED - Bestellung erfasst;B1;Soda zitron 0,5;#4fc3f7;Anti;3;0;NULL;;2026-05-08 19:08:19;Kellner 2;WAHR;3;cash;;
588;737;171;ORDER: CREATED - Bestellung erfasst;B1;Cola 0,33;#004d40;Anti;3;0;NULL;;2026-05-08 19:08:19;Kellner 2;WAHR;3;cash;;
589;738;171;ORDER: CREATED - Bestellung erfasst;B1;Soda zitron 0,5;#4fc3f7;Anti;3;0;NULL;;2026-05-08 19:08:19;Kellner 2;WAHR;3;cash;;
590;739;171;ORDER: CREATED - Bestellung erfasst;B1;Bier 0,5;#fbc02d;Alk;4,5;0;NULL;;2026-05-08 19:08:19;Kellner 2;WAHR;4,5;cash;;
591;740;171;ORDER: CREATED - Bestellung erfasst;B1;Bier 0,5;#fbc02d;Alk;4,5;0;NULL;;2026-05-08 19:08:19;Kellner 2;WAHR;4,5;cash;;
592;741;171;ORDER: CREATED - Bestellung erfasst;B1;Bier 0,5;#fbc02d;Alk;4,5;0;NULL;;2026-05-08 19:08:19;Kellner 2;WAHR;4,5;cash;;
593;742;171;ORDER: CREATED - Bestellung erfasst;B1;Sommer spritzer 0,5;#fff176;Alk;4,5;0;NULL;;2026-05-08 19:08:19;Kellner 2;WAHR;4,5;cash;;
594;743;171;ORDER: CREATED - Bestellung erfasst;B1;Bier 0,5;#fbc02d;Alk;4,5;0;NULL;;2026-05-08 19:08:19;Kellner 2;WAHR;4,5;cash;;
595;744;171;ORDER: CREATED - Bestellung erfasst;B1;Soda zitron 0,5;#4fc3f7;Anti;3;0;NULL;;2026-05-08 19:08:19;Kellner 2;WAHR;3;cash;;
596;745;171;ORDER: CREATED - Bestellung erfasst;B1;Bier 0,5;#fbc02d;Alk;4,5;0;NULL;;2026-05-08 19:08:19;Kellner 2;WAHR;4,5;cash;;
597;746;171;ORDER: CREATED - Bestellung erfasst;B1;Bier 0,5;#fbc02d;Alk;4,5;0;NULL;;2026-05-08 19:08:19;Kellner 2;WAHR;4,5;cash;;
598;747;171;ORDER: CREATED - Bestellung erfasst;B1;Bier 0,5;#fbc02d;Alk;4,5;0;NULL;;2026-05-08 19:08:19;Kellner 2;WAHR;4,5;cash;;
599;748;171;ORDER: CREATED - Bestellung erfasst;B1;Bier 0,5;#fbc02d;Alk;4,5;0;NULL;;2026-05-08 19:08:19;Kellner 2;WAHR;4,5;cash;;
600;752;172;ORDER: CREATED - Bestellung erfasst;D9;Hendl mit Pommes;#0070c0;Essen;12,5;0;NULL;;2026-05-08 19:08:26;Kellner 10;WAHR;12,5;cash;;305
601;751;172;ORDER: CREATED - Bestellung erfasst;D9;Hendl mit Pommes;#0070c0;Essen;12,5;0;NULL;;2026-05-08 19:08:26;Kellner 10;WAHR;12,5;cash;;305
602;754;173;ORDER: CREATED - Bestellung erfasst;G7;Bier 0,5;#fbc02d;Alk;4,5;0;NULL;;2026-05-08 19:08:32;Kellner 8;WAHR;4,5;voucher;;
603;753;173;ORDER: CREATED - Bestellung erfasst;G7;Bier 0,5;#fbc02d;Alk;4,5;0;NULL;;2026-05-08 19:08:32;Kellner 8;WAHR;4,5;voucher;;
604;755;174;ORDER: CREATED - Bestellung erfasst;D5;Bier 0,5;#fbc02d;Alk;4,5;0;NULL;;2026-05-08 19:08:48;Kellner 6;WAHR;4,5;voucher;;
605;759;174;ORDER: CREATED - Bestellung erfasst;D5;Bier 0,5;#fbc02d;Alk;4,5;0;NULL;;2026-05-08 19:08:48;Kellner 6;WAHR;4,5;voucher;;
606;758;174;ORDER: CREATED - Bestellung erfasst;D5;Bier 0,5;#fbc02d;Alk;4,5;0;NULL;;2026-05-08 19:08:48;Kellner 6;WAHR;4,5;voucher;;
607;757;174;ORDER: CREATED - Bestellung erfasst;D5;Bier 0,5;#fbc02d;Alk;4,5;0;NULL;;2026-05-08 19:08:48;Kellner 6;WAHR;4,5;voucher;;
608;756;174;ORDER: CREATED - Bestellung erfasst;D5;Bier 0,5;#fbc02d;Alk;4,5;0;NULL;;2026-05-08 19:08:48;Kellner 6;WAHR;4,5;voucher;;
609;760;175;ORDER: CREATED - Bestellung erfasst;E8;Hendl mit Pommes;#0070c0;Essen;12,5;0;NULL;;2026-05-08 19:08:50;Kellner 5;WAHR;12,5;cash;;281
610;762;176;ORDER: CREATED - Bestellung erfasst;H5;Grillwürstel mit Pommes;#8bc34a;Essen;8;0;NULL;;2026-05-08 19:09:31;Kellner 8;WAHR;8;cash;;6
611;761;176;ORDER: CREATED - Bestellung erfasst;H5;Almdudler 0,33;#fbc02d;Anti;3;0;NULL;;2026-05-08 19:09:31;Kellner 8;WAHR;3;cash;;
612;764;177;ORDER: CREATED - Bestellung erfasst;C6;Bier 0,5;#fbc02d;Alk;4,5;0;NULL;;2026-05-08 19:09:32;Kellner 5;WAHR;4,5;voucher;;
613;765;177;ORDER: CREATED - Bestellung erfasst;C6;Bier 0,5;#fbc02d;Alk;4,5;0;NULL;;2026-05-08 19:09:32;Kellner 5;WAHR;4,5;voucher;;
614;766;177;ORDER: CREATED - Bestellung erfasst;C6;Bier 0,5;#fbc02d;Alk;4,5;0;NULL;;2026-05-08 19:09:32;Kellner 5;WAHR;4,5;voucher;;
615;763;177;ORDER: CREATED - Bestellung erfasst;C6;Bier 0,5;#fbc02d;Alk;4,5;0;NULL;;2026-05-08 19:09:32;Kellner 5;WAHR;4,5;voucher;;
616;768;178;ORDER: CREATED - Bestellung erfasst;D1;Hendl mit Pommes;#0070c0;Essen;12,5;0;NULL;;2026-05-08 19:09:34;Kellner 4;WAHR;12,5;cash;;309
617;772;178;ORDER: CREATED - Bestellung erfasst;D1;Pommes;#ffc000;Essen;3,5;0;NULL;;2026-05-08 19:09:34;Kellner 4;WAHR;3,5;cash;;36
618;771;178;ORDER: CREATED - Bestellung erfasst;D1;Hendl mit Pommes;#0070c0;Essen;12,5;0;NULL;;2026-05-08 19:09:34;Kellner 4;WAHR;12,5;cash;;309
619;770;178;ORDER: CREATED - Bestellung erfasst;D1;Backhendl Salat;#4fc3f7;Essen;9;0;NULL;;2026-05-08 19:09:34;Kellner 4;WAHR;9;cash;;24
620;769;178;ORDER: CREATED - Bestellung erfasst;D1;Hendl mit Pommes;#0070c0;Essen;12,5;0;NULL;;2026-05-08 19:09:34;Kellner 4;WAHR;12,5;cash;;309
621;767;178;ORDER: CREATED - Bestellung erfasst;D1;Hendl mit Pommes;#0070c0;Essen;12,5;0;NULL;;2026-05-08 19:09:34;Kellner 4;WAHR;12,5;cash;;238
622;774;178;ORDER: CREATED - Bestellung erfasst;D1;Hendl mit Pommes;#0070c0;Essen;12,5;0;NULL;;2026-05-08 19:09:34;Kellner 4;WAHR;12,5;cash;;350
623;773;178;ORDER: CREATED - Bestellung erfasst;D1;Grillwürstel mit Pommes;#8bc34a;Essen;8;0;NULL;;2026-05-08 19:09:34;Kellner 4;WAHR;8;cash;;40
624;779;179;ORDER: CREATED - Bestellung erfasst;C5;Soda zitron 0,5;#4fc3f7;Anti;3;0;NULL;;2026-05-08 19:09:46;Kellner 6;WAHR;3;voucher;;
625;778;179;ORDER: CREATED - Bestellung erfasst;C5;Soda zitron 0,5;#4fc3f7;Anti;3;0;NULL;;2026-05-08 19:09:46;Kellner 6;WAHR;3;voucher;;
626;777;179;ORDER: CREATED - Bestellung erfasst;C5;Radler 0,5;#afb42b;Alk;4,5;0;NULL;;2026-05-08 19:09:46;Kellner 6;WAHR;4,5;voucher;;
627;776;179;ORDER: CREATED - Bestellung erfasst;C5;Radler 0,5;#afb42b;Alk;4,5;0;NULL;;2026-05-08 19:09:46;Kellner 6;WAHR;4,5;voucher;;
628;775;179;ORDER: CREATED - Bestellung erfasst;C5;Almdudler 0,33;#fbc02d;Anti;3;0;NULL;;2026-05-08 19:09:46;Kellner 6;WAHR;3;voucher;;
629;780;180;ORDER: CREATED - Bestellung erfasst;E10;Mineral 0,33;#b3e5fc;Anti;2,5;0;NULL;;2026-05-08 19:09:48;Kellner 9;WAHR;2,5;voucher;;
630;781;181;ORDER: CREATED - Bestellung erfasst;C10;Mineral 0,33;#b3e5fc;Anti;2,5;0;NULL;;2026-05-08 19:10:13;Kellner 10;WAHR;2,5;cash;;
631;782;182;ORDER: CREATED - Bestellung erfasst;D10;Soda zitron 0,5;#4fc3f7;Anti;3;0;NULL;;2026-05-08 19:10:17;Kellner 9;WAHR;3;cash;;
632;783;183;ORDER: CREATED - Bestellung erfasst;F6;Grillwürstel mit Pommes;#8bc34a;Essen;8;0;NULL;;2026-05-08 19:10:35;Kellner 7;WAHR;8;free;;30
633;786;183;ORDER: CREATED - Bestellung erfasst;F6;Grillwürstel mit Pommes;#8bc34a;Essen;8;0;NULL;;2026-05-08 19:10:35;Kellner 7;WAHR;8;free;;30
634;785;183;ORDER: CREATED - Bestellung erfasst;F6;Schnitzelsemmerl;#f57f17;Essen;4,5;0;NULL;;2026-05-08 19:10:35;Kellner 7;WAHR;4,5;free;;5
635;784;183;ORDER: CREATED - Bestellung erfasst;F6;Schnitzelsemmerl;#f57f17;Essen;4,5;0;NULL;;2026-05-08 19:10:35;Kellner 7;WAHR;4,5;free;;5
636;789;184;ORDER: CREATED - Bestellung erfasst;C2;Bier 0,5;#fbc02d;Alk;4,5;0;NULL;;2026-05-08 19:11:28;Kellner 1;WAHR;4,5;voucher;;
637;791;184;ORDER: CREATED - Bestellung erfasst;C2;Radler 0,5;#afb42b;Alk;4,5;0;NULL;;2026-05-08 19:11:28;Kellner 1;WAHR;4,5;voucher;;
638;790;184;ORDER: CREATED - Bestellung erfasst;C2;Cola 0,33;#004d40;Anti;3;0;NULL;;2026-05-08 19:11:28;Kellner 1;WAHR;3;voucher;;
639;787;184;ORDER: CREATED - Bestellung erfasst;C2;Bier 0,5;#fbc02d;Alk;4,5;0;NULL;;2026-05-08 19:11:28;Kellner 1;WAHR;4,5;voucher;;
640;788;184;ORDER: CREATED - Bestellung erfasst;C2;Cola 0,33;#004d40;Anti;3;0;NULL;;2026-05-08 19:11:28;Kellner 1;WAHR;3;voucher;;
641;793;185;ORDER: CREATED - Bestellung erfasst;B3;Bier 0,5;#fbc02d;Alk;4,5;0;NULL;;2026-05-08 19:12:12;Kellner 1;WAHR;4,5;voucher;;
642;792;185;ORDER: CREATED - Bestellung erfasst;B3;Bier 0,5;#fbc02d;Alk;4,5;0;NULL;;2026-05-08 19:12:12;Kellner 1;WAHR;4,5;voucher;;
643;794;186;ORDER: CREATED - Bestellung erfasst;D7;Schnitzelsemmerl;#f57f17;Essen;4,5;0;NULL;;2026-05-08 19:12:12;Kellner 6;WAHR;4,5;cash;;14
644;803;186;ORDER: CREATED - Bestellung erfasst;D7;Hendl mit Pommes;#0070c0;Essen;12,5;0;NULL;;2026-05-08 19:12:12;Kellner 6;WAHR;12,5;voucher;;192
645;804;186;ORDER: CREATED - Bestellung erfasst;D7;Pommes;#ffc000;Essen;3,5;0;NULL;;2026-05-08 19:12:12;Kellner 6;WAHR;3,5;voucher;;70
646;801;186;ORDER: CREATED - Bestellung erfasst;D7;Pommes;#ffc000;Essen;3,5;0;NULL;;2026-05-08 19:12:12;Kellner 6;WAHR;3,5;cash;;62
647;802;186;ORDER: CREATED - Bestellung erfasst;D7;Hendl mit Pommes;#0070c0;Essen;12,5;0;NULL;;2026-05-08 19:12:12;Kellner 6;WAHR;12,5;cash;;192
648;800;186;ORDER: CREATED - Bestellung erfasst;D7;Backhendl Salat;#4fc3f7;Essen;9;0;NULL;;2026-05-08 19:12:12;Kellner 6;WAHR;9;cash;;26
649;799;186;ORDER: CREATED - Bestellung erfasst;D7;Schnitzelsemmerl;#f57f17;Essen;4,5;0;NULL;;2026-05-08 19:12:12;Kellner 6;WAHR;4,5;cash;;70
650;798;186;ORDER: CREATED - Bestellung erfasst;D7;Schnitzelsemmerl;#f57f17;Essen;4,5;0;NULL;;2026-05-08 19:12:12;Kellner 6;WAHR;4,5;cash;;55
651;796;186;ORDER: CREATED - Bestellung erfasst;D7;Schnitzelsemmerl;#f57f17;Essen;4,5;0;NULL;;2026-05-08 19:12:12;Kellner 6;WAHR;4,5;cash;;39
652;797;186;ORDER: CREATED - Bestellung erfasst;D7;Pommes;#ffc000;Essen;3,5;0;NULL;;2026-05-08 19:12:12;Kellner 6;WAHR;3,5;cash;;45
653;795;186;ORDER: CREATED - Bestellung erfasst;D7;Pommes;#ffc000;Essen;3,5;0;NULL;;2026-05-08 19:12:12;Kellner 6;WAHR;3,5;cash;;45
654;810;187;ORDER: CREATED - Bestellung erfasst;F5;Schnitzel mit Pommes;#827717;Essen;11,5;0;NULL;;2026-05-08 19:12:16;Kellner 7;WAHR;11,5;free;;127
655;805;187;ORDER: CREATED - Bestellung erfasst;F5;Grillwürstel mit Pommes;#8bc34a;Essen;8;0;NULL;;2026-05-08 19:12:16;Kellner 7;WAHR;8;free;;29
656;806;187;ORDER: CREATED - Bestellung erfasst;F5;Hendl mit Pommes;#0070c0;Essen;12,5;0;NULL;;2026-05-08 19:12:16;Kellner 7;WAHR;12,5;free;;187
657;807;187;ORDER: CREATED - Bestellung erfasst;F5;Hendl mit Pommes;#0070c0;Essen;12,5;0;NULL;;2026-05-08 19:12:16;Kellner 7;WAHR;12,5;free;;187
658;808;187;ORDER: CREATED - Bestellung erfasst;F5;Schnitzel mit Pommes;#827717;Essen;11,5;0;NULL;;2026-05-08 19:12:16;Kellner 7;WAHR;11,5;free;;127
659;809;187;ORDER: CREATED - Bestellung erfasst;F5;Schnitzelsemmerl;#f57f17;Essen;4,5;0;NULL;;2026-05-08 19:12:16;Kellner 7;WAHR;4,5;free;;66
660;811;187;ORDER: CREATED - Bestellung erfasst;F5;Schnitzelsemmerl;#f57f17;Essen;4,5;0;NULL;;2026-05-08 19:12:16;Kellner 7;WAHR;4,5;free;;84
661;817;188;ORDER: CREATED - Bestellung erfasst;A1;Bier 0,5;#fbc02d;Alk;4,5;0;NULL;;2026-05-08 19:12:22;Kellner 2;WAHR;4,5;voucher;;
662;815;188;ORDER: CREATED - Bestellung erfasst;A1;Sommer spritzer 0,5;#fff176;Alk;4,5;0;NULL;;2026-05-08 19:12:22;Kellner 2;WAHR;4,5;voucher;;
663;816;188;ORDER: CREATED - Bestellung erfasst;A1;Radler 0,5;#afb42b;Alk;4,5;0;NULL;;2026-05-08 19:12:22;Kellner 2;WAHR;4,5;voucher;;
664;812;188;ORDER: CREATED - Bestellung erfasst;A1;Sommer spritzer 0,5;#fff176;Alk;4,5;0;NULL;;2026-05-08 19:12:22;Kellner 2;WAHR;4,5;voucher;;
665;820;188;ORDER: CREATED - Bestellung erfasst;A1;Bier 0,5;#fbc02d;Alk;4,5;0;NULL;;2026-05-08 19:12:22;Kellner 2;WAHR;4,5;voucher;;
666;819;188;ORDER: CREATED - Bestellung erfasst;A1;Bier 0,5;#fbc02d;Alk;4,5;0;NULL;;2026-05-08 19:12:22;Kellner 2;WAHR;4,5;voucher;;
667;818;188;ORDER: CREATED - Bestellung erfasst;A1;Soda zitron 0,5;#4fc3f7;Anti;3;0;NULL;;2026-05-08 19:12:22;Kellner 2;WAHR;3;voucher;;
668;813;188;ORDER: CREATED - Bestellung erfasst;A1;Sommer spritzer 0,5;#fff176;Alk;4,5;0;NULL;;2026-05-08 19:12:22;Kellner 2;WAHR;4,5;voucher;;
669;814;188;ORDER: CREATED - Bestellung erfasst;A1;Sommer spritzer 0,5;#fff176;Alk;4,5;0;NULL;;2026-05-08 19:12:22;Kellner 2;WAHR;4,5;voucher;;
670;821;189;ORDER: CREATED - Bestellung erfasst;G7;Grillwürstel mit Pommes;#8bc34a;Essen;8;0;NULL;;2026-05-08 19:12:29;Kellner 8;WAHR;8;cash;;53
671;822;189;ORDER: CREATED - Bestellung erfasst;G7;Hendl mit Pommes;#0070c0;Essen;12,5;0;NULL;;2026-05-08 19:12:29;Kellner 8;WAHR;12,5;cash;;212
672;825;190;ORDER: CREATED - Bestellung erfasst;A3;Bier 0,5;#fbc02d;Alk;4,5;0;NULL;;2026-05-08 19:12:38;Kellner 1;WAHR;4,5;voucher;;
673;824;190;ORDER: CREATED - Bestellung erfasst;A3;Bier 0,5;#fbc02d;Alk;4,5;0;NULL;;2026-05-08 19:12:38;Kellner 1;WAHR;4,5;voucher;;
674;823;190;ORDER: CREATED - Bestellung erfasst;A3;Bier 0,5;#fbc02d;Alk;4,5;0;NULL;;2026-05-08 19:12:38;Kellner 1;WAHR;4,5;voucher;;
675;826;190;ORDER: CREATED - Bestellung erfasst;A3;Mineral 0,33;#b3e5fc;Anti;2,5;0;NULL;;2026-05-08 19:12:38;Kellner 1;WAHR;2,5;voucher;;
676;827;191;ORDER: CREATED - Bestellung erfasst;D2;Grillwürstel mit Pommes;#8bc34a;Essen;8;0;NULL;;2026-05-08 19:12:39;Kellner 4;WAHR;8;voucher;;66
677;828;191;ORDER: CREATED - Bestellung erfasst;D2;Sommer spritzer 0,5;#fff176;Alk;4,5;0;NULL;;2026-05-08 19:12:39;Kellner 4;WAHR;4,5;voucher;;
678;829;191;ORDER: CREATED - Bestellung erfasst;D2;Backhendl Salat;#4fc3f7;Essen;9;0;NULL;;2026-05-08 19:12:39;Kellner 4;WAHR;9;voucher;;36
679;830;191;ORDER: CREATED - Bestellung erfasst;D2;Grillwürstel mit Pommes;#8bc34a;Essen;8;0;NULL;;2026-05-08 19:12:39;Kellner 4;WAHR;8;voucher;;66
680;831;191;ORDER: CREATED - Bestellung erfasst;D2;Backhendl Salat;#4fc3f7;Essen;9;0;NULL;;2026-05-08 19:12:39;Kellner 4;WAHR;9;voucher;;77
681;832;191;ORDER: CREATED - Bestellung erfasst;D2;Pommes;#ffc000;Essen;3,5;0;NULL;;2026-05-08 19:12:39;Kellner 4;WAHR;3,5;voucher;;73
682;833;192;ORDER: CREATED - Bestellung erfasst;F5;Bier 0,5;#fbc02d;Alk;4,5;0;NULL;;2026-05-08 19:12:55;Kellner 7;WAHR;4,5;free;;
683;834;192;ORDER: CREATED - Bestellung erfasst;F5;Bier 0,5;#fbc02d;Alk;4,5;0;NULL;;2026-05-08 19:12:55;Kellner 7;WAHR;4,5;free;;
684;837;192;ORDER: CREATED - Bestellung erfasst;F5;Bier 0,5;#fbc02d;Alk;4,5;0;NULL;;2026-05-08 19:12:55;Kellner 7;WAHR;4,5;free;;
685;835;192;ORDER: CREATED - Bestellung erfasst;F5;Bier 0,5;#fbc02d;Alk;4,5;0;NULL;;2026-05-08 19:12:55;Kellner 7;WAHR;4,5;free;;
686;836;192;ORDER: CREATED - Bestellung erfasst;F5;Sommer spritzer 0,5;#fff176;Alk;4,5;0;NULL;;2026-05-08 19:12:55;Kellner 7;WAHR;4,5;free;;
687;844;193;ORDER: CREATED - Bestellung erfasst;F4;Hendl mit Pommes;#0070c0;Essen;12,5;0;NULL;;2026-05-08 19:13:24;Kellner 3;WAHR;12,5;cash;;201
688;843;193;ORDER: CREATED - Bestellung erfasst;F4;Hendl mit Pommes;#0070c0;Essen;12,5;0;NULL;;2026-05-08 19:13:24;Kellner 3;WAHR;12,5;cash;;201
689;842;193;ORDER: CREATED - Bestellung erfasst;F4;Hendl mit Pommes;#0070c0;Essen;12,5;0;NULL;;2026-05-08 19:13:24;Kellner 3;WAHR;12,5;cash;;157
690;841;193;ORDER: CREATED - Bestellung erfasst;F4;Cola 0,33;#004d40;Anti;3;0;NULL;;2026-05-08 19:13:24;Kellner 3;WAHR;3;cash;;
691;840;193;ORDER: CREATED - Bestellung erfasst;F4;Sommer spritzer 0,5;#fff176;Alk;4,5;0;NULL;;2026-05-08 19:13:24;Kellner 3;WAHR;4,5;cash;;
692;839;193;ORDER: CREATED - Bestellung erfasst;F4;Sommer spritzer 0,5;#fff176;Alk;4,5;0;NULL;;2026-05-08 19:13:24;Kellner 3;WAHR;4,5;cash;;
693;838;193;ORDER: CREATED - Bestellung erfasst;F4;Sommer spritzer 0,5;#fff176;Alk;4,5;0;NULL;;2026-05-08 19:13:24;Kellner 3;WAHR;4,5;cash;;
694;845;193;ORDER: CREATED - Bestellung erfasst;F4;Hendl mit Pommes;#0070c0;Essen;12,5;0;NULL;;2026-05-08 19:13:24;Kellner 3;WAHR;12,5;cash;;201
695;847;194;ORDER: CREATED - Bestellung erfasst;E9;Bier 0,5;#fbc02d;Alk;4,5;0;NULL;;2026-05-08 19:13:40;Kellner 10;WAHR;4,5;cash;;
696;857;194;ORDER: CREATED - Bestellung erfasst;E9;Schnitzelsemmerl;#f57f17;Essen;4,5;0;NULL;;2026-05-08 19:13:40;Kellner 10;WAHR;4,5;cash;;43
697;856;194;ORDER: CREATED - Bestellung erfasst;E9;Bier 0,5;#fbc02d;Alk;4,5;0;NULL;;2026-05-08 19:13:40;Kellner 10;WAHR;4,5;cash;;
698;855;194;ORDER: CREATED - Bestellung erfasst;E9;Hendl mit Pommes;#0070c0;Essen;12,5;0;NULL;;2026-05-08 19:13:40;Kellner 10;WAHR;12,5;cash;;306
699;854;194;ORDER: CREATED - Bestellung erfasst;E9;Hendl mit Pommes;#0070c0;Essen;12,5;0;NULL;;2026-05-08 19:13:40;Kellner 10;WAHR;12,5;cash;;233
700;853;194;ORDER: CREATED - Bestellung erfasst;E9;Hendl mit Pommes;#0070c0;Essen;12,5;0;NULL;;2026-05-08 19:13:40;Kellner 10;WAHR;12,5;cash;;233
701;852;194;ORDER: CREATED - Bestellung erfasst;E9;Cola 0,33;#004d40;Anti;3;0;NULL;;2026-05-08 19:13:40;Kellner 10;WAHR;3;cash;;
702;851;194;ORDER: CREATED - Bestellung erfasst;E9;Hendl mit Pommes;#0070c0;Essen;12,5;0;NULL;;2026-05-08 19:13:40;Kellner 10;WAHR;12,5;cash;;192
703;850;194;ORDER: CREATED - Bestellung erfasst;E9;Hendl mit Pommes;#0070c0;Essen;12,5;0;NULL;;2026-05-08 19:13:40;Kellner 10;WAHR;12,5;cash;;192
704;849;194;ORDER: CREATED - Bestellung erfasst;E9;Bier 0,5;#fbc02d;Alk;4,5;0;NULL;;2026-05-08 19:13:40;Kellner 10;WAHR;4,5;cash;;
705;848;194;ORDER: CREATED - Bestellung erfasst;E9;Bier 0,5;#fbc02d;Alk;4,5;0;NULL;;2026-05-08 19:13:40;Kellner 10;WAHR;4,5;cash;;
706;846;194;ORDER: CREATED - Bestellung erfasst;E9;Bier 0,5;#fbc02d;Alk;4,5;0;NULL;;2026-05-08 19:13:40;Kellner 10;WAHR;4,5;cash;;
707;858;195;ORDER: CREATED - Bestellung erfasst;E4;Bier 0,5;#fbc02d;Alk;4,5;0;NULL;;2026-05-08 19:14:00;Kellner 1;WAHR;4,5;voucher;;
708;859;196;ORDER: CREATED - Bestellung erfasst;H5;Schnitzel mit Pommes;#827717;Essen;11,5;0;NULL;;2026-05-08 19:14:24;Kellner 7;WAHR;11,5;cash;;18
709;860;197;ORDER: CANCELED - Bestellung STORNO;H10;Sommer spritzer 0,5;#fff176;Alk;4,5;0;NULL;;2026-05-08 19:14:52;Kellner 9;FALSCH;0;;;
710;862;198;ORDER: CREATED - Bestellung erfasst;H10;Sommer spritzer 0,5;#fff176;Alk;4,5;0;NULL;;2026-05-08 19:15:05;Kellner 9;WAHR;4,5;cash;;
711;861;198;ORDER: CREATED - Bestellung erfasst;H10;Sommer spritzer 0,5;#fff176;Alk;4,5;0;NULL;;2026-05-08 19:15:05;Kellner 9;WAHR;4,5;cash;;
712;864;199;ORDER: CREATED - Bestellung erfasst;H6;Schnitzel mit Pommes;#827717;Essen;11,5;0;NULL;;2026-05-08 19:15:35;Kellner 7;WAHR;11,5;free;;39
713;863;199;ORDER: CREATED - Bestellung erfasst;H6;Schnitzel mit Pommes;#827717;Essen;11,5;0;NULL;;2026-05-08 19:15:35;Kellner 7;WAHR;11,5;free;;39
714;865;199;ORDER: CREATED - Bestellung erfasst;H6;Schnitzelsemmerl;#f57f17;Essen;4,5;0;NULL;;2026-05-08 19:15:35;Kellner 7;WAHR;4,5;free;;9
715;866;199;ORDER: CREATED - Bestellung erfasst;H6;Pommes;#ffc000;Essen;3,5;0;NULL;;2026-05-08 19:15:35;Kellner 7;WAHR;3,5;free;;26
716;867;200;ORDER: CREATED - Bestellung erfasst;H6;Limo Orange 0,33;#ffc107;Anti;3;0;NULL;;2026-05-08 19:16:03;Kellner 7;WAHR;3;free;;
717;869;200;ORDER: CREATED - Bestellung erfasst;H6;Cola 0,33;#004d40;Anti;3;0;NULL;;2026-05-08 19:16:03;Kellner 7;WAHR;3;free;;
718;868;200;ORDER: CREATED - Bestellung erfasst;H6;Limo Orange 0,33;#ffc107;Anti;3;0;NULL;;2026-05-08 19:16:03;Kellner 7;WAHR;3;free;;
719;872;201;ORDER: CREATED - Bestellung erfasst;E10;Hendl mit Pommes;#0070c0;Essen;12,5;0;NULL;;2026-05-08 19:16:12;Kellner 9;WAHR;12,5;free;;153
720;873;201;ORDER: CREATED - Bestellung erfasst;E10;Schnitzelsemmerl;#f57f17;Essen;4,5;0;NULL;;2026-05-08 19:16:12;Kellner 9;WAHR;4,5;free;;7
721;874;201;ORDER: CREATED - Bestellung erfasst;E10;Hendl mit Pommes;#0070c0;Essen;12,5;0;NULL;;2026-05-08 19:16:12;Kellner 9;WAHR;12,5;free;;153
722;875;201;ORDER: CREATED - Bestellung erfasst;E10;Bier 0,5;#fbc02d;Alk;4,5;0;NULL;;2026-05-08 19:16:12;Kellner 9;WAHR;4,5;free;;
723;871;201;ORDER: CREATED - Bestellung erfasst;E10;Soda zitron 0,5;#4fc3f7;Anti;3;0;NULL;;2026-05-08 19:16:12;Kellner 9;WAHR;3;free;;
724;870;201;ORDER: CREATED - Bestellung erfasst;E10;Bier 0,5;#fbc02d;Alk;4,5;0;NULL;;2026-05-08 19:16:12;Kellner 9;WAHR;4,5;free;;
725;878;202;ORDER: CREATED - Bestellung erfasst;E5;Sommer spritzer 0,5;#fff176;Alk;4,5;0;NULL;;2026-05-08 19:16:22;Kellner 8;WAHR;4,5;voucher;;
726;879;202;ORDER: CREATED - Bestellung erfasst;E5;Bier 0,5;#fbc02d;Alk;4,5;0;NULL;;2026-05-08 19:16:22;Kellner 8;WAHR;4,5;voucher;;
727;880;202;ORDER: CREATED - Bestellung erfasst;E5;Radler 0,5;#afb42b;Alk;4,5;0;NULL;;2026-05-08 19:16:22;Kellner 8;WAHR;4,5;voucher;;
728;876;202;ORDER: CREATED - Bestellung erfasst;E5;Sommer spritzer 0,5;#fff176;Alk;4,5;0;NULL;;2026-05-08 19:16:22;Kellner 8;WAHR;4,5;voucher;;
729;877;202;ORDER: CREATED - Bestellung erfasst;E5;Sommer spritzer 0,5;#fff176;Alk;4,5;0;NULL;;2026-05-08 19:16:22;Kellner 8;WAHR;4,5;voucher;;
730;881;203;ORDER: CREATED - Bestellung erfasst;H5;Schnitzelsemmerl;#f57f17;Essen;4,5;0;NULL;;2026-05-08 19:16:30;Kellner 7;WAHR;4,5;cash;;6
731;882;204;ORDER: CREATED - Bestellung erfasst;G10;Hendl mit Pommes;#0070c0;Essen;12,5;0;NULL;;2026-05-08 19:16:55;Kellner 10;WAHR;12,5;cash;;111
732;883;205;ORDER: CREATED - Bestellung erfasst;H2;Bier 0,5;#fbc02d;Alk;4,5;0;NULL;;2026-05-08 19:17:05;Kellner 4;WAHR;4,5;voucher;;
733;884;205;ORDER: CREATED - Bestellung erfasst;H2;Bier 0,5;#fbc02d;Alk;4,5;0;NULL;;2026-05-08 19:17:05;Kellner 4;WAHR;4,5;voucher;;
734;885;206;ORDER: CREATED - Bestellung erfasst;H2;Sommer spritzer 0,5;#fff176;Alk;4,5;0;NULL;;2026-05-08 19:17:22;Kellner 4;WAHR;4,5;voucher;;
735;890;207;ORDER: CREATED - Bestellung erfasst;B8;Bier 0,5;#fbc02d;Alk;4,5;0;NULL;;2026-05-08 19:17:55;Kellner 5;WAHR;4,5;voucher;;
736;888;207;ORDER: CREATED - Bestellung erfasst;B8;Pommes;#ffc000;Essen;3,5;0;NULL;;2026-05-08 19:17:55;Kellner 5;WAHR;3,5;cash;;20
737;887;207;ORDER: CREATED - Bestellung erfasst;B8;Schnitzel mit Pommes;#827717;Essen;11,5;0;NULL;;2026-05-08 19:17:55;Kellner 5;WAHR;11,5;voucher;;20
738;886;207;ORDER: CREATED - Bestellung erfasst;B8;Bier 0,5;#fbc02d;Alk;4,5;0;NULL;;2026-05-08 19:17:55;Kellner 5;WAHR;4,5;voucher;;
739;889;207;ORDER: CREATED - Bestellung erfasst;B8;Hendl mit Pommes;#0070c0;Essen;12,5;0;NULL;;2026-05-08 19:17:55;Kellner 5;WAHR;12,5;cash;;83
740;892;208;ORDER: CREATED - Bestellung erfasst;C10;Bier 0,5;#fbc02d;Alk;4,5;0;NULL;;2026-05-08 19:17:57;Kellner 9;WAHR;4,5;cash;;
741;891;208;ORDER: CREATED - Bestellung erfasst;C10;Hendl mit Pommes;#0070c0;Essen;12,5;0;NULL;;2026-05-08 19:17:57;Kellner 9;WAHR;12,5;cash;;81
742;893;209;ORDER: CREATED - Bestellung erfasst;E2;Bier 0,5;#fbc02d;Alk;4,5;0;NULL;;2026-05-08 19:18:08;Kellner 2;WAHR;4,5;voucher;;
743;894;209;ORDER: CREATED - Bestellung erfasst;E2;Bier 0,5;#fbc02d;Alk;4,5;0;NULL;;2026-05-08 19:18:08;Kellner 2;WAHR;4,5;voucher;;
744;895;210;ORDER: CREATED - Bestellung erfasst;G6;Sommer spritzer 0,5;#fff176;Alk;4,5;0;NULL;;2026-05-08 19:18:17;Kellner 8;WAHR;4,5;free;;
745;898;210;ORDER: CREATED - Bestellung erfasst;G6;Hendl mit Pommes;#0070c0;Essen;12,5;0;NULL;;2026-05-08 19:18:17;Kellner 8;WAHR;12,5;free;;77
746;897;210;ORDER: CREATED - Bestellung erfasst;G6;Cola 0,33;#004d40;Anti;3;0;NULL;;2026-05-08 19:18:17;Kellner 8;WAHR;3;free;;
747;896;210;ORDER: CREATED - Bestellung erfasst;G6;Hendl mit Pommes;#0070c0;Essen;12,5;0;NULL;;2026-05-08 19:18:17;Kellner 8;WAHR;12,5;free;;77
748;899;211;ORDER: CREATED - Bestellung erfasst;E2;Sommer spritzer 0,5;#fff176;Alk;4,5;0;NULL;;2026-05-08 19:18:39;Kellner 2;WAHR;4,5;cash;;
749;900;212;ORDER: CREATED - Bestellung erfasst;F3;Bier 0,5;#fbc02d;Alk;4,5;0;NULL;;2026-05-08 19:18:44;Kellner 3;WAHR;4,5;cash;;
750;901;213;ORDER: CREATED - Bestellung erfasst;D9;Hendl mit Pommes;#0070c0;Essen;12,5;0;NULL;;2026-05-08 19:18:44;Kellner 10;WAHR;12,5;cash;;51
751;902;214;ORDER: CREATED - Bestellung erfasst;B7;Bier 0,5;#fbc02d;Alk;4,5;0;NULL;;2026-05-08 19:18:57;Kellner 5;WAHR;4,5;voucher;;
752;903;215;ORDER: CREATED - Bestellung erfasst;B7;Bier 0,5;#fbc02d;Alk;4,5;0;NULL;;2026-05-08 19:19:04;Kellner 6;WAHR;4,5;voucher;;
753;907;216;ORDER: CREATED - Bestellung erfasst;H8;Sommer spritzer 0,5;#fff176;Alk;4,5;0;NULL;;2026-05-08 19:19:13;Kellner 7;WAHR;4,5;voucher;;
754;904;216;ORDER: CREATED - Bestellung erfasst;H8;Bier 0,5;#fbc02d;Alk;4,5;0;NULL;;2026-05-08 19:19:13;Kellner 7;WAHR;4,5;voucher;;
755;905;216;ORDER: CREATED - Bestellung erfasst;H8;Bier 0,5;#fbc02d;Alk;4,5;0;NULL;;2026-05-08 19:19:13;Kellner 7;WAHR;4,5;voucher;;
756;906;216;ORDER: CREATED - Bestellung erfasst;H8;Sommer spritzer 0,5;#fff176;Alk;4,5;0;NULL;;2026-05-08 19:19:13;Kellner 7;WAHR;4,5;voucher;;
757;908;216;ORDER: CREATED - Bestellung erfasst;H8;Soda zitron 0,5;#4fc3f7;Anti;3;0;NULL;;2026-05-08 19:19:13;Kellner 7;WAHR;3;voucher;;
758;910;217;ORDER: CREATED - Bestellung erfasst;E7;Bier 0,5;#fbc02d;Alk;4,5;0;NULL;;2026-05-08 19:19:54;Kellner 6;WAHR;4,5;voucher;;
759;909;217;ORDER: CREATED - Bestellung erfasst;E7;Bier 0,5;#fbc02d;Alk;4,5;0;NULL;;2026-05-08 19:19:54;Kellner 6;WAHR;4,5;voucher;;
760;911;217;ORDER: CREATED - Bestellung erfasst;E7;Bier 0,5;#fbc02d;Alk;4,5;0;NULL;;2026-05-08 19:19:54;Kellner 6;WAHR;4,5;voucher;;
761;914;218;ORDER: CREATED - Bestellung erfasst;H8;Hendl mit Pommes;#0070c0;Essen;12,5;0;NULL;;2026-05-08 19:20:04;Kellner 7;WAHR;12,5;cash;;96
762;912;218;ORDER: CREATED - Bestellung erfasst;H8;Hendl mit Pommes;#0070c0;Essen;12,5;0;NULL;;2026-05-08 19:20:04;Kellner 7;WAHR;12,5;cash;;10
763;915;218;ORDER: CREATED - Bestellung erfasst;H8;Hendl mit Pommes;#0070c0;Essen;12,5;0;NULL;;2026-05-08 19:20:04;Kellner 7;WAHR;12,5;cash;;109
764;916;218;ORDER: CREATED - Bestellung erfasst;H8;Hendl mit Pommes;#0070c0;Essen;12,5;0;NULL;;2026-05-08 19:20:04;Kellner 7;WAHR;12,5;cash;;109
765;913;218;ORDER: CREATED - Bestellung erfasst;H8;Hendl mit Pommes;#0070c0;Essen;12,5;0;NULL;;2026-05-08 19:20:04;Kellner 7;WAHR;12,5;cash;;96
766;918;219;ORDER: CREATED - Bestellung erfasst;D5;Bier 0,5;#fbc02d;Alk;4,5;0;NULL;;2026-05-08 19:20:27;Kellner 4;WAHR;4,5;voucher;;
767;917;219;ORDER: CREATED - Bestellung erfasst;D5;Bier 0,5;#fbc02d;Alk;4,5;0;NULL;;2026-05-08 19:20:27;Kellner 4;WAHR;4,5;voucher;;
768;919;220;ORDER: CREATED - Bestellung erfasst;E9;Hendl mit Pommes;#0070c0;Essen;12,5;0;NULL;;2026-05-08 19:20:31;Kellner 10;WAHR;12,5;cash;;168
769;920;220;ORDER: CREATED - Bestellung erfasst;E9;Bier 0,5;#fbc02d;Alk;4,5;0;NULL;;2026-05-08 19:20:31;Kellner 10;WAHR;4,5;cash;;
770;921;221;ORDER: CREATED - Bestellung erfasst;E7;Bier 0,5;#fbc02d;Alk;4,5;0;NULL;;2026-05-08 19:20:34;Kellner 6;WAHR;4,5;voucher;;
771;922;221;ORDER: CREATED - Bestellung erfasst;E7;Bier 0,5;#fbc02d;Alk;4,5;0;NULL;;2026-05-08 19:20:34;Kellner 6;WAHR;4,5;voucher;;
772;923;221;ORDER: CREATED - Bestellung erfasst;E7;Bier 0,5;#fbc02d;Alk;4,5;0;NULL;;2026-05-08 19:20:34;Kellner 6;WAHR;4,5;voucher;;
773;925;222;ORDER: CREATED - Bestellung erfasst;I4;Radler 0,5;#afb42b;Alk;4,5;0;NULL;;2026-05-08 19:20:34;Kellner 3;WAHR;4,5;voucher;;
774;926;222;ORDER: CREATED - Bestellung erfasst;I4;Radler 0,5;#afb42b;Alk;4,5;0;NULL;;2026-05-08 19:20:34;Kellner 3;WAHR;4,5;voucher;;
775;924;222;ORDER: CREATED - Bestellung erfasst;I4;Bier 0,5;#fbc02d;Alk;4,5;0;NULL;;2026-05-08 19:20:34;Kellner 3;WAHR;4,5;voucher;;
776;927;223;ORDER: CREATED - Bestellung erfasst;B7;Bier 0,5;#fbc02d;Alk;4,5;0;NULL;;2026-05-08 19:20:47;Kellner 5;WAHR;4,5;voucher;;
777;930;224;ORDER: CREATED - Bestellung erfasst;D4;Bier 0,5;#fbc02d;Alk;4,5;0;NULL;;2026-05-08 19:20:47;Kellner 4;WAHR;4,5;voucher;;
778;928;224;ORDER: CREATED - Bestellung erfasst;D4;Bier 0,5;#fbc02d;Alk;4,5;0;NULL;;2026-05-08 19:20:47;Kellner 4;WAHR;4,5;voucher;;
779;929;224;ORDER: CREATED - Bestellung erfasst;D4;Bier 0,5;#fbc02d;Alk;4,5;0;NULL;;2026-05-08 19:20:47;Kellner 4;WAHR;4,5;voucher;;
780;931;225;ORDER: CREATED - Bestellung erfasst;D8;Hendl mit Pommes;#0070c0;Essen;12,5;0;NULL;;2026-05-08 19:21:14;Kellner 10;WAHR;12,5;cash;;125
781;932;226;ORDER: CREATED - Bestellung erfasst;G5;Bier 0,5;#fbc02d;Alk;4,5;0;NULL;;2026-05-08 19:21:24;Kellner 8;WAHR;4,5;free;;
782;933;227;ORDER: CREATED - Bestellung erfasst;H4;Bier 0,5;#fbc02d;Alk;4,5;0;NULL;;2026-05-08 19:21:52;Kellner 3;WAHR;4,5;voucher;;
783;934;227;ORDER: CREATED - Bestellung erfasst;H4;Bier 0,5;#fbc02d;Alk;4,5;0;NULL;;2026-05-08 19:21:52;Kellner 3;WAHR;4,5;voucher;;
784;936;228;ORDER: CREATED - Bestellung erfasst;D8;Bier 0,5;#fbc02d;Alk;4,5;0;NULL;;2026-05-08 19:21:56;Kellner 10;WAHR;4,5;voucher;;
785;937;228;ORDER: CREATED - Bestellung erfasst;D8;Bier 0,5;#fbc02d;Alk;4,5;0;NULL;;2026-05-08 19:21:56;Kellner 10;WAHR;4,5;voucher;;
786;935;228;ORDER: CREATED - Bestellung erfasst;D8;Schnitzelsemmerl;#f57f17;Essen;4,5;0;NULL;;2026-05-08 19:21:56;Kellner 10;WAHR;4,5;voucher;;16
787;939;229;ORDER: CREATED - Bestellung erfasst;H3;Bier 0,5;#fbc02d;Alk;4,5;0;NULL;;2026-05-08 19:22:00;Kellner 4;WAHR;4,5;voucher;;
788;940;229;ORDER: CREATED - Bestellung erfasst;H3;Bier 0,5;#fbc02d;Alk;4,5;0;NULL;;2026-05-08 19:22:00;Kellner 4;WAHR;4,5;voucher;;
789;938;229;ORDER: CREATED - Bestellung erfasst;H3;Bier 0,5;#fbc02d;Alk;4,5;0;NULL;;2026-05-08 19:22:00;Kellner 4;WAHR;4,5;voucher;;
790;941;230;ORDER: CREATED - Bestellung erfasst;E1;Soda zitron 0,5;#4fc3f7;Anti;3;0;NULL;;2026-05-08 19:22:51;Kellner 2;WAHR;3;voucher;;
791;943;231;ORDER: CREATED - Bestellung erfasst;F6;Bier 0,5;#fbc02d;Alk;4,5;0;NULL;;2026-05-08 19:22:54;Kellner 8;WAHR;4,5;free;;
792;942;231;ORDER: CREATED - Bestellung erfasst;F6;Bier 0,5;#fbc02d;Alk;4,5;0;NULL;;2026-05-08 19:22:54;Kellner 8;WAHR;4,5;free;;
793;945;232;ORDER: CREATED - Bestellung erfasst;B5;Bier 0,5;#fbc02d;Alk;4,5;0;NULL;;2026-05-08 19:23:02;Kellner 1;WAHR;4,5;cash;;
794;944;232;ORDER: CREATED - Bestellung erfasst;B5;Bier 0,5;#fbc02d;Alk;4,5;0;NULL;;2026-05-08 19:23:02;Kellner 1;WAHR;4,5;cash;;
795;947;233;ORDER: CREATED - Bestellung erfasst;G9;Bier 0,5;#fbc02d;Alk;4,5;0;NULL;;2026-05-08 19:23:12;Kellner 7;WAHR;4,5;cash;;
796;946;233;ORDER: CREATED - Bestellung erfasst;G9;Bier 0,5;#fbc02d;Alk;4,5;0;NULL;;2026-05-08 19:23:12;Kellner 7;WAHR;4,5;cash;;
797;948;233;ORDER: CREATED - Bestellung erfasst;G9;Bier 0,5;#fbc02d;Alk;4,5;0;NULL;;2026-05-08 19:23:12;Kellner 7;WAHR;4,5;cash;;
798;949;233;ORDER: CREATED - Bestellung erfasst;G9;Bier 0,5;#fbc02d;Alk;4,5;0;NULL;;2026-05-08 19:23:12;Kellner 7;WAHR;4,5;cash;;
799;950;234;ORDER: CREATED - Bestellung erfasst;D10;Cola 0,33;#004d40;Anti;3;0;NULL;;2026-05-08 19:23:24;Kellner 10;WAHR;3;voucher;;
800;951;235;ORDER: CREATED - Bestellung erfasst;F7;Bier 0,5;#fbc02d;Alk;4,5;0;NULL;;2026-05-08 19:23:27;Kellner 8;WAHR;4,5;voucher;;
801;952;235;ORDER: CREATED - Bestellung erfasst;F7;Bier 0,5;#fbc02d;Alk;4,5;0;NULL;;2026-05-08 19:23:27;Kellner 8;WAHR;4,5;voucher;;
802;953;235;ORDER: CREATED - Bestellung erfasst;F7;Bier 0,5;#fbc02d;Alk;4,5;0;NULL;;2026-05-08 19:23:27;Kellner 8;WAHR;4,5;voucher;;
803;954;236;ORDER: CREATED - Bestellung erfasst;F9;Sommer spritzer 0,5;#fff176;Alk;4,5;0;NULL;;2026-05-08 19:23:29;Kellner 9;WAHR;4,5;cash;;
804;957;237;ORDER: CREATED - Bestellung erfasst;C1;Bier 0,5;#fbc02d;Alk;4,5;0;NULL;;2026-05-08 19:23:56;Kellner 2;WAHR;4,5;voucher;;
805;956;237;ORDER: CREATED - Bestellung erfasst;C1;Bier 0,5;#fbc02d;Alk;4,5;0;NULL;;2026-05-08 19:23:56;Kellner 2;WAHR;4,5;voucher;;
806;955;237;ORDER: CREATED - Bestellung erfasst;C1;Pommes;#ffc000;Essen;3,5;0;NULL;;2026-05-08 19:23:56;Kellner 2;WAHR;3,5;cash;;23
807;961;237;ORDER: CREATED - Bestellung erfasst;C1;Bier 0,5;#fbc02d;Alk;4,5;0;NULL;;2026-05-08 19:23:56;Kellner 2;WAHR;4,5;voucher;;
808;960;237;ORDER: CREATED - Bestellung erfasst;C1;Schnitzel mit Pommes;#827717;Essen;11,5;0;NULL;;2026-05-08 19:23:56;Kellner 2;WAHR;11,5;voucher;;34
809;959;237;ORDER: CREATED - Bestellung erfasst;C1;Grillwürstel mit Pommes;#8bc34a;Essen;8;0;NULL;;2026-05-08 19:23:56;Kellner 2;WAHR;8;voucher;;60
810;958;237;ORDER: CREATED - Bestellung erfasst;C1;Schnitzel mit Pommes;#827717;Essen;11,5;0;NULL;;2026-05-08 19:23:56;Kellner 2;WAHR;11,5;voucher;;34
811;962;238;ORDER: CREATED - Bestellung erfasst;H4;Bier 0,5;#fbc02d;Alk;4,5;0;NULL;;2026-05-08 19:24:08;Kellner 3;WAHR;4,5;voucher;;
812;963;239;ORDER: CREATED - Bestellung erfasst;G10;Schnitzelsemmerl;#f57f17;Essen;4,5;0;NULL;;2026-05-08 19:24:08;Kellner 7;WAHR;4,5;cash;;16
813;964;240;ORDER: CREATED - Bestellung erfasst;H9;Bier 0,5;#fbc02d;Alk;4,5;0;NULL;;2026-05-08 19:24:09;Kellner 9;WAHR;4,5;cash;;
814;965;240;ORDER: CREATED - Bestellung erfasst;H9;Kaffee;#bf360c;Anti;3;0;NULL;;2026-05-08 19:24:09;Kellner 9;WAHR;3;cash;;
815;966;241;ORDER: CREATED - Bestellung erfasst;H3;Bier 0,5;#fbc02d;Alk;4,5;0;NULL;;2026-05-08 19:24:26;Kellner 3;WAHR;4,5;voucher;;
816;968;242;ORDER: CREATED - Bestellung erfasst;C1;Backhendl Salat;#4fc3f7;Essen;9;0;NULL;;2026-05-08 19:24:57;Kellner 2;WAHR;9;voucher;;19
817;967;242;ORDER: CREATED - Bestellung erfasst;C1;Backhendl Salat;#4fc3f7;Essen;9;0;NULL;;2026-05-08 19:24:57;Kellner 2;WAHR;9;voucher;;19
818;970;243;ORDER: CREATED - Bestellung erfasst;E4;Bier 0,5;#fbc02d;Alk;4,5;0;NULL;;2026-05-08 19:25:13;Kellner 1;WAHR;4,5;voucher;;
819;971;243;ORDER: CREATED - Bestellung erfasst;E4;Bier 0,5;#fbc02d;Alk;4,5;0;NULL;;2026-05-08 19:25:13;Kellner 1;WAHR;4,5;voucher;;
820;972;243;ORDER: CREATED - Bestellung erfasst;E4;Grillwürstel mit Pommes;#8bc34a;Essen;8;0;NULL;;2026-05-08 19:25:13;Kellner 1;WAHR;8;voucher;;26
821;969;243;ORDER: CREATED - Bestellung erfasst;E4;Bier 0,5;#fbc02d;Alk;4,5;0;NULL;;2026-05-08 19:25:13;Kellner 1;WAHR;4,5;voucher;;
822;974;244;ORDER: CREATED - Bestellung erfasst;F3;Bier 0,5;#fbc02d;Alk;4,5;0;NULL;;2026-05-08 19:25:30;Kellner 3;WAHR;4,5;cash;;
823;973;244;ORDER: CREATED - Bestellung erfasst;F3;Bier 0,5;#fbc02d;Alk;4,5;0;NULL;;2026-05-08 19:25:30;Kellner 3;WAHR;4,5;cash;;
824;975;245;ORDER: CREATED - Bestellung erfasst;I5;Sommer spritzer 0,5;#fff176;Alk;4,5;0;NULL;;2026-05-08 19:25:32;Kellner 8;WAHR;4,5;voucher;;
825;977;245;ORDER: CREATED - Bestellung erfasst;I5;Radler 0,5;#afb42b;Alk;4,5;0;NULL;;2026-05-08 19:25:32;Kellner 8;WAHR;4,5;voucher;;
826;976;245;ORDER: CREATED - Bestellung erfasst;I5;Bier 0,5;#fbc02d;Alk;4,5;0;NULL;;2026-05-08 19:25:32;Kellner 8;WAHR;4,5;voucher;;
827;978;246;ORDER: CREATED - Bestellung erfasst;F1;Freibier 0.5;#ffeb3b;Alk;4,5;0;NULL;;2026-05-08 19:25:39;Kellner 4;WAHR;4,5;cash;;
828;979;246;ORDER: CREATED - Bestellung erfasst;F1;Freibier 0.5;#ffeb3b;Alk;4,5;0;NULL;;2026-05-08 19:25:39;Kellner 4;WAHR;4,5;cash;;
829;982;247;ORDER: CREATED - Bestellung erfasst;C8;Bier 0,5;#fbc02d;Alk;4,5;0;NULL;;2026-05-08 19:25:40;Kellner 5;WAHR;4,5;voucher;;
830;981;247;ORDER: CREATED - Bestellung erfasst;C8;Bier 0,5;#fbc02d;Alk;4,5;0;NULL;;2026-05-08 19:25:40;Kellner 5;WAHR;4,5;voucher;;
831;980;247;ORDER: CREATED - Bestellung erfasst;C8;Sommer spritzer 0,5;#fff176;Alk;4,5;0;NULL;;2026-05-08 19:25:40;Kellner 5;WAHR;4,5;voucher;;
832;983;248;ORDER: CREATED - Bestellung erfasst;B1;Backhendl Salat;#4fc3f7;Essen;9;0;NULL;;2026-05-08 19:25:48;Kellner 2;WAHR;9;voucher;;29
833;984;248;ORDER: CREATED - Bestellung erfasst;B1;Hendl mit Pommes;#0070c0;Essen;12,5;0;NULL;;2026-05-08 19:25:48;Kellner 2;WAHR;12,5;voucher;;39
834;985;248;ORDER: CREATED - Bestellung erfasst;B1;Schnitzelsemmerl;#f57f17;Essen;4,5;0;NULL;;2026-05-08 19:25:48;Kellner 2;WAHR;4,5;voucher;;16
835;986;249;ORDER: CREATED - Bestellung erfasst;F3;Sommer spritzer 0,5;#fff176;Alk;4,5;0;NULL;;2026-05-08 19:25:54;Kellner 3;WAHR;4,5;cash;;
836;988;250;ORDER: CREATED - Bestellung erfasst;C4;Bier 0,5;#fbc02d;Alk;4,5;0;NULL;;2026-05-08 19:26:20;Kellner 1;WAHR;4,5;voucher;;
837;991;250;ORDER: CREATED - Bestellung erfasst;C4;Bier 0,5;#fbc02d;Alk;4,5;0;NULL;;2026-05-08 19:26:20;Kellner 1;WAHR;4,5;voucher;;
838;992;250;ORDER: CREATED - Bestellung erfasst;C4;Bier 0,5;#fbc02d;Alk;4,5;0;NULL;;2026-05-08 19:26:20;Kellner 1;WAHR;4,5;voucher;;
839;993;250;ORDER: CREATED - Bestellung erfasst;C4;Bier 0,5;#fbc02d;Alk;4,5;0;NULL;;2026-05-08 19:26:20;Kellner 1;WAHR;4,5;voucher;;
840;987;250;ORDER: CREATED - Bestellung erfasst;C4;Bier 0,5;#fbc02d;Alk;4,5;0;NULL;;2026-05-08 19:26:20;Kellner 1;WAHR;4,5;voucher;;
841;989;250;ORDER: CREATED - Bestellung erfasst;C4;Bier 0,5;#fbc02d;Alk;4,5;0;NULL;;2026-05-08 19:26:20;Kellner 1;WAHR;4,5;voucher;;
842;990;250;ORDER: CREATED - Bestellung erfasst;C4;Bier 0,5;#fbc02d;Alk;4,5;0;NULL;;2026-05-08 19:26:20;Kellner 1;WAHR;4,5;voucher;;
843;995;251;ORDER: CREATED - Bestellung erfasst;F7;Radler 0,5;#afb42b;Alk;4,5;0;NULL;;2026-05-08 19:26:35;Kellner 7;WAHR;4,5;voucher;;
844;994;251;ORDER: CREATED - Bestellung erfasst;F7;Bier 0,5;#fbc02d;Alk;4,5;0;NULL;;2026-05-08 19:26:35;Kellner 7;WAHR;4,5;voucher;;
845;997;252;ORDER: CREATED - Bestellung erfasst;F2;Bier 0,5;#fbc02d;Alk;4,5;0;NULL;;2026-05-08 19:26:35;Kellner 4;WAHR;4,5;cash;;
846;996;252;ORDER: CREATED - Bestellung erfasst;F2;Bier 0,5;#fbc02d;Alk;4,5;0;NULL;;2026-05-08 19:26:35;Kellner 4;WAHR;4,5;cash;;
847;998;253;ORDER: CREATED - Bestellung erfasst;C8;Bier 0,5;#fbc02d;Alk;4,5;0;NULL;;2026-05-08 19:26:35;Kellner 5;WAHR;4,5;voucher;;
848;1003;254;ORDER: CREATED - Bestellung erfasst;B6;Bier 0,5;#fbc02d;Alk;4,5;0;NULL;;2026-05-08 19:26:49;Kellner 6;WAHR;4,5;cash;;
849;1004;254;ORDER: CREATED - Bestellung erfasst;B6;Almdudler 0,33;#fbc02d;Anti;3;0;NULL;;2026-05-08 19:26:49;Kellner 6;WAHR;3;cash;;
850;1002;254;ORDER: CREATED - Bestellung erfasst;B6;Bier 0,5;#fbc02d;Alk;4,5;0;NULL;;2026-05-08 19:26:49;Kellner 6;WAHR;4,5;cash;;
851;1001;254;ORDER: CREATED - Bestellung erfasst;B6;Bier 0,5;#fbc02d;Alk;4,5;0;NULL;;2026-05-08 19:26:49;Kellner 6;WAHR;4,5;cash;;
852;1000;254;ORDER: CREATED - Bestellung erfasst;B6;Bier 0,5;#fbc02d;Alk;4,5;0;NULL;;2026-05-08 19:26:49;Kellner 6;WAHR;4,5;cash;;
853;999;254;ORDER: CREATED - Bestellung erfasst;B6;Bier 0,5;#fbc02d;Alk;4,5;0;NULL;;2026-05-08 19:26:49;Kellner 6;WAHR;4,5;cash;;
854;1006;255;ORDER: CREATED - Bestellung erfasst;E2;Sommer spritzer 0,5;#fff176;Alk;4,5;0;NULL;;2026-05-08 19:26:51;Kellner 2;WAHR;4,5;voucher;;
855;1007;255;ORDER: CREATED - Bestellung erfasst;E2;Bier 0,5;#fbc02d;Alk;4,5;0;NULL;;2026-05-08 19:26:51;Kellner 2;WAHR;4,5;voucher;;
856;1005;255;ORDER: CREATED - Bestellung erfasst;E2;Sommer spritzer 0,5;#fff176;Alk;4,5;0;NULL;;2026-05-08 19:26:51;Kellner 2;WAHR;4,5;voucher;;
857;1008;256;ORDER: CREATED - Bestellung erfasst;C9;Backhendl Salat;#4fc3f7;Essen;9;0;NULL;;2026-05-08 19:26:58;Kellner 10;WAHR;9;cash;;12
858;1009;257;ORDER: CREATED - Bestellung erfasst;F2;Bier 0,5;#fbc02d;Alk;4,5;0;NULL;;2026-05-08 19:27:15;Kellner 4;WAHR;4,5;cash;;
859;1010;258;ORDER: CREATED - Bestellung erfasst;B3;Bier 0,5;#fbc02d;Alk;4,5;0;NULL;;2026-05-08 19:27:30;Kellner 1;WAHR;4,5;voucher;;
860;1011;258;ORDER: CREATED - Bestellung erfasst;B3;Radler 0,5;#afb42b;Alk;4,5;0;NULL;;2026-05-08 19:27:30;Kellner 1;WAHR;4,5;voucher;;
861;1013;259;ORDER: CREATED - Bestellung erfasst;G7;Bier 0,5;#fbc02d;Alk;4,5;0;NULL;;2026-05-08 19:27:51;Kellner 7;WAHR;4,5;voucher;;
862;1015;259;ORDER: CREATED - Bestellung erfasst;G7;Bier 0,5;#fbc02d;Alk;4,5;0;NULL;;2026-05-08 19:27:51;Kellner 7;WAHR;4,5;voucher;;
863;1014;259;ORDER: CREATED - Bestellung erfasst;G7;Sommer spritzer 0,5;#fff176;Alk;4,5;0;NULL;;2026-05-08 19:27:51;Kellner 7;WAHR;4,5;voucher;;
864;1012;259;ORDER: CREATED - Bestellung erfasst;G7;Bier 0,5;#fbc02d;Alk;4,5;0;NULL;;2026-05-08 19:27:51;Kellner 7;WAHR;4,5;voucher;;
865;1020;260;ORDER: CREATED - Bestellung erfasst;I1;Bier 0,5;#fbc02d;Alk;4,5;0;NULL;;2026-05-08 19:27:54;Kellner 4;WAHR;4,5;voucher;;
866;1016;260;ORDER: CREATED - Bestellung erfasst;I1;Bier 0,5;#fbc02d;Alk;4,5;0;NULL;;2026-05-08 19:27:54;Kellner 4;WAHR;4,5;voucher;;
867;1017;260;ORDER: CREATED - Bestellung erfasst;I1;Bier 0,5;#fbc02d;Alk;4,5;0;NULL;;2026-05-08 19:27:54;Kellner 4;WAHR;4,5;voucher;;
868;1018;260;ORDER: CREATED - Bestellung erfasst;I1;Bier 0,5;#fbc02d;Alk;4,5;0;NULL;;2026-05-08 19:27:54;Kellner 4;WAHR;4,5;voucher;;
869;1019;260;ORDER: CREATED - Bestellung erfasst;I1;Bier 0,5;#fbc02d;Alk;4,5;0;NULL;;2026-05-08 19:27:54;Kellner 4;WAHR;4,5;voucher;;
870;1021;261;ORDER: CREATED - Bestellung erfasst;B3;Bier 0,5;#fbc02d;Alk;4,5;0;NULL;;2026-05-08 19:28:06;Kellner 1;WAHR;4,5;voucher;;
871;1022;261;ORDER: CREATED - Bestellung erfasst;B3;Bier 0,5;#fbc02d;Alk;4,5;0;NULL;;2026-05-08 19:28:06;Kellner 1;WAHR;4,5;voucher;;
872;1023;261;ORDER: CREATED - Bestellung erfasst;B3;Bier 0,5;#fbc02d;Alk;4,5;0;NULL;;2026-05-08 19:28:06;Kellner 1;WAHR;4,5;voucher;;
873;1024;262;ORDER: CREATED - Bestellung erfasst;B6;Bier 0,5;#fbc02d;Alk;4,5;0;NULL;;2026-05-08 19:28:13;Kellner 6;WAHR;4,5;cash;;
874;1025;263;ORDER: CREATED - Bestellung erfasst;G8;Sommer spritzer 0,5;#fff176;Alk;4,5;0;NULL;;2026-05-08 19:28:32;Kellner 10;WAHR;4,5;cash;;
875;1026;264;ORDER: CREATED - Bestellung erfasst;D4;Sommer spritzer 0,5;#fff176;Alk;4,5;0;NULL;;2026-05-08 19:28:52;Kellner 1;WAHR;4,5;voucher;;
876;1027;265;ORDER: CREATED - Bestellung erfasst;D7;Freibier 0.5;#ffeb3b;Alk;4,5;0;NULL;;2026-05-08 19:29:03;Kellner 5;WAHR;4,5;voucher;;
877;1028;266;ORDER: CREATED - Bestellung erfasst;D4;Bier 0,5;#fbc02d;Alk;4,5;0;NULL;;2026-05-08 19:29:23;Kellner 1;WAHR;4,5;voucher;;
878;1029;267;ORDER: CREATED - Bestellung erfasst;D2;Bier 0,5;#fbc02d;Alk;4,5;0;NULL;;2026-05-08 19:29:37;Kellner 2;WAHR;4,5;cash;;
879;1030;268;ORDER: CREATED - Bestellung erfasst;H1;Sommer spritzer 0,5;#fff176;Alk;4,5;0;NULL;;2026-05-08 19:29:41;Kellner 4;WAHR;4,5;voucher;;
880;1031;268;ORDER: CREATED - Bestellung erfasst;H1;Sommer spritzer 0,5;#fff176;Alk;4,5;0;NULL;;2026-05-08 19:29:41;Kellner 4;WAHR;4,5;voucher;;
881;1032;268;ORDER: CREATED - Bestellung erfasst;H1;Sommer spritzer 0,5;#fff176;Alk;4,5;0;NULL;;2026-05-08 19:29:41;Kellner 4;WAHR;4,5;voucher;;
882;1033;268;ORDER: CREATED - Bestellung erfasst;H1;Bier 0,5;#fbc02d;Alk;4,5;0;NULL;;2026-05-08 19:29:41;Kellner 4;WAHR;4,5;voucher;;
883;1034;269;ORDER: CREATED - Bestellung erfasst;G8;Sommer spritzer 0,5;#fff176;Alk;4,5;0;NULL;;2026-05-08 19:30:00;Kellner 10;WAHR;4,5;cash;;
884;1035;270;ORDER: CREATED - Bestellung erfasst;H6;Bier 0,5;#fbc02d;Alk;4,5;0;NULL;;2026-05-08 19:30:51;Kellner 8;WAHR;4,5;cash;;
885;1037;271;ORDER: CREATED - Bestellung erfasst;F10;Backhendl Salat;#4fc3f7;Essen;9;0;NULL;;2026-05-08 19:31:33;Kellner 11;WAHR;9;voucher;;61
886;1036;271;ORDER: CREATED - Bestellung erfasst;F10;Backhendl Salat;#4fc3f7;Essen;9;0;NULL;;2026-05-08 19:31:33;Kellner 11;WAHR;9;voucher;;31
887;1038;271;ORDER: CREATED - Bestellung erfasst;F10;Schnitzelsemmerl;#f57f17;Essen;4,5;0;NULL;;2026-05-08 19:31:33;Kellner 11;WAHR;4,5;voucher;;46
888;1039;271;ORDER: CREATED - Bestellung erfasst;F10;Schnitzelsemmerl;#f57f17;Essen;4,5;0;NULL;;2026-05-08 19:31:33;Kellner 11;WAHR;4,5;voucher;;46
889;1040;271;ORDER: CREATED - Bestellung erfasst;F10;Schnitzelsemmerl;#f57f17;Essen;4,5;0;NULL;;2026-05-08 19:31:33;Kellner 11;WAHR;4,5;voucher;;46
890;1041;271;ORDER: CREATED - Bestellung erfasst;F10;Schnitzelsemmerl;#f57f17;Essen;4,5;0;NULL;;2026-05-08 19:31:33;Kellner 11;WAHR;4,5;voucher;;46
891;1042;271;ORDER: CREATED - Bestellung erfasst;F10;Schnitzelsemmerl;#f57f17;Essen;4,5;0;NULL;;2026-05-08 19:31:33;Kellner 11;WAHR;4,5;voucher;;46
892;1043;271;ORDER: CREATED - Bestellung erfasst;F10;Hendl mit Pommes;#0070c0;Essen;12,5;0;NULL;;2026-05-08 19:31:33;Kellner 11;WAHR;12,5;voucher;;56
893;1044;271;ORDER: CREATED - Bestellung erfasst;F10;Hendl mit Pommes;#0070c0;Essen;12,5;0;NULL;;2026-05-08 19:31:33;Kellner 11;WAHR;12,5;voucher;;56
894;1045;271;ORDER: CREATED - Bestellung erfasst;F10;Hendl mit Pommes;#0070c0;Essen;12,5;0;NULL;;2026-05-08 19:31:33;Kellner 11;WAHR;12,5;voucher;;56
895;1046;271;ORDER: CREATED - Bestellung erfasst;F10;Hendl mit Pommes;#0070c0;Essen;12,5;0;NULL;;2026-05-08 19:31:33;Kellner 11;WAHR;12,5;voucher;;56
896;1047;271;ORDER: CREATED - Bestellung erfasst;F10;Hendl mit Pommes;#0070c0;Essen;12,5;0;NULL;;2026-05-08 19:31:33;Kellner 11;WAHR;12,5;voucher;;56
897;1048;271;ORDER: CREATED - Bestellung erfasst;F10;Hendl mit Pommes;#0070c0;Essen;12,5;0;NULL;;2026-05-08 19:31:33;Kellner 11;WAHR;12,5;voucher;;56
898;1049;271;ORDER: CREATED - Bestellung erfasst;F10;Schnitzel mit Pommes;#827717;Essen;11,5;0;NULL;;2026-05-08 19:31:33;Kellner 11;WAHR;11,5;voucher;;97
899;1050;272;ORDER: CREATED - Bestellung erfasst;I5;Bier 0,5;#fbc02d;Alk;4,5;0;NULL;;2026-05-08 19:31:58;Kellner 8;WAHR;4,5;voucher;;
900;1051;272;ORDER: CREATED - Bestellung erfasst;I5;Bier 0,5;#fbc02d;Alk;4,5;0;NULL;;2026-05-08 19:31:58;Kellner 8;WAHR;4,5;voucher;;
901;1052;272;ORDER: CREATED - Bestellung erfasst;I5;Bier 0,5;#fbc02d;Alk;4,5;0;NULL;;2026-05-08 19:31:58;Kellner 8;WAHR;4,5;voucher;;
902;1053;273;ORDER: CREATED - Bestellung erfasst;I2;Bier 0,5;#fbc02d;Alk;4,5;0;NULL;;2026-05-08 19:32:15;Kellner 4;WAHR;4,5;voucher;;
903;1054;274;ORDER: CREATED - Bestellung erfasst;H2;Sommer spritzer 0,5;#fff176;Alk;4,5;0;NULL;;2026-05-08 19:32:45;Kellner 4;WAHR;4,5;voucher;;
904;1055;275;ORDER: CREATED - Bestellung erfasst;F6;Bier 0,5;#fbc02d;Alk;4,5;0;NULL;;2026-05-08 19:33:21;Kellner 8;WAHR;4,5;free;;
905;1056;276;ORDER: CREATED - Bestellung erfasst;E7;Bier 0,5;#fbc02d;Alk;4,5;0;NULL;;2026-05-08 19:33:48;Kellner 10;WAHR;4,5;voucher;;
906;1057;277;ORDER: CREATED - Bestellung erfasst;E8;Bier 0,5;#fbc02d;Alk;4,5;0;NULL;;2026-05-08 19:34:20;Kellner 10;WAHR;4,5;cash;;
907;1058;277;ORDER: CREATED - Bestellung erfasst;E8;Bier 0,5;#fbc02d;Alk;4,5;0;NULL;;2026-05-08 19:34:20;Kellner 10;WAHR;4,5;cash;;
908;1059;278;ORDER: CREATED - Bestellung erfasst;F3;Freibier 0.5;#ffeb3b;Alk;4,5;0;NULL;;2026-05-08 19:34:31;Kellner 3;WAHR;4,5;cash;;
909;1060;278;ORDER: CREATED - Bestellung erfasst;F3;Sommer spritzer 0,5;#fff176;Alk;4,5;0;NULL;;2026-05-08 19:34:31;Kellner 3;WAHR;4,5;cash;;
910;1061;279;ORDER: CREATED - Bestellung erfasst;E8;Bier 0,5;#fbc02d;Alk;4,5;0;NULL;;2026-05-08 19:34:54;Kellner 10;WAHR;4,5;voucher;;
911;1062;280;ORDER: CREATED - Bestellung erfasst;F1;Radler 0,5;#afb42b;Alk;4,5;0;NULL;;2026-05-08 19:35:31;Kellner 4;WAHR;4,5;voucher;;
912;1064;281;ORDER: CREATED - Bestellung erfasst;C7;Bier 0,5;#fbc02d;Alk;4,5;0;NULL;;2026-05-08 19:35:36;Kellner 5;WAHR;4,5;voucher;;
913;1063;281;ORDER: CREATED - Bestellung erfasst;C7;Bier 0,5;#fbc02d;Alk;4,5;0;NULL;;2026-05-08 19:35:36;Kellner 5;WAHR;4,5;voucher;;
914;1065;282;ORDER: CREATED - Bestellung erfasst;E8;Bier 0,5;#fbc02d;Alk;4,5;0;NULL;;2026-05-08 19:35:40;Kellner 10;WAHR;4,5;voucher;;
915;1066;283;ORDER: CREATED - Bestellung erfasst;B4;Bier 0,5;#fbc02d;Alk;4,5;0;NULL;;2026-05-08 19:35:43;Kellner 1;WAHR;4,5;voucher;;
916;1068;284;ORDER: CREATED - Bestellung erfasst;F10;Pommes;#ffc000;Essen;3,5;0;NULL;;2026-05-08 19:35:48;Kellner 7;WAHR;3,5;free;;34
917;1067;284;ORDER: CREATED - Bestellung erfasst;F10;Schnitzelsemmerl;#f57f17;Essen;4,5;0;NULL;;2026-05-08 19:35:48;Kellner 7;WAHR;4,5;free;;20
918;1069;284;ORDER: CREATED - Bestellung erfasst;F10;Schnitzelsemmerl;#f57f17;Essen;4,5;0;NULL;;2026-05-08 19:35:48;Kellner 7;WAHR;4,5;free;;20
919;1070;285;ORDER: CREATED - Bestellung erfasst;H3;Freibier 0.5;#ffeb3b;Alk;4,5;0;NULL;;2026-05-08 19:35:49;Kellner 3;WAHR;4,5;voucher;;
920;1071;286;ORDER: CREATED - Bestellung erfasst;B4;Radler 0,5;#afb42b;Alk;4,5;0;NULL;;2026-05-08 19:36:21;Kellner 1;WAHR;4,5;voucher;;
921;1072;287;ORDER: CREATED - Bestellung erfasst;F4;Freibier 0.5;#ffeb3b;Alk;4,5;0;NULL;;2026-05-08 19:36:40;Kellner 3;WAHR;4,5;cash;;
922;1073;287;ORDER: CREATED - Bestellung erfasst;F4;Freibier 0.5;#ffeb3b;Alk;4,5;0;NULL;;2026-05-08 19:36:40;Kellner 3;WAHR;4,5;cash;;
923;1074;287;ORDER: CREATED - Bestellung erfasst;F4;Freibier 0.5;#ffeb3b;Alk;4,5;0;NULL;;2026-05-08 19:36:40;Kellner 3;WAHR;4,5;cash;;
924;1075;288;ORDER: CREATED - Bestellung erfasst;B2;Bier 0,5;#fbc02d;Alk;4,5;0;NULL;;2026-05-08 19:36:43;Kellner 2;WAHR;4,5;voucher;;
925;1076;288;ORDER: CREATED - Bestellung erfasst;B2;Soda zitron 0,5;#4fc3f7;Anti;3;0;NULL;;2026-05-08 19:36:43;Kellner 2;WAHR;3;voucher;;
926;1077;289;ORDER: CREATED - Bestellung erfasst;G7;Bier 0,5;#fbc02d;Alk;4,5;0;NULL;;2026-05-08 19:37:43;Kellner 8;WAHR;4,5;voucher;;
927;1078;290;ORDER: CREATED - Bestellung erfasst;E1;Bier 0,5;#fbc02d;Alk;4,5;0;NULL;;2026-05-08 19:37:48;Kellner 2;WAHR;4,5;voucher;;
928;1081;290;ORDER: CREATED - Bestellung erfasst;E1;Bier 0,5;#fbc02d;Alk;4,5;0;NULL;;2026-05-08 19:37:48;Kellner 2;WAHR;4,5;voucher;;
929;1080;290;ORDER: CREATED - Bestellung erfasst;E1;Bier 0,5;#fbc02d;Alk;4,5;0;NULL;;2026-05-08 19:37:48;Kellner 2;WAHR;4,5;voucher;;
930;1079;290;ORDER: CREATED - Bestellung erfasst;E1;Radler 0,5;#afb42b;Alk;4,5;0;NULL;;2026-05-08 19:37:48;Kellner 2;WAHR;4,5;voucher;;
931;1082;291;ORDER: CREATED - Bestellung erfasst;G7;Bier 0,5;#fbc02d;Alk;4,5;0;NULL;;2026-05-08 19:38:01;Kellner 8;WAHR;4,5;cash;;
932;1083;292;ORDER: CREATED - Bestellung erfasst;B4;Sommer spritzer 0,5;#fff176;Alk;4,5;0;NULL;;2026-05-08 19:38:18;Kellner 10;WAHR;4,5;voucher;;
933;1084;293;ORDER: CREATED - Bestellung erfasst;I4;Bier 0,5;#fbc02d;Alk;4,5;0;NULL;;2026-05-08 19:38:24;Kellner 3;WAHR;4,5;voucher;;
934;1085;293;ORDER: CREATED - Bestellung erfasst;I4;Bier 0,5;#fbc02d;Alk;4,5;0;NULL;;2026-05-08 19:38:24;Kellner 3;WAHR;4,5;voucher;;
935;1087;294;ORDER: CREATED - Bestellung erfasst;B8;Sommer spritzer 0,5;#fff176;Alk;4,5;0;NULL;;2026-05-08 19:38:28;Kellner 1;WAHR;4,5;voucher;;
936;1086;294;ORDER: CREATED - Bestellung erfasst;B8;Sommer spritzer 0,5;#fff176;Alk;4,5;0;NULL;;2026-05-08 19:38:28;Kellner 1;WAHR;4,5;voucher;;
937;1088;295;ORDER: CREATED - Bestellung erfasst;I4;Bier 0,5;#fbc02d;Alk;4,5;0;NULL;;2026-05-08 19:38:40;Kellner 3;WAHR;4,5;voucher;;
938;1089;296;ORDER: CREATED - Bestellung erfasst;C1;Bier 0,5;#fbc02d;Alk;4,5;0;NULL;;2026-05-08 19:38:40;Kellner 2;WAHR;4,5;voucher;;
939;1090;296;ORDER: CREATED - Bestellung erfasst;C1;Sommer spritzer 0,5;#fff176;Alk;4,5;0;NULL;;2026-05-08 19:38:40;Kellner 2;WAHR;4,5;voucher;;
940;1091;297;ORDER: CREATED - Bestellung erfasst;C8;Bier 0,5;#fbc02d;Alk;4,5;0;NULL;;2026-05-08 19:38:58;Kellner 5;WAHR;4,5;voucher;;
941;1092;297;ORDER: CREATED - Bestellung erfasst;C8;Bier 0,5;#fbc02d;Alk;4,5;0;NULL;;2026-05-08 19:38:58;Kellner 5;WAHR;4,5;voucher;;
942;1096;298;ORDER: CREATED - Bestellung erfasst;G6;Cola 0,33;#004d40;Anti;3;0;NULL;;2026-05-08 19:39:00;Kellner 8;WAHR;3;free;;
943;1094;298;ORDER: CREATED - Bestellung erfasst;G6;Sommer spritzer 0,5;#fff176;Alk;4,5;0;NULL;;2026-05-08 19:39:00;Kellner 8;WAHR;4,5;free;;
944;1093;298;ORDER: CREATED - Bestellung erfasst;G6;Sommer spritzer 0,5;#fff176;Alk;4,5;0;NULL;;2026-05-08 19:39:00;Kellner 8;WAHR;4,5;free;;
945;1095;298;ORDER: CREATED - Bestellung erfasst;G6;Sommer spritzer 0,5;#fff176;Alk;4,5;0;NULL;;2026-05-08 19:39:00;Kellner 8;WAHR;4,5;free;;
946;1098;299;ORDER: CREATED - Bestellung erfasst;D5;Bier 0,5;#fbc02d;Alk;4,5;0;NULL;;2026-05-08 19:39:35;Kellner 1;WAHR;4,5;voucher;;
947;1097;299;ORDER: CREATED - Bestellung erfasst;D5;Bier 0,5;#fbc02d;Alk;4,5;0;NULL;;2026-05-08 19:39:35;Kellner 1;WAHR;4,5;voucher;;
948;1099;299;ORDER: CREATED - Bestellung erfasst;D5;Bier 0,5;#fbc02d;Alk;4,5;0;NULL;;2026-05-08 19:39:35;Kellner 1;WAHR;4,5;voucher;;
949;1101;300;ORDER: CREATED - Bestellung erfasst;D5;Bier 0,5;#fbc02d;Alk;4,5;0;NULL;;2026-05-08 19:40:40;Kellner 1;WAHR;4,5;voucher;;
950;1100;300;ORDER: CREATED - Bestellung erfasst;D5;Bier 0,5;#fbc02d;Alk;4,5;0;NULL;;2026-05-08 19:40:40;Kellner 1;WAHR;4,5;voucher;;
951;1102;301;ORDER: CREATED - Bestellung erfasst;F7;Bier 0,5;#fbc02d;Alk;4,5;0;NULL;;2026-05-08 19:40:40;Kellner 3;WAHR;4,5;voucher;;
952;1103;302;ORDER: CREATED - Bestellung erfasst;D4;Bier 0,5;#fbc02d;Alk;4,5;0;NULL;;2026-05-08 19:41:12;Kellner 1;WAHR;4,5;voucher;;
953;1104;302;ORDER: CREATED - Bestellung erfasst;D4;Bier 0,5;#fbc02d;Alk;4,5;0;NULL;;2026-05-08 19:41:12;Kellner 1;WAHR;4,5;voucher;;
954;1105;303;ORDER: CREATED - Bestellung erfasst;H10;Sommer spritzer 0,5;#fff176;Alk;4,5;0;NULL;;2026-05-08 19:41:38;Kellner 9;WAHR;4,5;cash;;
955;1106;303;ORDER: CREATED - Bestellung erfasst;H10;Almdudler 0,33;#fbc02d;Anti;3;0;NULL;;2026-05-08 19:41:38;Kellner 9;WAHR;3;cash;;
956;1107;303;ORDER: CREATED - Bestellung erfasst;H10;Mineral 0,33;#b3e5fc;Anti;2,5;0;NULL;;2026-05-08 19:41:38;Kellner 9;WAHR;2,5;cash;;
957;1108;304;ORDER: CREATED - Bestellung erfasst;E4;Bier 0,5;#fbc02d;Alk;4,5;0;NULL;;2026-05-08 19:41:45;Kellner 1;WAHR;4,5;voucher;;
958;1112;305;ORDER: CREATED - Bestellung erfasst;A1;Sommer spritzer 0,5;#fff176;Alk;4,5;0;NULL;;2026-05-08 19:41:57;Kellner 2;WAHR;4,5;voucher;;
959;1114;305;ORDER: CREATED - Bestellung erfasst;A1;Bier 0,5;#fbc02d;Alk;4,5;0;NULL;;2026-05-08 19:41:57;Kellner 2;WAHR;4,5;voucher;;
960;1113;305;ORDER: CREATED - Bestellung erfasst;A1;Bier 0,5;#fbc02d;Alk;4,5;0;NULL;;2026-05-08 19:41:57;Kellner 2;WAHR;4,5;voucher;;
961;1111;305;ORDER: CREATED - Bestellung erfasst;A1;Sommer spritzer 0,5;#fff176;Alk;4,5;0;NULL;;2026-05-08 19:41:57;Kellner 2;WAHR;4,5;voucher;;
962;1110;305;ORDER: CREATED - Bestellung erfasst;A1;Radler 0,5;#afb42b;Alk;4,5;0;NULL;;2026-05-08 19:41:57;Kellner 2;WAHR;4,5;voucher;;
963;1109;305;ORDER: CREATED - Bestellung erfasst;A1;Sommer spritzer 0,5;#fff176;Alk;4,5;0;NULL;;2026-05-08 19:41:57;Kellner 2;WAHR;4,5;voucher;;
964;1115;306;ORDER: CREATED - Bestellung erfasst;F5;Cola 0,33;#004d40;Anti;3;0;NULL;;2026-05-08 19:42:01;Kellner 3;WAHR;3;free;;
965;1116;307;ORDER: CREATED - Bestellung erfasst;E4;Sommer spritzer 0,5;#fff176;Alk;4,5;0;NULL;;2026-05-08 19:42:18;Kellner 1;WAHR;4,5;voucher;;
966;1117;308;ORDER: CREATED - Bestellung erfasst;H3;Cola 0,33;#004d40;Anti;3;0;NULL;;2026-05-08 19:42:43;Kellner 3;WAHR;3;voucher;;
967;1118;308;ORDER: CREATED - Bestellung erfasst;H3;Soda zitron 0,5;#4fc3f7;Anti;3;0;NULL;;2026-05-08 19:42:43;Kellner 3;WAHR;3;voucher;;
968;1119;309;ORDER: CREATED - Bestellung erfasst;B1;Sommer spritzer 0,5;#fff176;Alk;4,5;0;NULL;;2026-05-08 19:42:54;Kellner 2;WAHR;4,5;voucher;;
969;1120;309;ORDER: CREATED - Bestellung erfasst;B1;Bier 0,5;#fbc02d;Alk;4,5;0;NULL;;2026-05-08 19:42:54;Kellner 2;WAHR;4,5;voucher;;
970;1121;309;ORDER: CREATED - Bestellung erfasst;B1;Bier 0,5;#fbc02d;Alk;4,5;0;NULL;;2026-05-08 19:42:54;Kellner 2;WAHR;4,5;voucher;;
971;1122;310;ORDER: CREATED - Bestellung erfasst;D7;Freibier 0.5;#ffeb3b;Alk;4,5;0;NULL;;2026-05-08 19:43:07;Kellner 6;WAHR;4,5;voucher;;
972;1125;311;ORDER: CREATED - Bestellung erfasst;E9;Bier 0,5;#fbc02d;Alk;4,5;0;NULL;;2026-05-08 19:43:08;Kellner 9;WAHR;4,5;free;;
973;1123;311;ORDER: CREATED - Bestellung erfasst;E9;Bier 0,5;#fbc02d;Alk;4,5;0;NULL;;2026-05-08 19:43:08;Kellner 9;WAHR;4,5;free;;
974;1124;311;ORDER: CREATED - Bestellung erfasst;E9;Bier 0,5;#fbc02d;Alk;4,5;0;NULL;;2026-05-08 19:43:08;Kellner 9;WAHR;4,5;free;;
975;1126;312;ORDER: CREATED - Bestellung erfasst;H4;Cola 0,33;#004d40;Anti;3;0;NULL;;2026-05-08 19:43:26;Kellner 3;WAHR;3;voucher;;
976;1127;313;ORDER: CREATED - Bestellung erfasst;E8;Bier 0,5;#fbc02d;Alk;4,5;0;NULL;;2026-05-08 19:43:39;Kellner 6;WAHR;4,5;voucher;;
977;1128;314;ORDER: CREATED - Bestellung erfasst;C8;Sommer spritzer 0,5;#fff176;Alk;4,5;0;NULL;;2026-05-08 19:43:42;Kellner 5;WAHR;4,5;voucher;;
978;1129;314;ORDER: CREATED - Bestellung erfasst;C8;Schnitzelsemmerl;#f57f17;Essen;4,5;0;NULL;;2026-05-08 19:43:42;Kellner 5;WAHR;4,5;cash;;36
979;1130;314;ORDER: CREATED - Bestellung erfasst;C8;Pommes;#ffc000;Essen;3,5;0;NULL;;2026-05-08 19:43:42;Kellner 5;WAHR;3,5;cash;;48
980;1131;315;ORDER: CREATED - Bestellung erfasst;D9;Freibier 0.5;#ffeb3b;Alk;4,5;0;NULL;;2026-05-08 19:43:49;Kellner 9;WAHR;4,5;free;;
981;1132;316;ORDER: CREATED - Bestellung erfasst;H2;Bier 0,5;#fbc02d;Alk;4,5;0;NULL;;2026-05-08 19:44:09;Kellner 4;WAHR;4,5;voucher;;
982;1133;317;ORDER: CREATED - Bestellung erfasst;C9;Radler 0,5;#afb42b;Alk;4,5;0;NULL;;2026-05-08 19:44:17;Kellner 9;WAHR;4,5;cash;;
983;1134;318;ORDER: CREATED - Bestellung erfasst;F5;Sommer spritzer 0,5;#fff176;Alk;4,5;0;NULL;;2026-05-08 19:44:22;Kellner 8;WAHR;4,5;free;;
984;1135;319;ORDER: CREATED - Bestellung erfasst;H4;Almdudler 0,33;#fbc02d;Anti;3;0;NULL;;2026-05-08 19:44:33;Kellner 3;WAHR;3;voucher;;
985;1137;320;ORDER: CREATED - Bestellung erfasst;C8;Schnitzelsemmerl;#f57f17;Essen;4,5;0;NULL;;2026-05-08 19:44:39;Kellner 5;WAHR;4,5;cash;;25
986;1136;320;ORDER: CREATED - Bestellung erfasst;C8;Mineral 0,33;#b3e5fc;Anti;2,5;0;NULL;;2026-05-08 19:44:39;Kellner 5;WAHR;2,5;voucher;;
987;1138;321;ORDER: CREATED - Bestellung erfasst;B1;Schnitzel mit Pommes;#827717;Essen;11,5;0;NULL;;2026-05-08 19:44:47;Kellner 2;WAHR;11,5;voucher;;52
988;1139;322;ORDER: CREATED - Bestellung erfasst;F2;Bier 0,5;#fbc02d;Alk;4,5;0;NULL;;2026-05-08 19:45:08;Kellner 4;WAHR;4,5;cash;;
989;1140;322;ORDER: CREATED - Bestellung erfasst;F2;Bier 0,5;#fbc02d;Alk;4,5;0;NULL;;2026-05-08 19:45:08;Kellner 4;WAHR;4,5;cash;;
990;1141;323;ORDER: CREATED - Bestellung erfasst;F5;Bier 0,5;#fbc02d;Alk;4,5;0;NULL;;2026-05-08 19:45:09;Kellner 8;WAHR;4,5;free;;
991;1142;324;ORDER: CREATED - Bestellung erfasst;D1;Limo Orange 0,33;#ffc107;Anti;3;0;NULL;;2026-05-08 19:45:23;Kellner 2;WAHR;3;voucher;;
992;1143;324;ORDER: CREATED - Bestellung erfasst;D1;Soda zitron 0,5;#4fc3f7;Anti;3;0;NULL;;2026-05-08 19:45:23;Kellner 2;WAHR;3;voucher;;
993;1144;325;ORDER: CREATED - Bestellung erfasst;C8;Mineral 0,33;#b3e5fc;Anti;2,5;0;NULL;;2026-05-08 19:45:26;Kellner 5;WAHR;2,5;voucher;;
994;1145;326;ORDER: CREATED - Bestellung erfasst;E5;Bier 0,5;#fbc02d;Alk;4,5;0;NULL;;2026-05-08 19:45:28;Kellner 6;WAHR;4,5;voucher;;
995;1146;326;ORDER: CREATED - Bestellung erfasst;E5;Bier 0,5;#fbc02d;Alk;4,5;0;NULL;;2026-05-08 19:45:28;Kellner 6;WAHR;4,5;voucher;;
996;1147;326;ORDER: CREATED - Bestellung erfasst;E5;Bier 0,5;#fbc02d;Alk;4,5;0;NULL;;2026-05-08 19:45:28;Kellner 6;WAHR;4,5;voucher;;
997;1149;326;ORDER: CREATED - Bestellung erfasst;E5;Bier 0,5;#fbc02d;Alk;4,5;0;NULL;;2026-05-08 19:45:28;Kellner 6;WAHR;4,5;voucher;;
998;1148;326;ORDER: CREATED - Bestellung erfasst;E5;Bier 0,5;#fbc02d;Alk;4,5;0;NULL;;2026-05-08 19:45:28;Kellner 6;WAHR;4,5;voucher;;
999;1150;327;ORDER: CREATED - Bestellung erfasst;H5;Sommer spritzer 0,5;#fff176;Alk;4,5;0;NULL;;2026-05-08 19:45:31;Kellner 3;WAHR;4,5;cash;;
1000;1151;328;ORDER: CREATED - Bestellung erfasst;G8;Bier 0,5;#fbc02d;Alk;4,5;0;NULL;;2026-05-08 19:46:10;Kellner 9;WAHR;4,5;voucher;;
1001;1152;329;ORDER: CREATED - Bestellung erfasst;D7;Almdudler 0,33;#fbc02d;Anti;3;0;NULL;;2026-05-08 19:46:30;Kellner 5;WAHR;3;voucher;;
1002;1154;330;ORDER: CREATED - Bestellung erfasst;C3;Bier 0,5;#fbc02d;Alk;4,5;0;NULL;;2026-05-08 19:46:36;Kellner 1;WAHR;4,5;voucher;;
1003;1153;330;ORDER: CREATED - Bestellung erfasst;C3;Bier 0,5;#fbc02d;Alk;4,5;0;NULL;;2026-05-08 19:46:36;Kellner 1;WAHR;4,5;voucher;;
1004;1155;331;ORDER: CREATED - Bestellung erfasst;E1;Soda zitron 0,5;#4fc3f7;Anti;3;0;NULL;;2026-05-08 19:47:40;Kellner 2;WAHR;3;cash;;
1005;1156;332;ORDER: CREATED - Bestellung erfasst;I1;Bier 0,5;#fbc02d;Alk;4,5;0;NULL;;2026-05-08 19:47:42;Kellner 4;WAHR;4,5;cash;;
1006;1157;333;ORDER: CREATED - Bestellung erfasst;E1;Sommer spritzer 0,5;#fff176;Alk;4,5;0;NULL;;2026-05-08 19:48:24;Kellner 2;WAHR;4,5;voucher;;
1007;1158;334;ORDER: CREATED - Bestellung erfasst;E8;Bier 0,5;#fbc02d;Alk;4,5;0;NULL;;2026-05-08 19:48:31;Kellner 6;WAHR;4,5;voucher;;
1008;1159;335;ORDER: CREATED - Bestellung erfasst;E1;Bier 0,5;#fbc02d;Alk;4,5;0;NULL;;2026-05-08 19:48:51;Kellner 2;WAHR;4,5;voucher;;
1009;1160;336;ORDER: CREATED - Bestellung erfasst;B6;Sommer spritzer 0,5;#fff176;Alk;4,5;0;NULL;;2026-05-08 19:49:30;Kellner 5;WAHR;4,5;cash;;
1010;1161;336;ORDER: CREATED - Bestellung erfasst;B6;Bier 0,5;#fbc02d;Alk;4,5;0;NULL;;2026-05-08 19:49:30;Kellner 5;WAHR;4,5;cash;;
1011;1162;336;ORDER: CREATED - Bestellung erfasst;B6;Bier 0,5;#fbc02d;Alk;4,5;0;NULL;;2026-05-08 19:49:30;Kellner 5;WAHR;4,5;cash;;
1012;1163;336;ORDER: CREATED - Bestellung erfasst;B6;Bier 0,5;#fbc02d;Alk;4,5;0;NULL;;2026-05-08 19:49:30;Kellner 5;WAHR;4,5;cash;;
1013;1164;337;ORDER: CREATED - Bestellung erfasst;D7;Bier 0,5;#fbc02d;Alk;4,5;0;NULL;;2026-05-08 19:49:37;Kellner 11;WAHR;4,5;voucher;;
1014;1166;338;ORDER: CREATED - Bestellung erfasst;C4;Sommer spritzer 0,5;#fff176;Alk;4,5;0;NULL;;2026-05-08 19:49:49;Kellner 1;WAHR;4,5;voucher;;
1015;1165;338;ORDER: CREATED - Bestellung erfasst;C4;Sommer spritzer 0,5;#fff176;Alk;4,5;0;NULL;;2026-05-08 19:49:49;Kellner 1;WAHR;4,5;voucher;;
1016;1169;339;ORDER: CREATED - Bestellung erfasst;B5;Bier 0,5;#fbc02d;Alk;4,5;0;NULL;;2026-05-08 19:49:50;Kellner 5;WAHR;4,5;cash;;
1017;1170;339;ORDER: CREATED - Bestellung erfasst;B5;Kaffee;#bf360c;Anti;3;0;NULL;;2026-05-08 19:49:50;Kellner 5;WAHR;3;cash;;
1018;1167;339;ORDER: CREATED - Bestellung erfasst;B5;Bier 0,5;#fbc02d;Alk;4,5;0;NULL;;2026-05-08 19:49:50;Kellner 5;WAHR;4,5;cash;;
1019;1168;339;ORDER: CREATED - Bestellung erfasst;B5;Bier 0,5;#fbc02d;Alk;4,5;0;NULL;;2026-05-08 19:49:50;Kellner 5;WAHR;4,5;cash;;
1020;1171;340;ORDER: CREATED - Bestellung erfasst;B7;Bier 0,5;#fbc02d;Alk;4,5;0;NULL;;2026-05-08 19:49:50;Kellner 6;WAHR;4,5;voucher;;
1021;1172;340;ORDER: CREATED - Bestellung erfasst;B7;Sommer spritzer 0,5;#fff176;Alk;4,5;0;NULL;;2026-05-08 19:49:50;Kellner 6;WAHR;4,5;voucher;;
1022;1173;341;ORDER: CREATED - Bestellung erfasst;B7;Bier 0,5;#fbc02d;Alk;4,5;0;NULL;;2026-05-08 19:50:22;Kellner 6;WAHR;4,5;voucher;;
1023;1174;342;ORDER: CREATED - Bestellung erfasst;C2;Bier 0,5;#fbc02d;Alk;4,5;0;NULL;;2026-05-08 19:50:50;Kellner 2;WAHR;4,5;voucher;;
1024;1176;343;ORDER: CREATED - Bestellung erfasst;H2;Bier 0,5;#fbc02d;Alk;4,5;0;NULL;;2026-05-08 19:50:59;Kellner 9;WAHR;4,5;voucher;;
1025;1175;343;ORDER: CREATED - Bestellung erfasst;H2;Bier 0,5;#fbc02d;Alk;4,5;0;NULL;;2026-05-08 19:50:59;Kellner 9;WAHR;4,5;cash;;
1026;1178;344;ORDER: CREATED - Bestellung erfasst;C2;Grillwürstel mit Pommes;#8bc34a;Essen;8;0;NULL;;2026-05-08 19:51:30;Kellner 2;WAHR;8;voucher;;93
1027;1177;344;ORDER: CREATED - Bestellung erfasst;C2;Radler 0,5;#afb42b;Alk;4,5;0;NULL;;2026-05-08 19:51:30;Kellner 2;WAHR;4,5;voucher;;
1028;1181;345;ORDER: CREATED - Bestellung erfasst;B3;Bier 0,5;#fbc02d;Alk;4,5;0;NULL;;2026-05-08 19:51:32;Kellner 1;WAHR;4,5;cash;;
1029;1179;345;ORDER: CREATED - Bestellung erfasst;B3;Bier 0,5;#fbc02d;Alk;4,5;0;NULL;;2026-05-08 19:51:32;Kellner 1;WAHR;4,5;cash;;
1030;1180;345;ORDER: CREATED - Bestellung erfasst;B3;Soda zitron 0,5;#4fc3f7;Anti;3;0;NULL;;2026-05-08 19:51:32;Kellner 1;WAHR;3;cash;;
1031;1184;346;ORDER: CREATED - Bestellung erfasst;F6;Mineral 0,33;#b3e5fc;Anti;2,5;0;NULL;;2026-05-08 19:51:33;Kellner 7;WAHR;2,5;free;;
1032;1183;346;ORDER: CREATED - Bestellung erfasst;F6;Sommer spritzer 0,5;#fff176;Alk;4,5;0;NULL;;2026-05-08 19:51:33;Kellner 7;WAHR;4,5;free;;
1033;1182;346;ORDER: CREATED - Bestellung erfasst;F6;Bier 0,5;#fbc02d;Alk;4,5;0;NULL;;2026-05-08 19:51:33;Kellner 7;WAHR;4,5;free;;
1034;1185;347;ORDER: CREATED - Bestellung erfasst;B6;Bier 0,5;#fbc02d;Alk;4,5;0;NULL;;2026-05-08 19:52:51;Kellner 5;WAHR;4,5;cash;;
1035;1186;348;ORDER: CREATED - Bestellung erfasst;H1;Bier 0,5;#fbc02d;Alk;4,5;0;NULL;;2026-05-08 19:52:56;Kellner 4;WAHR;4,5;voucher;;
1036;1187;349;ORDER: CREATED - Bestellung erfasst;I5;Bier 0,5;#fbc02d;Alk;4,5;0;NULL;;2026-05-08 19:52:59;Kellner 3;WAHR;4,5;voucher;;
1037;1188;350;ORDER: CREATED - Bestellung erfasst;E10;Sommer spritzer 0,5;#fff176;Alk;4,5;0;NULL;;2026-05-08 19:53:34;Kellner 6;WAHR;4,5;free;;
1038;1189;351;ORDER: CREATED - Bestellung erfasst;C10;Schnitzel mit Pommes;#827717;Essen;11,5;0;NULL;;2026-05-08 19:54:11;Kellner 10;WAHR;11,5;free;;26
1039;1190;352;ORDER: CREATED - Bestellung erfasst;F10;Bier 0,5;#fbc02d;Alk;4,5;0;NULL;;2026-05-08 19:54:17;Kellner 9;WAHR;4,5;cash;;
1040;1193;353;ORDER: CREATED - Bestellung erfasst;C6;Bier 0,5;#fbc02d;Alk;4,5;0;NULL;;2026-05-08 19:55:34;Kellner 5;WAHR;4,5;voucher;;
1041;1192;353;ORDER: CREATED - Bestellung erfasst;C6;Bier 0,5;#fbc02d;Alk;4,5;0;NULL;;2026-05-08 19:55:34;Kellner 5;WAHR;4,5;voucher;;
1042;1191;353;ORDER: CREATED - Bestellung erfasst;C6;Bier 0,5;#fbc02d;Alk;4,5;0;NULL;;2026-05-08 19:55:34;Kellner 5;WAHR;4,5;voucher;;
1043;1194;354;ORDER: CREATED - Bestellung erfasst;F7;Bier 0,5;#fbc02d;Alk;4,5;0;NULL;;2026-05-08 19:55:49;Kellner 7;WAHR;4,5;voucher;;
1044;1195;355;ORDER: CREATED - Bestellung erfasst;E6;Bier 0,5;#fbc02d;Alk;4,5;0;NULL;;2026-05-08 19:55:57;Kellner 9;WAHR;4,5;voucher;;
1045;1196;356;ORDER: CREATED - Bestellung erfasst;E7;Sommer spritzer 0,5;#fff176;Alk;4,5;0;NULL;;2026-05-08 19:56:42;Kellner 9;WAHR;4,5;voucher;;
1046;1199;357;ORDER: CREATED - Bestellung erfasst;E5;Bier 0,5;#fbc02d;Alk;4,5;0;NULL;;2026-05-08 19:56:47;Kellner 1;WAHR;4,5;cash;;
1047;1198;357;ORDER: CREATED - Bestellung erfasst;E5;Mineral 0,33;#b3e5fc;Anti;2,5;0;NULL;;2026-05-08 19:56:47;Kellner 1;WAHR;2,5;voucher;;
1048;1197;357;ORDER: CREATED - Bestellung erfasst;E5;Bier 0,5;#fbc02d;Alk;4,5;0;NULL;;2026-05-08 19:56:47;Kellner 1;WAHR;4,5;cash;;
1049;1200;358;ORDER: CREATED - Bestellung erfasst;E10;Schnitzel mit Pommes;#827717;Essen;11,5;0;NULL;;2026-05-08 19:57:12;Kellner 5;WAHR;11,5;free;;20
1050;1201;359;ORDER: CREATED - Bestellung erfasst;E9;Bier 0,5;#fbc02d;Alk;4,5;0;NULL;;2026-05-08 19:57:12;Kellner 7;WAHR;4,5;free;;
1051;1205;360;ORDER: CREATED - Bestellung erfasst;E7;Bier 0,5;#fbc02d;Alk;4,5;0;NULL;;2026-05-08 19:57:21;Kellner 9;WAHR;4,5;cash;;
1052;1204;360;ORDER: CREATED - Bestellung erfasst;E7;Bier 0,5;#fbc02d;Alk;4,5;0;NULL;;2026-05-08 19:57:21;Kellner 9;WAHR;4,5;cash;;
1053;1203;360;ORDER: CREATED - Bestellung erfasst;E7;Bier 0,5;#fbc02d;Alk;4,5;0;NULL;;2026-05-08 19:57:21;Kellner 9;WAHR;4,5;cash;;
1054;1202;360;ORDER: CREATED - Bestellung erfasst;E7;Bier 0,5;#fbc02d;Alk;4,5;0;NULL;;2026-05-08 19:57:21;Kellner 9;WAHR;4,5;cash;;
1055;1207;361;ORDER: CREATED - Bestellung erfasst;B4;Bier 0,5;#fbc02d;Alk;4,5;0;NULL;;2026-05-08 19:58:05;Kellner 6;WAHR;4,5;voucher;;
1056;1206;361;ORDER: CREATED - Bestellung erfasst;B4;Sommer spritzer 0,5;#fff176;Alk;4,5;0;NULL;;2026-05-08 19:58:05;Kellner 6;WAHR;4,5;voucher;;
1057;1208;362;ORDER: CREATED - Bestellung erfasst;D4;Bier 0,5;#fbc02d;Alk;4,5;0;NULL;;2026-05-08 19:58:32;Kellner 1;WAHR;4,5;cash;;
1058;1209;362;ORDER: CREATED - Bestellung erfasst;D4;Bier 0,5;#fbc02d;Alk;4,5;0;NULL;;2026-05-08 19:58:32;Kellner 1;WAHR;4,5;cash;;
1059;1210;363;ORDER: CREATED - Bestellung erfasst;H8;Sommer spritzer 0,5;#fff176;Alk;4,5;0;NULL;;2026-05-08 19:59:01;Kellner 7;WAHR;4,5;voucher;;
1060;1211;363;ORDER: CREATED - Bestellung erfasst;H8;Sommer spritzer 0,5;#fff176;Alk;4,5;0;NULL;;2026-05-08 19:59:01;Kellner 7;WAHR;4,5;voucher;;
1061;1212;364;ORDER: CREATED - Bestellung erfasst;G10;Radler 0,5;#afb42b;Alk;4,5;0;NULL;;2026-05-08 19:59:02;Kellner 9;WAHR;4,5;cash;;
1062;1213;364;ORDER: CREATED - Bestellung erfasst;G10;Kaffee;#bf360c;Anti;3;0;NULL;;2026-05-08 19:59:02;Kellner 9;WAHR;3;cash;;
1063;1214;365;ORDER: CREATED - Bestellung erfasst;I1;Radler 0,5;#afb42b;Alk;4,5;0;NULL;;2026-05-08 19:59:10;Kellner 4;WAHR;4,5;voucher;;
1064;1215;366;ORDER: CREATED - Bestellung erfasst;B8;Sommer spritzer 0,5;#fff176;Alk;4,5;0;NULL;;2026-05-08 19:59:10;Kellner 5;WAHR;4,5;voucher;;
1065;1216;366;ORDER: CREATED - Bestellung erfasst;B8;Bier 0,5;#fbc02d;Alk;4,5;0;NULL;;2026-05-08 19:59:10;Kellner 5;WAHR;4,5;voucher;;
1066;1217;366;ORDER: CREATED - Bestellung erfasst;B8;Bier 0,5;#fbc02d;Alk;4,5;0;NULL;;2026-05-08 19:59:10;Kellner 5;WAHR;4,5;voucher;;
1067;1218;367;ORDER: CREATED - Bestellung erfasst;B7;Bier 0,5;#fbc02d;Alk;4,5;0;NULL;;2026-05-08 19:59:11;Kellner 6;WAHR;4,5;voucher;;
1068;1219;368;ORDER: CREATED - Bestellung erfasst;I6;Bier 0,5;#fbc02d;Alk;4,5;0;NULL;;2026-05-08 19:59:35;Kellner 8;WAHR;4,5;voucher;;
1069;1220;368;ORDER: CREATED - Bestellung erfasst;I6;Bier 0,5;#fbc02d;Alk;4,5;0;NULL;;2026-05-08 19:59:35;Kellner 8;WAHR;4,5;cash;;
1070;1221;368;ORDER: CREATED - Bestellung erfasst;I6;Bier 0,5;#fbc02d;Alk;4,5;0;NULL;;2026-05-08 19:59:35;Kellner 8;WAHR;4,5;voucher;;
1071;1222;369;ORDER: CREATED - Bestellung erfasst;D4;Sommer spritzer 0,5;#fff176;Alk;4,5;0;NULL;;2026-05-08 19:59:37;Kellner 1;WAHR;4,5;voucher;;
1072;1223;369;ORDER: CREATED - Bestellung erfasst;D4;Sommer spritzer 0,5;#fff176;Alk;4,5;0;NULL;;2026-05-08 19:59:37;Kellner 1;WAHR;4,5;voucher;;
1073;1224;370;ORDER: CREATED - Bestellung erfasst;H8;Almdudler 0,33;#fbc02d;Anti;3;0;NULL;;2026-05-08 19:59:44;Kellner 7;WAHR;3;free;;
1074;1225;371;ORDER: CREATED - Bestellung erfasst;I4;Bier 0,5;#fbc02d;Alk;4,5;0;NULL;;2026-05-08 19:59:49;Kellner 3;WAHR;4,5;cash;;
1075;1227;371;ORDER: CREATED - Bestellung erfasst;I4;Bier 0,5;#fbc02d;Alk;4,5;0;NULL;;2026-05-08 19:59:49;Kellner 3;WAHR;4,5;cash;;
1076;1226;371;ORDER: CREATED - Bestellung erfasst;I4;Cola 0,33;#004d40;Anti;3;0;NULL;;2026-05-08 19:59:49;Kellner 3;WAHR;3;cash;;
1077;1230;372;ORDER: CREATED - Bestellung erfasst;E10;Sommer spritzer 0,5;#fff176;Alk;4,5;0;NULL;;2026-05-08 19:59:53;Kellner 2;WAHR;4,5;voucher;;
1078;1229;372;ORDER: CREATED - Bestellung erfasst;E10;Sommer spritzer 0,5;#fff176;Alk;4,5;0;NULL;;2026-05-08 19:59:53;Kellner 2;WAHR;4,5;voucher;;
1079;1228;372;ORDER: CREATED - Bestellung erfasst;E10;Bier 0,5;#fbc02d;Alk;4,5;0;NULL;;2026-05-08 19:59:53;Kellner 2;WAHR;4,5;cash;;
1080;1231;373;ORDER: CREATED - Bestellung erfasst;E7;Sommer spritzer 0,5;#fff176;Alk;4,5;0;NULL;;2026-05-08 20:00:10;Kellner 6;WAHR;4,5;voucher;;
1081;1232;374;ORDER: CREATED - Bestellung erfasst;C9;Limo Orange 0,33;#ffc107;Anti;3;0;NULL;;2026-05-08 20:00:16;Kellner 5;WAHR;3;cash;;
1082;1233;375;ORDER: CREATED - Bestellung erfasst;G9;Bier 0,5;#fbc02d;Alk;4,5;0;NULL;;2026-05-08 20:00:19;Kellner 7;WAHR;4,5;cash;;
1083;1234;376;ORDER: CREATED - Bestellung erfasst;I1;Backhendl Salat;#4fc3f7;Essen;9;0;NULL;;2026-05-08 20:00:21;Kellner 4;WAHR;9;voucher;;34
1084;1235;377;ORDER: CREATED - Bestellung erfasst;C9;Limo Orange 0,33;#ffc107;Anti;3;0;NULL;;2026-05-08 20:00:33;Kellner 5;WAHR;3;cash;;
1085;1236;378;ORDER: CREATED - Bestellung erfasst;C4;Bier 0,5;#fbc02d;Alk;4,5;0;NULL;;2026-05-08 20:00:48;Kellner 1;WAHR;4,5;voucher;;
1086;1237;378;ORDER: CREATED - Bestellung erfasst;C4;Sommer spritzer 0,5;#fff176;Alk;4,5;0;NULL;;2026-05-08 20:00:48;Kellner 1;WAHR;4,5;voucher;;
1087;1238;379;ORDER: CREATED - Bestellung erfasst;B5;Bier 0,5;#fbc02d;Alk;4,5;0;NULL;;2026-05-08 20:01:20;Kellner 6;WAHR;4,5;cash;;
1088;1239;380;ORDER: CREATED - Bestellung erfasst;H8;Sommer spritzer 0,5;#fff176;Alk;4,5;0;NULL;;2026-05-08 20:01:48;Kellner 7;WAHR;4,5;voucher;;
1089;1240;381;ORDER: CREATED - Bestellung erfasst;C2;Bier 0,5;#fbc02d;Alk;4,5;0;NULL;;2026-05-08 20:02:29;Kellner 2;WAHR;4,5;voucher;;
1090;1243;382;ORDER: CREATED - Bestellung erfasst;F2;Bier 0,5;#fbc02d;Alk;4,5;0;NULL;;2026-05-08 20:02:33;Kellner 8;WAHR;4,5;cash;;
1091;1242;382;ORDER: CREATED - Bestellung erfasst;F2;Bier 0,5;#fbc02d;Alk;4,5;0;NULL;;2026-05-08 20:02:33;Kellner 8;WAHR;4,5;cash;;
1092;1241;382;ORDER: CREATED - Bestellung erfasst;F2;Bier 0,5;#fbc02d;Alk;4,5;0;NULL;;2026-05-08 20:02:33;Kellner 8;WAHR;4,5;cash;;
1093;1245;383;ORDER: CREATED - Bestellung erfasst;F3;Bier 0,5;#fbc02d;Alk;4,5;0;NULL;;2026-05-08 20:02:41;Kellner 3;WAHR;4,5;cash;;
1094;1244;383;ORDER: CREATED - Bestellung erfasst;F3;Bier 0,5;#fbc02d;Alk;4,5;0;NULL;;2026-05-08 20:02:41;Kellner 3;WAHR;4,5;cash;;
1095;1248;384;ORDER: CREATED - Bestellung erfasst;C7;Sommer spritzer 0,5;#fff176;Alk;4,5;0;NULL;;2026-05-08 20:02:51;Kellner 5;WAHR;4,5;voucher;;
1096;1246;384;ORDER: CREATED - Bestellung erfasst;C7;Bier 0,5;#fbc02d;Alk;4,5;0;NULL;;2026-05-08 20:02:51;Kellner 5;WAHR;4,5;voucher;;
1097;1247;384;ORDER: CREATED - Bestellung erfasst;C7;Bier 0,5;#fbc02d;Alk;4,5;0;NULL;;2026-05-08 20:02:51;Kellner 5;WAHR;4,5;voucher;;
1098;1251;385;ORDER: CREATED - Bestellung erfasst;D1;Bier 0,5;#fbc02d;Alk;4,5;0;NULL;;2026-05-08 20:02:53;Kellner 4;WAHR;4,5;voucher;;
1099;1249;385;ORDER: CREATED - Bestellung erfasst;D1;Sommer spritzer 0,5;#fff176;Alk;4,5;0;NULL;;2026-05-08 20:02:53;Kellner 4;WAHR;4,5;voucher;;
1100;1250;385;ORDER: CREATED - Bestellung erfasst;D1;Soda zitron 0,5;#4fc3f7;Anti;3;0;NULL;;2026-05-08 20:02:53;Kellner 4;WAHR;3;voucher;;
1101;1252;386;ORDER: CREATED - Bestellung erfasst;I6;Sommer spritzer 0,5;#fff176;Alk;4,5;0;NULL;;2026-05-08 20:03:05;Kellner 7;WAHR;4,5;voucher;;
1102;1253;386;ORDER: CREATED - Bestellung erfasst;I6;Soda zitron 0,5;#4fc3f7;Anti;3;0;NULL;;2026-05-08 20:03:05;Kellner 7;WAHR;3;voucher;;
1103;1254;387;ORDER: CREATED - Bestellung erfasst;F10;Bier 0,5;#fbc02d;Alk;4,5;0;NULL;;2026-05-08 20:03:18;Kellner 9;WAHR;4,5;cash;;
1104;1255;388;ORDER: CREATED - Bestellung erfasst;H3;Bier 0,5;#fbc02d;Alk;4,5;0;NULL;;2026-05-08 20:03:40;Kellner 3;WAHR;4,5;cash;;
1105;1256;389;ORDER: CREATED - Bestellung erfasst;B2;Sommer spritzer 0,5;#fff176;Alk;4,5;0;NULL;;2026-05-08 20:03:42;Kellner 2;WAHR;4,5;voucher;;
1106;1257;389;ORDER: CREATED - Bestellung erfasst;B2;Soda zitron 0,5;#4fc3f7;Anti;3;0;NULL;;2026-05-08 20:03:42;Kellner 2;WAHR;3;voucher;;
1107;1262;389;ORDER: CREATED - Bestellung erfasst;B2;Sommer spritzer 0,5;#fff176;Alk;4,5;0;NULL;;2026-05-08 20:03:42;Kellner 2;WAHR;4,5;voucher;;
1108;1261;389;ORDER: CREATED - Bestellung erfasst;B2;Mineral 0,33;#b3e5fc;Anti;2,5;0;NULL;;2026-05-08 20:03:42;Kellner 2;WAHR;2,5;voucher;;
1109;1260;389;ORDER: CREATED - Bestellung erfasst;B2;Soda zitron 0,5;#4fc3f7;Anti;3;0;NULL;;2026-05-08 20:03:42;Kellner 2;WAHR;3;voucher;;
1110;1259;389;ORDER: CREATED - Bestellung erfasst;B2;Bier 0,5;#fbc02d;Alk;4,5;0;NULL;;2026-05-08 20:03:42;Kellner 2;WAHR;4,5;voucher;;
1111;1258;389;ORDER: CREATED - Bestellung erfasst;B2;Bier 0,5;#fbc02d;Alk;4,5;0;NULL;;2026-05-08 20:03:42;Kellner 2;WAHR;4,5;voucher;;
1112;1264;390;ORDER: CREATED - Bestellung erfasst;E2;Bier 0,5;#fbc02d;Alk;4,5;0;NULL;;2026-05-08 20:03:58;Kellner 1;WAHR;4,5;cash;;
1113;1265;390;ORDER: CREATED - Bestellung erfasst;E2;Sommer spritzer 0,5;#fff176;Alk;4,5;0;NULL;;2026-05-08 20:03:58;Kellner 1;WAHR;4,5;voucher;;
1114;1263;390;ORDER: CREATED - Bestellung erfasst;E2;Bier 0,5;#fbc02d;Alk;4,5;0;NULL;;2026-05-08 20:03:58;Kellner 1;WAHR;4,5;cash;;
1115;1266;391;ORDER: CREATED - Bestellung erfasst;H3;Radler 0,5;#afb42b;Alk;4,5;0;NULL;;2026-05-08 20:04:07;Kellner 3;WAHR;4,5;cash;;
1116;1268;392;ORDER: CREATED - Bestellung erfasst;G7;Bier 0,5;#fbc02d;Alk;4,5;0;NULL;;2026-05-08 20:04:19;Kellner 7;WAHR;4,5;cash;;
1117;1267;392;ORDER: CREATED - Bestellung erfasst;G7;Bier 0,5;#fbc02d;Alk;4,5;0;NULL;;2026-05-08 20:04:19;Kellner 7;WAHR;4,5;cash;;
1118;1269;393;ORDER: CREATED - Bestellung erfasst;E2;Bier 0,5;#fbc02d;Alk;4,5;0;NULL;;2026-05-08 20:04:46;Kellner 1;WAHR;4,5;cash;;
1119;1270;394;ORDER: CREATED - Bestellung erfasst;G7;Bier 0,5;#fbc02d;Alk;4,5;0;NULL;;2026-05-08 20:05:19;Kellner 7;WAHR;4,5;free;;
1120;1271;395;ORDER: CREATED - Bestellung erfasst;B7;Bier 0,5;#fbc02d;Alk;4,5;0;NULL;;2026-05-08 20:05:26;Kellner 6;WAHR;4,5;voucher;;
1121;1274;396;ORDER: CREATED - Bestellung erfasst;D1;Sommer spritzer 0,5;#fff176;Alk;4,5;0;NULL;;2026-05-08 20:05:27;Kellner 4;WAHR;4,5;voucher;;
1122;1273;396;ORDER: CREATED - Bestellung erfasst;D1;Sommer spritzer 0,5;#fff176;Alk;4,5;0;NULL;;2026-05-08 20:05:27;Kellner 4;WAHR;4,5;voucher;;
1123;1272;396;ORDER: CREATED - Bestellung erfasst;D1;Sommer spritzer 0,5;#fff176;Alk;4,5;0;NULL;;2026-05-08 20:05:27;Kellner 4;WAHR;4,5;voucher;;
1124;1275;397;ORDER: CREATED - Bestellung erfasst;B1;Bier 0,5;#fbc02d;Alk;4,5;0;NULL;;2026-05-08 20:05:38;Kellner 2;WAHR;4,5;voucher;;
1125;1276;398;ORDER: CREATED - Bestellung erfasst;I2;Bier 0,5;#fbc02d;Alk;4,5;0;NULL;;2026-05-08 20:06:26;Kellner 4;WAHR;4,5;cash;;
1126;1278;399;ORDER: CREATED - Bestellung erfasst;F7;Bier 0,5;#fbc02d;Alk;4,5;0;NULL;;2026-05-08 20:06:43;Kellner 6;WAHR;4,5;voucher;;
1127;1277;399;ORDER: CREATED - Bestellung erfasst;F7;Sommer spritzer 0,5;#fff176;Alk;4,5;0;NULL;;2026-05-08 20:06:43;Kellner 6;WAHR;4,5;voucher;;
1128;1279;400;ORDER: CREATED - Bestellung erfasst;B9;Bier 0,5;#fbc02d;Alk;4,5;0;NULL;;2026-05-08 20:07:05;Kellner 5;WAHR;4,5;cash;;
1129;1280;401;ORDER: CREATED - Bestellung erfasst;E8;Radler 0,5;#afb42b;Alk;4,5;0;NULL;;2026-05-08 20:07:14;Kellner 6;WAHR;4,5;voucher;;
1130;1281;401;ORDER: CREATED - Bestellung erfasst;E8;Bier 0,5;#fbc02d;Alk;4,5;0;NULL;;2026-05-08 20:07:14;Kellner 6;WAHR;4,5;voucher;;
1131;1282;402;ORDER: CREATED - Bestellung erfasst;H8;Bier 0,5;#fbc02d;Alk;4,5;0;NULL;;2026-05-08 20:07:42;Kellner 8;WAHR;4,5;voucher;;
1132;1283;402;ORDER: CREATED - Bestellung erfasst;H8;Bier 0,5;#fbc02d;Alk;4,5;0;NULL;;2026-05-08 20:07:42;Kellner 8;WAHR;4,5;voucher;;
1133;1284;403;ORDER: CREATED - Bestellung erfasst;H6;Bier 0,5;#fbc02d;Alk;4,5;0;NULL;;2026-05-08 20:07:58;Kellner 3;WAHR;4,5;cash;;
1134;1287;404;ORDER: CREATED - Bestellung erfasst;E10;Bier 0,5;#fbc02d;Alk;4,5;0;NULL;;2026-05-08 20:08:11;Kellner 10;WAHR;4,5;cash;;
1135;1288;404;ORDER: CREATED - Bestellung erfasst;E10;Cola 0,33;#004d40;Anti;3;0;NULL;;2026-05-08 20:08:11;Kellner 10;WAHR;3;cash;;
1136;1285;404;ORDER: CREATED - Bestellung erfasst;E10;Radler 0,5;#afb42b;Alk;4,5;0;NULL;;2026-05-08 20:08:11;Kellner 10;WAHR;4,5;cash;;
1137;1286;404;ORDER: CREATED - Bestellung erfasst;E10;Cola 0,33;#004d40;Anti;3;0;NULL;;2026-05-08 20:08:11;Kellner 10;WAHR;3;cash;;
1138;1289;405;ORDER: CREATED - Bestellung erfasst;C8;Bier 0,5;#fbc02d;Alk;4,5;0;NULL;;2026-05-08 20:08:15;Kellner 6;WAHR;4,5;cash;;
1139;1291;406;ORDER: CREATED - Bestellung erfasst;C1;Bier 0,5;#fbc02d;Alk;4,5;0;NULL;;2026-05-08 20:08:35;Kellner 2;WAHR;4,5;voucher;;
1140;1290;406;ORDER: CREATED - Bestellung erfasst;C1;Bier 0,5;#fbc02d;Alk;4,5;0;NULL;;2026-05-08 20:08:35;Kellner 2;WAHR;4,5;voucher;;
1141;1292;407;ORDER: CREATED - Bestellung erfasst;F4;Freibier 0.5;#ffeb3b;Alk;4,5;0;NULL;;2026-05-08 20:08:55;Kellner 3;WAHR;4,5;cash;;
1142;1293;408;ORDER: CREATED - Bestellung erfasst;E1;Bier 0,5;#fbc02d;Alk;4,5;0;NULL;;2026-05-08 20:09:04;Kellner 4;WAHR;4,5;cash;;
1143;1294;409;ORDER: CREATED - Bestellung erfasst;C1;Bier 0,5;#fbc02d;Alk;4,5;0;NULL;;2026-05-08 20:09:08;Kellner 2;WAHR;4,5;cash;;
1144;1295;409;ORDER: CREATED - Bestellung erfasst;C1;Cola 0,33;#004d40;Anti;3;0;NULL;;2026-05-08 20:09:08;Kellner 2;WAHR;3;voucher;;
1145;1296;410;ORDER: CREATED - Bestellung erfasst;I5;Schnitzel mit Pommes;#827717;Essen;11,5;0;NULL;;2026-05-08 20:09:26;Kellner 7;WAHR;11,5;cash;;14
1146;1299;411;ORDER: CREATED - Bestellung erfasst;E10;Schnitzel mit Pommes;#827717;Essen;11,5;0;NULL;;2026-05-08 20:09:47;Kellner 10;WAHR;11,5;cash;;50
1147;1298;411;ORDER: CREATED - Bestellung erfasst;E10;Backhendl Salat;#4fc3f7;Essen;9;0;NULL;;2026-05-08 20:09:47;Kellner 10;WAHR;9;cash;;38
1148;1297;411;ORDER: CREATED - Bestellung erfasst;E10;Schnitzel mit Pommes;#827717;Essen;11,5;0;NULL;;2026-05-08 20:09:47;Kellner 10;WAHR;11,5;cash;;30
1149;1300;412;ORDER: CREATED - Bestellung erfasst;F2;Soda zitron 0,5;#4fc3f7;Anti;3;0;NULL;;2026-05-08 20:09:52;Kellner 3;WAHR;3;cash;;
1150;1301;412;ORDER: CREATED - Bestellung erfasst;F2;Soda zitron 0,5;#4fc3f7;Anti;3;0;NULL;;2026-05-08 20:09:52;Kellner 3;WAHR;3;cash;;
1151;1302;413;ORDER: CREATED - Bestellung erfasst;D9;Bier 0,5;#fbc02d;Alk;4,5;0;NULL;;2026-05-08 20:09:55;Kellner 9;WAHR;4,5;free;;
1152;1303;414;ORDER: CREATED - Bestellung erfasst;B4;Bier 0,5;#fbc02d;Alk;4,5;0;NULL;;2026-05-08 20:10:09;Kellner 6;WAHR;4,5;voucher;;
1153;1304;415;ORDER: CREATED - Bestellung erfasst;F5;Sommer spritzer 0,5;#fff176;Alk;4,5;0;NULL;;2026-05-08 20:10:15;Kellner 8;WAHR;4,5;voucher;;
1154;1305;416;ORDER: CREATED - Bestellung erfasst;E7;Bier 0,5;#fbc02d;Alk;4,5;0;NULL;;2026-05-08 20:10:54;Kellner 6;WAHR;4,5;voucher;;
1155;1306;417;ORDER: CREATED - Bestellung erfasst;C1;Bier 0,5;#fbc02d;Alk;4,5;0;NULL;;2026-05-08 20:11:29;Kellner 2;WAHR;4,5;voucher;;
1156;1307;418;ORDER: CREATED - Bestellung erfasst;G9;Bier 0,5;#fbc02d;Alk;4,5;0;NULL;;2026-05-08 20:11:45;Kellner 10;WAHR;4,5;cash;;
1157;1308;419;ORDER: CREATED - Bestellung erfasst;E3;Bier 0,5;#fbc02d;Alk;4,5;0;NULL;;2026-05-08 20:11:47;Kellner 1;WAHR;4,5;voucher;;
1158;1309;419;ORDER: CREATED - Bestellung erfasst;E3;Mineral 0,33;#b3e5fc;Anti;2,5;0;NULL;;2026-05-08 20:11:47;Kellner 1;WAHR;2,5;cash;;
1159;1312;420;ORDER: CREATED - Bestellung erfasst;I1;Bier 0,5;#fbc02d;Alk;4,5;0;NULL;;2026-05-08 20:11:50;Kellner 4;WAHR;4,5;cash;;
1160;1311;420;ORDER: CREATED - Bestellung erfasst;I1;Bier 0,5;#fbc02d;Alk;4,5;0;NULL;;2026-05-08 20:11:50;Kellner 4;WAHR;4,5;cash;;
1161;1310;420;ORDER: CREATED - Bestellung erfasst;I1;Bier 0,5;#fbc02d;Alk;4,5;0;NULL;;2026-05-08 20:11:50;Kellner 4;WAHR;4,5;cash;;
1162;1313;421;ORDER: CREATED - Bestellung erfasst;E2;Soda zitron 0,5;#4fc3f7;Anti;3;0;NULL;;2026-05-08 20:12:49;Kellner 3;WAHR;3;cash;;
1163;1314;422;ORDER: CREATED - Bestellung erfasst;H4;Bier 0,5;#fbc02d;Alk;4,5;0;NULL;;2026-05-08 20:12:58;Kellner 10;WAHR;4,5;cash;;
1164;1315;423;ORDER: CREATED - Bestellung erfasst;E2;Bier 0,5;#fbc02d;Alk;4,5;0;NULL;;2026-05-08 20:13:18;Kellner 3;WAHR;4,5;cash;;
1165;1316;424;ORDER: CREATED - Bestellung erfasst;G10;Bier 0,5;#fbc02d;Alk;4,5;0;NULL;;2026-05-08 20:13:52;Kellner 7;WAHR;4,5;cash;;
1166;1317;425;ORDER: CREATED - Bestellung erfasst;C3;Bier 0,5;#fbc02d;Alk;4,5;0;NULL;;2026-05-08 20:13:53;Kellner 1;WAHR;4,5;cash;;
1167;1318;425;ORDER: CREATED - Bestellung erfasst;C3;Bier 0,5;#fbc02d;Alk;4,5;0;NULL;;2026-05-08 20:13:53;Kellner 1;WAHR;4,5;cash;;
1168;1319;425;ORDER: CREATED - Bestellung erfasst;C3;Sommer spritzer 0,5;#fff176;Alk;4,5;0;NULL;;2026-05-08 20:13:53;Kellner 1;WAHR;4,5;cash;;
1169;1320;425;ORDER: CREATED - Bestellung erfasst;C3;Sommer spritzer 0,5;#fff176;Alk;4,5;0;NULL;;2026-05-08 20:13:53;Kellner 1;WAHR;4,5;cash;;
1170;1322;426;ORDER: CREATED - Bestellung erfasst;A2;Soda zitron 0,5;#4fc3f7;Anti;3;0;NULL;;2026-05-08 20:14:11;Kellner 2;WAHR;3;voucher;;
1171;1321;426;ORDER: CREATED - Bestellung erfasst;A2;Pommes;#ffc000;Essen;3,5;0;NULL;;2026-05-08 20:14:11;Kellner 2;WAHR;3,5;voucher;;25
1172;1324;427;ORDER: CREATED - Bestellung erfasst;G10;Radler 0,5;#afb42b;Alk;4,5;0;NULL;;2026-05-08 20:14:53;Kellner 7;WAHR;4,5;cash;;
1173;1323;427;ORDER: CREATED - Bestellung erfasst;G10;Bier 0,5;#fbc02d;Alk;4,5;0;NULL;;2026-05-08 20:14:53;Kellner 7;WAHR;4,5;cash;;
1174;1325;428;ORDER: CREATED - Bestellung erfasst;D10;Schnitzelsemmerl;#f57f17;Essen;4,5;0;NULL;;2026-05-08 20:15:09;Kellner 3;WAHR;4,5;voucher;;28
1175;1326;429;ORDER: CREATED - Bestellung erfasst;G10;Backhendl Salat;#4fc3f7;Essen;9;0;NULL;;2026-05-08 20:15:26;Kellner 7;WAHR;9;cash;;23
1176;1327;429;ORDER: CREATED - Bestellung erfasst;G10;Grillwürstel mit Pommes;#8bc34a;Essen;8;0;NULL;;2026-05-08 20:15:26;Kellner 7;WAHR;8;cash;;48
1177;1328;430;ORDER: CREATED - Bestellung erfasst;C8;Bier 0,5;#fbc02d;Alk;4,5;0;NULL;;2026-05-08 20:15:50;Kellner 5;WAHR;4,5;voucher;;
1178;1329;431;ORDER: CREATED - Bestellung erfasst;D5;Bier 0,5;#fbc02d;Alk;4,5;0;NULL;;2026-05-08 20:15:53;Kellner 6;WAHR;4,5;cash;;
1179;1331;431;ORDER: CREATED - Bestellung erfasst;D5;Bier 0,5;#fbc02d;Alk;4,5;0;NULL;;2026-05-08 20:15:53;Kellner 6;WAHR;4,5;cash;;
1180;1330;431;ORDER: CREATED - Bestellung erfasst;D5;Bier 0,5;#fbc02d;Alk;4,5;0;NULL;;2026-05-08 20:15:53;Kellner 6;WAHR;4,5;cash;;
1181;1332;432;ORDER: CREATED - Bestellung erfasst;H10;Sommer spritzer 0,5;#fff176;Alk;4,5;0;NULL;;2026-05-08 20:16:38;Kellner 8;WAHR;4,5;cash;;
1182;1333;432;ORDER: CREATED - Bestellung erfasst;H10;Sommer spritzer 0,5;#fff176;Alk;4,5;0;NULL;;2026-05-08 20:16:38;Kellner 8;WAHR;4,5;cash;;
1183;1334;433;ORDER: CREATED - Bestellung erfasst;E5;Sommer spritzer 0,5;#fff176;Alk;4,5;0;NULL;;2026-05-08 20:16:38;Kellner 6;WAHR;4,5;voucher;;
1184;1335;434;ORDER: CREATED - Bestellung erfasst;F1;Radler 0,5;#afb42b;Alk;4,5;0;NULL;;2026-05-08 20:16:55;Kellner 5;WAHR;4,5;voucher;;
1185;1336;435;ORDER: CREATED - Bestellung erfasst;E4;Bier 0,5;#fbc02d;Alk;4,5;0;NULL;;2026-05-08 20:17:05;Kellner 1;WAHR;4,5;cash;;
1186;1337;436;ORDER: CREATED - Bestellung erfasst;B6;Kaffee;#bf360c;Anti;3;0;NULL;;2026-05-08 20:17:13;Kellner 6;WAHR;3;cash;;
1187;1338;437;ORDER: CREATED - Bestellung erfasst;F1;Bier 0,5;#fbc02d;Alk;4,5;0;NULL;;2026-05-08 20:17:27;Kellner 5;WAHR;4,5;cash;;
1188;1339;438;ORDER: CREATED - Bestellung erfasst;I5;Bier 0,5;#fbc02d;Alk;4,5;0;NULL;;2026-05-08 20:17:40;Kellner 3;WAHR;4,5;cash;;
1189;1341;439;ORDER: CREATED - Bestellung erfasst;D4;Bier 0,5;#fbc02d;Alk;4,5;0;NULL;;2026-05-08 20:18:01;Kellner 1;WAHR;4,5;voucher;;
1190;1340;439;ORDER: CREATED - Bestellung erfasst;D4;Sommer spritzer 0,5;#fff176;Alk;4,5;0;NULL;;2026-05-08 20:18:01;Kellner 1;WAHR;4,5;voucher;;
1191;1342;440;ORDER: CREATED - Bestellung erfasst;C7;Bier 0,5;#fbc02d;Alk;4,5;0;NULL;;2026-05-08 20:18:21;Kellner 6;WAHR;4,5;cash;;
1192;1343;441;ORDER: CREATED - Bestellung erfasst;C10;Bier 0,5;#fbc02d;Alk;4,5;0;NULL;;2026-05-08 20:18:22;Kellner 7;WAHR;4,5;cash;;
1193;1344;442;ORDER: CREATED - Bestellung erfasst;D4;Bier 0,5;#fbc02d;Alk;4,5;0;NULL;;2026-05-08 20:18:23;Kellner 1;WAHR;4,5;voucher;;
1194;1345;443;ORDER: CREATED - Bestellung erfasst;I2;Bier 0,5;#fbc02d;Alk;4,5;0;NULL;;2026-05-08 20:18:50;Kellner 3;WAHR;4,5;cash;;
1195;1347;444;ORDER: CREATED - Bestellung erfasst;D8;Bier 0,5;#fbc02d;Alk;4,5;0;NULL;;2026-05-08 20:18:53;Kellner 10;WAHR;4,5;voucher;;
1196;1346;444;ORDER: CREATED - Bestellung erfasst;D8;Bier 0,5;#fbc02d;Alk;4,5;0;NULL;;2026-05-08 20:18:53;Kellner 10;WAHR;4,5;voucher;;
1197;1348;444;ORDER: CREATED - Bestellung erfasst;D8;Sommer spritzer 0,5;#fff176;Alk;4,5;0;NULL;;2026-05-08 20:18:53;Kellner 10;WAHR;4,5;voucher;;
1198;1351;445;ORDER: CREATED - Bestellung erfasst;C4;Grillwürstel mit Pommes;#8bc34a;Essen;8;0;NULL;;2026-05-08 20:19:16;Kellner 1;WAHR;8;cash;;132
1199;1350;445;ORDER: CREATED - Bestellung erfasst;C4;Schnitzelsemmerl;#f57f17;Essen;4,5;0;NULL;;2026-05-08 20:19:16;Kellner 1;WAHR;4,5;cash;;8
1200;1352;445;ORDER: CREATED - Bestellung erfasst;C4;Grillwürstel mit Pommes;#8bc34a;Essen;8;0;NULL;;2026-05-08 20:19:16;Kellner 1;WAHR;8;cash;;132
1201;1356;445;ORDER: CREATED - Bestellung erfasst;C4;Bier 0,5;#fbc02d;Alk;4,5;0;NULL;;2026-05-08 20:19:16;Kellner 1;WAHR;4,5;cash;;
1202;1355;445;ORDER: CREATED - Bestellung erfasst;C4;Bier 0,5;#fbc02d;Alk;4,5;0;NULL;;2026-05-08 20:19:16;Kellner 1;WAHR;4,5;cash;;
1203;1354;445;ORDER: CREATED - Bestellung erfasst;C4;Bier 0,5;#fbc02d;Alk;4,5;0;NULL;;2026-05-08 20:19:16;Kellner 1;WAHR;4,5;cash;;
1204;1353;445;ORDER: CREATED - Bestellung erfasst;C4;Pommes;#ffc000;Essen;3,5;0;NULL;;2026-05-08 20:19:16;Kellner 1;WAHR;3,5;cash;;8
1205;1349;445;ORDER: CREATED - Bestellung erfasst;C4;Bier 0,5;#fbc02d;Alk;4,5;0;NULL;;2026-05-08 20:19:16;Kellner 1;WAHR;4,5;cash;;
1206;1357;446;ORDER: CREATED - Bestellung erfasst;C9;Mineral 0,33;#b3e5fc;Anti;2,5;0;NULL;;2026-05-08 20:19:24;Kellner 7;WAHR;2,5;free;;
1207;1358;447;ORDER: CREATED - Bestellung erfasst;I4;Bier 0,5;#fbc02d;Alk;4,5;0;NULL;;2026-05-08 20:19:45;Kellner 3;WAHR;4,5;cash;;
1208;1359;448;ORDER: CREATED - Bestellung erfasst;C9;Radler 0,5;#afb42b;Alk;4,5;0;NULL;;2026-05-08 20:19:54;Kellner 7;WAHR;4,5;cash;;
1209;1360;449;ORDER: CREATED - Bestellung erfasst;E1;Almdudler 0,33;#fbc02d;Anti;3;0;NULL;;2026-05-08 20:20:11;Kellner 4;WAHR;3;voucher;;
1210;1361;450;ORDER: CREATED - Bestellung erfasst;C2;Schnitzel mit Pommes;#827717;Essen;11,5;0;NULL;;2026-05-08 20:20:44;Kellner 2;WAHR;11,5;voucher;;43
1211;1362;451;ORDER: CREATED - Bestellung erfasst;G7;Sommer spritzer 0,5;#fff176;Alk;4,5;0;NULL;;2026-05-08 20:20:47;Kellner 8;WAHR;4,5;voucher;;
1212;1363;452;ORDER: CREATED - Bestellung erfasst;G7;Freibier 0.5;#ffeb3b;Alk;4,5;0;NULL;;2026-05-08 20:21:06;Kellner 8;WAHR;4,5;voucher;;
1213;1364;453;ORDER: CREATED - Bestellung erfasst;B4;Bier 0,5;#fbc02d;Alk;4,5;0;NULL;;2026-05-08 20:21:53;Kellner 1;WAHR;4,5;cash;;
1214;1365;453;ORDER: CREATED - Bestellung erfasst;B4;Sommer spritzer 0,5;#fff176;Alk;4,5;0;NULL;;2026-05-08 20:21:53;Kellner 1;WAHR;4,5;cash;;
1215;1366;454;ORDER: CREATED - Bestellung erfasst;H8;Soda zitron 0,5;#4fc3f7;Anti;3;0;NULL;;2026-05-08 20:21:54;Kellner 7;WAHR;3;voucher;;
1216;1369;455;ORDER: CREATED - Bestellung erfasst;C2;Cola 0,33;#004d40;Anti;3;0;NULL;;2026-05-08 20:22:07;Kellner 2;WAHR;3;cash;;
1217;1367;455;ORDER: CREATED - Bestellung erfasst;C2;Schnitzelsemmerl;#f57f17;Essen;4,5;0;NULL;;2026-05-08 20:22:07;Kellner 2;WAHR;4,5;cash;;39
1218;1368;455;ORDER: CREATED - Bestellung erfasst;C2;Schnitzelsemmerl;#f57f17;Essen;4,5;0;NULL;;2026-05-08 20:22:07;Kellner 2;WAHR;4,5;cash;;39
1219;1370;455;ORDER: CREATED - Bestellung erfasst;C2;Pommes;#ffc000;Essen;3,5;0;NULL;;2026-05-08 20:22:07;Kellner 2;WAHR;3,5;cash;;39
1220;1371;456;ORDER: CREATED - Bestellung erfasst;F4;Sommer spritzer 0,5;#fff176;Alk;4,5;0;NULL;;2026-05-08 20:22:24;Kellner 4;WAHR;4,5;cash;;
1221;1372;457;ORDER: CREATED - Bestellung erfasst;F7;Bier 0,5;#fbc02d;Alk;4,5;0;NULL;;2026-05-08 20:23:07;Kellner 7;WAHR;4,5;voucher;;
1222;1373;458;ORDER: CREATED - Bestellung erfasst;I1;Bier 0,5;#fbc02d;Alk;4,5;0;NULL;;2026-05-08 20:23:19;Kellner 4;WAHR;4,5;cash;;
1223;1374;459;ORDER: CREATED - Bestellung erfasst;A2;Bier 0,5;#fbc02d;Alk;4,5;0;NULL;;2026-05-08 20:23:20;Kellner 2;WAHR;4,5;voucher;;
1224;1375;460;ORDER: CREATED - Bestellung erfasst;A2;Bier 0,5;#fbc02d;Alk;4,5;0;NULL;;2026-05-08 20:23:39;Kellner 2;WAHR;4,5;voucher;;
1225;1376;460;ORDER: CREATED - Bestellung erfasst;A2;Bier 0,5;#fbc02d;Alk;4,5;0;NULL;;2026-05-08 20:23:39;Kellner 2;WAHR;4,5;voucher;;
1226;1377;461;ORDER: CREATED - Bestellung erfasst;I3;Bier 0,5;#fbc02d;Alk;4,5;0;NULL;;2026-05-08 20:23:42;Kellner 3;WAHR;4,5;cash;;
1227;1379;462;ORDER: CREATED - Bestellung erfasst;G7;Bier 0,5;#fbc02d;Alk;4,5;0;NULL;;2026-05-08 20:23:51;Kellner 11;WAHR;4,5;voucher;;
1228;1378;462;ORDER: CREATED - Bestellung erfasst;G7;Bier 0,5;#fbc02d;Alk;4,5;0;NULL;;2026-05-08 20:23:51;Kellner 11;WAHR;4,5;voucher;;
1229;1380;462;ORDER: CREATED - Bestellung erfasst;G7;Sommer spritzer 0,5;#fff176;Alk;4,5;0;NULL;;2026-05-08 20:23:51;Kellner 11;WAHR;4,5;voucher;;
1230;1381;463;ORDER: CREATED - Bestellung erfasst;H2;Bier 0,5;#fbc02d;Alk;4,5;0;NULL;;2026-05-08 20:24:24;Kellner 3;WAHR;4,5;cash;;
1231;1384;464;ORDER: CREATED - Bestellung erfasst;H1;Sommer spritzer 0,5;#fff176;Alk;4,5;0;NULL;;2026-05-08 20:24:44;Kellner 4;WAHR;4,5;cash;;
1232;1382;464;ORDER: CREATED - Bestellung erfasst;H1;Cola 0,33;#004d40;Anti;3;0;NULL;;2026-05-08 20:24:44;Kellner 4;WAHR;3;voucher;;
1233;1383;464;ORDER: CREATED - Bestellung erfasst;H1;Bier 0,5;#fbc02d;Alk;4,5;0;NULL;;2026-05-08 20:24:44;Kellner 4;WAHR;4,5;cash;;
1234;1385;465;ORDER: CREATED - Bestellung erfasst;B7;Limo Orange 0,33;#ffc107;Anti;3;0;NULL;;2026-05-08 20:25:11;Kellner 5;WAHR;3;cash;;
1235;1386;465;ORDER: CREATED - Bestellung erfasst;B7;Limo Orange 0,33;#ffc107;Anti;3;0;NULL;;2026-05-08 20:25:11;Kellner 5;WAHR;3;cash;;
1236;1387;466;ORDER: CREATED - Bestellung erfasst;C4;Bier 0,5;#fbc02d;Alk;4,5;0;NULL;;2026-05-08 20:25:12;Kellner 1;WAHR;4,5;voucher;;
1237;1388;466;ORDER: CREATED - Bestellung erfasst;C4;Bier 0,5;#fbc02d;Alk;4,5;0;NULL;;2026-05-08 20:25:12;Kellner 1;WAHR;4,5;voucher;;
1238;1389;467;ORDER: CREATED - Bestellung erfasst;B7;Bier 0,5;#fbc02d;Alk;4,5;0;NULL;;2026-05-08 20:26:04;Kellner 5;WAHR;4,5;voucher;;
1239;1391;467;ORDER: CREATED - Bestellung erfasst;B7;Bier 0,5;#fbc02d;Alk;4,5;0;NULL;;2026-05-08 20:26:04;Kellner 5;WAHR;4,5;cash;;
1240;1390;467;ORDER: CREATED - Bestellung erfasst;B7;Bier 0,5;#fbc02d;Alk;4,5;0;NULL;;2026-05-08 20:26:04;Kellner 5;WAHR;4,5;voucher;;
1241;1392;468;ORDER: CREATED - Bestellung erfasst;B7;Mineral 0,33;#b3e5fc;Anti;2,5;0;NULL;;2026-05-08 20:26:42;Kellner 5;WAHR;2,5;cash;;
1242;1394;469;ORDER: CREATED - Bestellung erfasst;E4;Mineral 0,33;#b3e5fc;Anti;2,5;0;NULL;;2026-05-08 20:27:30;Kellner 2;WAHR;2,5;cash;;
1243;1393;469;ORDER: CREATED - Bestellung erfasst;E4;Bier 0,5;#fbc02d;Alk;4,5;0;NULL;;2026-05-08 20:27:30;Kellner 2;WAHR;4,5;cash;;
1244;1395;470;ORDER: CREATED - Bestellung erfasst;E4;Almdudler 0,33;#fbc02d;Anti;3;0;NULL;;2026-05-08 20:28:14;Kellner 2;WAHR;3;voucher;;
1245;1397;471;ORDER: CREATED - Bestellung erfasst;B3;Bier 0,5;#fbc02d;Alk;4,5;0;NULL;;2026-05-08 20:28:23;Kellner 1;WAHR;4,5;voucher;;
1246;1396;471;ORDER: CREATED - Bestellung erfasst;B3;Bier 0,5;#fbc02d;Alk;4,5;0;NULL;;2026-05-08 20:28:23;Kellner 1;WAHR;4,5;voucher;;
1247;1398;471;ORDER: CREATED - Bestellung erfasst;B3;Bier 0,5;#fbc02d;Alk;4,5;0;NULL;;2026-05-08 20:28:23;Kellner 1;WAHR;4,5;cash;;
1248;1399;472;ORDER: CREATED - Bestellung erfasst;G9;Bier 0,5;#fbc02d;Alk;4,5;0;NULL;;2026-05-08 20:28:41;Kellner 3;WAHR;4,5;cash;;
1249;1400;473;ORDER: CREATED - Bestellung erfasst;G9;Sommer spritzer 0,5;#fff176;Alk;4,5;0;NULL;;2026-05-08 20:29:46;Kellner 3;WAHR;4,5;cash;;
1250;1401;474;ORDER: CREATED - Bestellung erfasst;E10;Bier 0,5;#fbc02d;Alk;4,5;0;NULL;;2026-05-08 20:30:30;Kellner 9;WAHR;4,5;cash;;
1251;1403;474;ORDER: CREATED - Bestellung erfasst;E10;Gemüselaibchen mit Salat;#ffeb3b;Essen;9;0;NULL;;2026-05-08 20:30:30;Kellner 9;WAHR;9;cash;;25
1252;1406;474;ORDER: CREATED - Bestellung erfasst;E10;Sommer spritzer 0,5;#fff176;Alk;4,5;0;NULL;;2026-05-08 20:30:30;Kellner 9;WAHR;4,5;cash;;
1253;1404;474;ORDER: CREATED - Bestellung erfasst;E10;Schnitzel mit Pommes;#827717;Essen;11,5;0;NULL;;2026-05-08 20:30:30;Kellner 9;WAHR;11,5;cash;;29
1254;1405;474;ORDER: CREATED - Bestellung erfasst;E10;Cola 0,33;#004d40;Anti;3;0;NULL;;2026-05-08 20:30:30;Kellner 9;WAHR;3;cash;;
1255;1402;474;ORDER: CREATED - Bestellung erfasst;E10;Hendl mit Pommes;#0070c0;Essen;12,5;0;NULL;;2026-05-08 20:30:30;Kellner 9;WAHR;12,5;cash;;310
1256;1408;475;ORDER: CREATED - Bestellung erfasst;F6;Mineral 0,33;#b3e5fc;Anti;2,5;0;NULL;;2026-05-08 20:31:11;Kellner 3;WAHR;2,5;free;;
1257;1407;475;ORDER: CREATED - Bestellung erfasst;F6;Mineral 0,33;#b3e5fc;Anti;2,5;0;NULL;;2026-05-08 20:31:11;Kellner 3;WAHR;2,5;free;;
1258;1409;476;ORDER: CREATED - Bestellung erfasst;F5;Bier 0,5;#fbc02d;Alk;4,5;0;NULL;;2026-05-08 20:31:48;Kellner 7;WAHR;4,5;free;;
1259;1410;476;ORDER: CREATED - Bestellung erfasst;F5;Sommer spritzer 0,5;#fff176;Alk;4,5;0;NULL;;2026-05-08 20:31:48;Kellner 7;WAHR;4,5;free;;
1260;1411;477;ORDER: CREATED - Bestellung erfasst;F5;Bier 0,5;#fbc02d;Alk;4,5;0;NULL;;2026-05-08 20:32:05;Kellner 7;WAHR;4,5;free;;
1261;1414;478;ORDER: CREATED - Bestellung erfasst;B6;Bier 0,5;#fbc02d;Alk;4,5;0;NULL;;2026-05-08 20:32:26;Kellner 5;WAHR;4,5;cash;;
1262;1412;478;ORDER: CREATED - Bestellung erfasst;B6;Soda zitron 0,5;#4fc3f7;Anti;3;0;NULL;;2026-05-08 20:32:26;Kellner 5;WAHR;3;cash;;
1263;1413;478;ORDER: CREATED - Bestellung erfasst;B6;Bier 0,5;#fbc02d;Alk;4,5;0;NULL;;2026-05-08 20:32:26;Kellner 5;WAHR;4,5;cash;;
1264;1416;479;ORDER: CREATED - Bestellung erfasst;F3;Sommer spritzer 0,5;#fff176;Alk;4,5;0;NULL;;2026-05-08 20:32:53;Kellner 3;WAHR;4,5;cash;;
1265;1415;479;ORDER: CREATED - Bestellung erfasst;F3;Freibier 0.5;#ffeb3b;Alk;4,5;0;NULL;;2026-05-08 20:32:53;Kellner 3;WAHR;4,5;cash;;
1266;1418;480;ORDER: CREATED - Bestellung erfasst;F8;Bier 0,5;#fbc02d;Alk;4,5;0;NULL;;2026-05-08 20:34:03;Kellner 2;WAHR;4,5;voucher;;
1267;1417;480;ORDER: CREATED - Bestellung erfasst;F8;Bier 0,5;#fbc02d;Alk;4,5;0;NULL;;2026-05-08 20:34:03;Kellner 2;WAHR;4,5;voucher;;
1268;1419;480;ORDER: CREATED - Bestellung erfasst;F8;Bier 0,5;#fbc02d;Alk;4,5;0;NULL;;2026-05-08 20:34:03;Kellner 2;WAHR;4,5;voucher;;
1269;1420;481;ORDER: CREATED - Bestellung erfasst;E7;Bier 0,5;#fbc02d;Alk;4,5;0;NULL;;2026-05-08 20:34:13;Kellner 6;WAHR;4,5;cash;;
1270;1421;481;ORDER: CREATED - Bestellung erfasst;E7;Bier 0,5;#fbc02d;Alk;4,5;0;NULL;;2026-05-08 20:34:13;Kellner 6;WAHR;4,5;cash;;
1271;1422;482;ORDER: CREATED - Bestellung erfasst;B6;Hendl mit Pommes;#0070c0;Essen;12,5;0;NULL;;2026-05-08 20:34:24;Kellner 5;WAHR;12,5;voucher;;76
1272;1423;482;ORDER: CREATED - Bestellung erfasst;B6;Hendl mit Pommes;#0070c0;Essen;12,5;0;NULL;;2026-05-08 20:34:24;Kellner 5;WAHR;12,5;voucher;;76
1273;1424;482;ORDER: CREATED - Bestellung erfasst;B6;Cola 0,33;#004d40;Anti;3;0;NULL;;2026-05-08 20:34:24;Kellner 5;WAHR;3;voucher;;
1274;1425;482;ORDER: CREATED - Bestellung erfasst;B6;Hendl mit Pommes;#0070c0;Essen;12,5;0;NULL;;2026-05-08 20:34:24;Kellner 5;WAHR;12,5;voucher;;76
1275;1427;483;ORDER: CREATED - Bestellung erfasst;H2;Sommer spritzer 0,5;#fff176;Alk;4,5;0;NULL;;2026-05-08 20:34:45;Kellner 4;WAHR;4,5;cash;;
1276;1429;483;ORDER: CREATED - Bestellung erfasst;H2;Sommer spritzer 0,5;#fff176;Alk;4,5;0;NULL;;2026-05-08 20:34:45;Kellner 4;WAHR;4,5;cash;;
1277;1426;483;ORDER: CREATED - Bestellung erfasst;H2;Bier 0,5;#fbc02d;Alk;4,5;0;NULL;;2026-05-08 20:34:45;Kellner 4;WAHR;4,5;cash;;
1278;1428;483;ORDER: CREATED - Bestellung erfasst;H2;Sommer spritzer 0,5;#fff176;Alk;4,5;0;NULL;;2026-05-08 20:34:45;Kellner 4;WAHR;4,5;cash;;
1279;1430;484;ORDER: CREATED - Bestellung erfasst;B4;Bier 0,5;#fbc02d;Alk;4,5;0;NULL;;2026-05-08 20:34:46;Kellner 1;WAHR;4,5;cash;;
1280;1431;485;ORDER: CREATED - Bestellung erfasst;C6;Hendl mit Pommes;#0070c0;Essen;12,5;0;NULL;;2026-05-08 20:34:55;Kellner 5;WAHR;12,5;voucher;;45
1281;1433;486;ORDER: CREATED - Bestellung erfasst;F10;Bier 0,5;#fbc02d;Alk;4,5;0;NULL;;2026-05-08 20:35:32;Kellner 7;WAHR;4,5;cash;;
1282;1432;486;ORDER: CREATED - Bestellung erfasst;F10;Bier 0,5;#fbc02d;Alk;4,5;0;NULL;;2026-05-08 20:35:32;Kellner 7;WAHR;4,5;cash;;
1283;1434;487;ORDER: CREATED - Bestellung erfasst;E5;Sommer spritzer 0,5;#fff176;Alk;4,5;0;NULL;;2026-05-08 20:35:53;Kellner 5;WAHR;4,5;voucher;;
1284;1436;488;ORDER: CREATED - Bestellung erfasst;D7;Freibier 0.5;#ffeb3b;Alk;4,5;0;NULL;;2026-05-08 20:35:54;Kellner 6;WAHR;4,5;voucher;;
1285;1435;488;ORDER: CREATED - Bestellung erfasst;D7;Freibier 0.5;#ffeb3b;Alk;4,5;0;NULL;;2026-05-08 20:35:54;Kellner 6;WAHR;4,5;voucher;;
1286;1437;489;ORDER: CREATED - Bestellung erfasst;E7;Bier 0,5;#fbc02d;Alk;4,5;0;NULL;;2026-05-08 20:36:19;Kellner 6;WAHR;4,5;cash;;
1287;1438;490;ORDER: CREATED - Bestellung erfasst;D4;Bier 0,5;#fbc02d;Alk;4,5;0;NULL;;2026-05-08 20:36:19;Kellner 1;WAHR;4,5;cash;;
1288;1439;491;ORDER: CREATED - Bestellung erfasst;E5;Hendl mit Pommes;#0070c0;Essen;12,5;0;NULL;;2026-05-08 20:36:42;Kellner 5;WAHR;12,5;voucher;;77
1289;1440;492;ORDER: CREATED - Bestellung erfasst;G9;Bier 0,5;#fbc02d;Alk;4,5;0;NULL;;2026-05-08 20:36:44;Kellner 7;WAHR;4,5;cash;;
1290;1442;493;ORDER: CREATED - Bestellung erfasst;D4;Bier 0,5;#fbc02d;Alk;4,5;0;NULL;;2026-05-08 20:36:45;Kellner 1;WAHR;4,5;cash;;
1291;1441;493;ORDER: CREATED - Bestellung erfasst;D4;Sommer spritzer 0,5;#fff176;Alk;4,5;0;NULL;;2026-05-08 20:36:45;Kellner 1;WAHR;4,5;voucher;;
1292;1443;494;ORDER: CREATED - Bestellung erfasst;E7;Bier 0,5;#fbc02d;Alk;4,5;0;NULL;;2026-05-08 20:37:00;Kellner 6;WAHR;4,5;cash;;
1293;1445;495;ORDER: CREATED - Bestellung erfasst;E6;Hendl mit Pommes;#0070c0;Essen;12,5;0;NULL;;2026-05-08 20:37:10;Kellner 5;WAHR;12,5;voucher;;49
1294;1444;495;ORDER: CREATED - Bestellung erfasst;E6;Hendl mit Pommes;#0070c0;Essen;12,5;0;NULL;;2026-05-08 20:37:10;Kellner 5;WAHR;12,5;voucher;;49
1295;1446;495;ORDER: CREATED - Bestellung erfasst;E6;Bier 0,5;#fbc02d;Alk;4,5;0;NULL;;2026-05-08 20:37:10;Kellner 5;WAHR;4,5;cash;;
1296;1447;496;ORDER: CREATED - Bestellung erfasst;E8;Bier 0,5;#fbc02d;Alk;4,5;0;NULL;;2026-05-08 20:37:30;Kellner 6;WAHR;4,5;cash;;
1297;1448;497;ORDER: CREATED - Bestellung erfasst;E4;Bier 0,5;#fbc02d;Alk;4,5;0;NULL;;2026-05-08 20:37:42;Kellner 1;WAHR;4,5;cash;;
1298;1449;498;ORDER: CREATED - Bestellung erfasst;D5;Hendl mit Pommes;#0070c0;Essen;12,5;0;NULL;;2026-05-08 20:38:07;Kellner 5;WAHR;12,5;voucher;;91
1299;1450;498;ORDER: CREATED - Bestellung erfasst;D5;Hendl mit Pommes;#0070c0;Essen;12,5;0;NULL;;2026-05-08 20:38:07;Kellner 5;WAHR;12,5;voucher;;91
1300;1451;499;ORDER: CREATED - Bestellung erfasst;E10;Radler 0,5;#afb42b;Alk;4,5;0;NULL;;2026-05-08 20:38:27;Kellner 7;WAHR;4,5;cash;;
1301;1452;499;ORDER: CREATED - Bestellung erfasst;E10;Bier 0,5;#fbc02d;Alk;4,5;0;NULL;;2026-05-08 20:38:27;Kellner 7;WAHR;4,5;cash;;
1302;1454;500;ORDER: CREATED - Bestellung erfasst;C5;Schnitzel mit Pommes;#827717;Essen;11,5;0;NULL;;2026-05-08 20:38:59;Kellner 5;WAHR;11,5;voucher;;22
1303;1453;500;ORDER: CREATED - Bestellung erfasst;C5;Hendl mit Pommes;#0070c0;Essen;12,5;0;NULL;;2026-05-08 20:38:59;Kellner 5;WAHR;12,5;voucher;;40
1304;1457;501;ORDER: CREATED - Bestellung erfasst;F7;Bier 0,5;#fbc02d;Alk;4,5;0;NULL;;2026-05-08 20:39:02;Kellner 10;WAHR;4,5;voucher;;
1305;1456;501;ORDER: CREATED - Bestellung erfasst;F7;Soda zitron 0,5;#4fc3f7;Anti;3;0;NULL;;2026-05-08 20:39:02;Kellner 10;WAHR;3;voucher;;
1306;1455;501;ORDER: CREATED - Bestellung erfasst;F7;Bier 0,5;#fbc02d;Alk;4,5;0;NULL;;2026-05-08 20:39:02;Kellner 10;WAHR;4,5;voucher;;
1307;1458;502;ORDER: CREATED - Bestellung erfasst;C5;Hendl mit Pommes;#0070c0;Essen;12,5;0;NULL;;2026-05-08 20:39:11;Kellner 5;WAHR;12,5;voucher;;38
1308;1459;503;ORDER: CREATED - Bestellung erfasst;B2;Sommer spritzer 0,5;#fff176;Alk;4,5;0;NULL;;2026-05-08 20:39:17;Kellner 1;WAHR;4,5;voucher;;
1309;1460;504;ORDER: CREATED - Bestellung erfasst;C5;Hendl mit Pommes;#0070c0;Essen;12,5;0;NULL;;2026-05-08 20:39:30;Kellner 5;WAHR;12,5;voucher;;43
1310;1461;504;ORDER: CREATED - Bestellung erfasst;C5;Hendl mit Pommes;#0070c0;Essen;12,5;0;NULL;;2026-05-08 20:39:30;Kellner 5;WAHR;12,5;voucher;;43
1311;1463;505;ORDER: CREATED - Bestellung erfasst;E2;Sommer spritzer 0,5;#fff176;Alk;4,5;0;NULL;;2026-05-08 20:39:33;Kellner 4;WAHR;4,5;cash;;
1312;1462;505;ORDER: CREATED - Bestellung erfasst;E2;Sommer spritzer 0,5;#fff176;Alk;4,5;0;NULL;;2026-05-08 20:39:33;Kellner 4;WAHR;4,5;cash;;
1313;1464;506;ORDER: CREATED - Bestellung erfasst;F7;Bier 0,5;#fbc02d;Alk;4,5;0;NULL;;2026-05-08 20:39:43;Kellner 10;WAHR;4,5;cash;;
1314;1466;507;ORDER: CREATED - Bestellung erfasst;E2;Bier 0,5;#fbc02d;Alk;4,5;0;NULL;;2026-05-08 20:40:07;Kellner 4;WAHR;4,5;cash;;
1315;1465;507;ORDER: CREATED - Bestellung erfasst;E2;Bier 0,5;#fbc02d;Alk;4,5;0;NULL;;2026-05-08 20:40:07;Kellner 4;WAHR;4,5;cash;;
1316;1467;508;ORDER: CREATED - Bestellung erfasst;H8;Bier 0,5;#fbc02d;Alk;4,5;0;NULL;;2026-05-08 20:40:26;Kellner 7;WAHR;4,5;cash;;
1317;1468;509;ORDER: CREATED - Bestellung erfasst;E7;Bier 0,5;#fbc02d;Alk;4,5;0;NULL;;2026-05-08 20:40:37;Kellner 6;WAHR;4,5;cash;;
1318;1469;510;ORDER: CREATED - Bestellung erfasst;H8;Sommer spritzer 0,5;#fff176;Alk;4,5;0;NULL;;2026-05-08 20:40:58;Kellner 7;WAHR;4,5;voucher;;
1319;1472;511;ORDER: CREATED - Bestellung erfasst;F2;Bier 0,5;#fbc02d;Alk;4,5;0;NULL;;2026-05-08 20:40:58;Kellner 4;WAHR;4,5;cash;;
1320;1471;511;ORDER: CREATED - Bestellung erfasst;F2;Bier 0,5;#fbc02d;Alk;4,5;0;NULL;;2026-05-08 20:40:58;Kellner 4;WAHR;4,5;cash;;
1321;1470;511;ORDER: CREATED - Bestellung erfasst;F2;Bier 0,5;#fbc02d;Alk;4,5;0;NULL;;2026-05-08 20:40:58;Kellner 4;WAHR;4,5;cash;;
1322;1473;512;ORDER: CREATED - Bestellung erfasst;E8;Bier 0,5;#fbc02d;Alk;4,5;0;NULL;;2026-05-08 20:41:05;Kellner 6;WAHR;4,5;cash;;
1323;1474;513;ORDER: CREATED - Bestellung erfasst;H8;Sommer spritzer 0,5;#fff176;Alk;4,5;0;NULL;;2026-05-08 20:41:14;Kellner 7;WAHR;4,5;voucher;;
1324;1475;514;ORDER: CREATED - Bestellung erfasst;E9;Bier 0,5;#fbc02d;Alk;4,5;0;NULL;;2026-05-08 20:41:42;Kellner 6;WAHR;4,5;voucher;;
1325;1476;515;ORDER: CREATED - Bestellung erfasst;H8;Sommer spritzer 0,5;#fff176;Alk;4,5;0;NULL;;2026-05-08 20:41:46;Kellner 7;WAHR;4,5;voucher;;
1326;1477;516;ORDER: CREATED - Bestellung erfasst;F1;Bier 0,5;#fbc02d;Alk;4,5;0;NULL;;2026-05-08 20:41:49;Kellner 4;WAHR;4,5;cash;;
1327;1478;517;ORDER: CREATED - Bestellung erfasst;F6;Bier 0,5;#fbc02d;Alk;4,5;0;NULL;;2026-05-08 20:42:02;Kellner 8;WAHR;4,5;free;;
1328;1479;518;ORDER: CREATED - Bestellung erfasst;B8;Bier 0,5;#fbc02d;Alk;4,5;0;NULL;;2026-05-08 20:42:58;Kellner 6;WAHR;4,5;voucher;;
1329;1480;518;ORDER: CREATED - Bestellung erfasst;B8;Sommer spritzer 0,5;#fff176;Alk;4,5;0;NULL;;2026-05-08 20:42:58;Kellner 6;WAHR;4,5;voucher;;
1330;1481;518;ORDER: CREATED - Bestellung erfasst;B8;Sommer spritzer 0,5;#fff176;Alk;4,5;0;NULL;;2026-05-08 20:42:58;Kellner 6;WAHR;4,5;cash;;
1331;1483;519;ORDER: CREATED - Bestellung erfasst;G7;Bier 0,5;#fbc02d;Alk;4,5;0;NULL;;2026-05-08 20:43:10;Kellner 8;WAHR;4,5;cash;;
1332;1482;519;ORDER: CREATED - Bestellung erfasst;G7;Bier 0,5;#fbc02d;Alk;4,5;0;NULL;;2026-05-08 20:43:10;Kellner 8;WAHR;4,5;cash;;
1333;1484;520;ORDER: CREATED - Bestellung erfasst;H8;Sommer spritzer 0,5;#fff176;Alk;4,5;0;NULL;;2026-05-08 20:43:19;Kellner 7;WAHR;4,5;cash;;
1334;1485;521;ORDER: CREATED - Bestellung erfasst;H8;Sommer spritzer 0,5;#fff176;Alk;4,5;0;NULL;;2026-05-08 20:43:49;Kellner 7;WAHR;4,5;free;;
1335;1488;522;ORDER: CREATED - Bestellung erfasst;A4;Sommer spritzer 0,5;#fff176;Alk;4,5;0;NULL;;2026-05-08 20:44:27;Kellner 1;WAHR;4,5;cash;;
1336;1486;522;ORDER: CREATED - Bestellung erfasst;A4;Bier 0,5;#fbc02d;Alk;4,5;0;NULL;;2026-05-08 20:44:27;Kellner 1;WAHR;4,5;cash;;
1337;1487;522;ORDER: CREATED - Bestellung erfasst;A4;Bier 0,5;#fbc02d;Alk;4,5;0;NULL;;2026-05-08 20:44:27;Kellner 1;WAHR;4,5;cash;;
1338;1489;522;ORDER: CREATED - Bestellung erfasst;A4;Sommer spritzer 0,5;#fff176;Alk;4,5;0;NULL;;2026-05-08 20:44:27;Kellner 1;WAHR;4,5;cash;;
1339;1490;523;ORDER: CREATED - Bestellung erfasst;D5;Hendl mit Pommes;#0070c0;Essen;12,5;0;NULL;;2026-05-08 20:44:44;Kellner 6;WAHR;12,5;voucher;;6
1340;1491;524;ORDER: CREATED - Bestellung erfasst;C5;Grillwürstel mit Pommes;#8bc34a;Essen;8;0;NULL;;2026-05-08 20:44:55;Kellner 6;WAHR;8;voucher;;60
1341;1492;525;ORDER: CREATED - Bestellung erfasst;C6;Hendl mit Pommes;#0070c0;Essen;12,5;0;NULL;;2026-05-08 20:45:12;Kellner 6;WAHR;12,5;voucher;;118
1342;1493;525;ORDER: CREATED - Bestellung erfasst;C6;Sommer spritzer 0,5;#fff176;Alk;4,5;0;NULL;;2026-05-08 20:45:12;Kellner 6;WAHR;4,5;voucher;;
1343;1494;526;ORDER: CREATED - Bestellung erfasst;F4;Freibier 0.5;#ffeb3b;Alk;4,5;0;NULL;;2026-05-08 20:45:18;Kellner 3;WAHR;4,5;cash;;
1344;1495;527;ORDER: CREATED - Bestellung erfasst;F4;Freibier 0.5;#ffeb3b;Alk;4,5;0;NULL;;2026-05-08 20:45:30;Kellner 3;WAHR;4,5;cash;;
1345;1497;528;ORDER: CREATED - Bestellung erfasst;E5;Hendl mit Pommes;#0070c0;Essen;12,5;0;NULL;;2026-05-08 20:45:45;Kellner 5;WAHR;12,5;voucher;;84
1346;1496;528;ORDER: CREATED - Bestellung erfasst;E5;Hendl mit Pommes;#0070c0;Essen;12,5;0;NULL;;2026-05-08 20:45:45;Kellner 5;WAHR;12,5;voucher;;84
1347;1498;528;ORDER: CREATED - Bestellung erfasst;E5;Hendl mit Pommes;#0070c0;Essen;12,5;0;NULL;;2026-05-08 20:45:45;Kellner 5;WAHR;12,5;voucher;;84
1348;1499;529;ORDER: CREATED - Bestellung erfasst;H2;Bier 0,5;#fbc02d;Alk;4,5;0;NULL;;2026-05-08 20:45:56;Kellner 4;WAHR;4,5;cash;;
1349;1500;530;ORDER: CREATED - Bestellung erfasst;E5;Bier 0,5;#fbc02d;Alk;4,5;0;NULL;;2026-05-08 20:46:01;Kellner 5;WAHR;4,5;cash;;
1350;1501;530;ORDER: CREATED - Bestellung erfasst;E5;Hendl mit Pommes;#0070c0;Essen;12,5;0;NULL;;2026-05-08 20:46:01;Kellner 5;WAHR;12,5;voucher;;96
1351;1502;531;ORDER: CREATED - Bestellung erfasst;B5;Kaffee;#bf360c;Anti;3;0;NULL;;2026-05-08 20:46:02;Kellner 7;WAHR;3;free;;
1352;1503;532;ORDER: CREATED - Bestellung erfasst;I4;Soda zitron 0,5;#4fc3f7;Anti;3;0;NULL;;2026-05-08 20:46:06;Kellner 8;WAHR;3;cash;;
1353;1504;532;ORDER: CREATED - Bestellung erfasst;I4;Bier 0,5;#fbc02d;Alk;4,5;0;NULL;;2026-05-08 20:46:06;Kellner 8;WAHR;4,5;cash;;
1354;1505;533;ORDER: CREATED - Bestellung erfasst;B1;Bier 0,5;#fbc02d;Alk;4,5;0;NULL;;2026-05-08 20:46:20;Kellner 9;WAHR;4,5;cash;;
1355;1506;534;ORDER: CREATED - Bestellung erfasst;A2;Sommer spritzer 0,5;#fff176;Alk;4,5;0;NULL;;2026-05-08 20:46:22;Kellner 1;WAHR;4,5;cash;;
1356;1508;535;ORDER: CREATED - Bestellung erfasst;F6;Grillwürstel mit Pommes;#8bc34a;Essen;8;0;NULL;;2026-05-08 20:46:27;Kellner 10;WAHR;8;cash;;96
1357;1507;535;ORDER: CREATED - Bestellung erfasst;F6;Bier 0,5;#fbc02d;Alk;4,5;0;NULL;;2026-05-08 20:46:27;Kellner 10;WAHR;4,5;cash;;
1358;1509;536;ORDER: CREATED - Bestellung erfasst;B2;Radler 0,5;#afb42b;Alk;4,5;0;NULL;;2026-05-08 20:46:53;Kellner 1;WAHR;4,5;cash;;
1359;1521;537;ORDER: CREATED - Bestellung erfasst;B1;Gemüselaibchen mit Salat;#ffeb3b;Essen;9;0;NULL;;2026-05-08 20:46:54;Kellner 2;WAHR;9;voucher;;66
1360;1522;537;ORDER: CREATED - Bestellung erfasst;B1;Hendl mit Pommes;#0070c0;Essen;12,5;0;NULL;;2026-05-08 20:46:54;Kellner 2;WAHR;12,5;voucher;;150
1361;1523;537;ORDER: CREATED - Bestellung erfasst;B1;Hendl mit Pommes;#0070c0;Essen;12,5;0;NULL;;2026-05-08 20:46:54;Kellner 2;WAHR;12,5;voucher;;150
1362;1516;537;ORDER: CREATED - Bestellung erfasst;B1;Hendl mit Pommes;#0070c0;Essen;12,5;0;NULL;;2026-05-08 20:46:54;Kellner 2;WAHR;12,5;voucher;;97
1363;1529;537;ORDER: CREATED - Bestellung erfasst;B1;Backhendl Salat;#4fc3f7;Essen;9;0;NULL;;2026-05-08 20:46:54;Kellner 2;WAHR;9;voucher;;134
1364;1517;537;ORDER: CREATED - Bestellung erfasst;B1;Backhendl Salat;#4fc3f7;Essen;9;0;NULL;;2026-05-08 20:46:54;Kellner 2;WAHR;9;voucher;;134
1365;1510;537;ORDER: CREATED - Bestellung erfasst;B1;Gemüselaibchen mit Salat;#ffeb3b;Essen;9;0;NULL;;2026-05-08 20:46:54;Kellner 2;WAHR;9;voucher;;66
1366;1524;537;ORDER: CREATED - Bestellung erfasst;B1;Hendl mit Pommes;#0070c0;Essen;12,5;0;NULL;;2026-05-08 20:46:54;Kellner 2;WAHR;12,5;voucher;;150
1367;1525;537;ORDER: CREATED - Bestellung erfasst;B1;Hendl mit Pommes;#0070c0;Essen;12,5;0;NULL;;2026-05-08 20:46:54;Kellner 2;WAHR;12,5;voucher;;163
1368;1526;537;ORDER: CREATED - Bestellung erfasst;B1;Pommes;#ffc000;Essen;3,5;0;NULL;;2026-05-08 20:46:54;Kellner 2;WAHR;3,5;voucher;;138
1369;1527;537;ORDER: CREATED - Bestellung erfasst;B1;Schnitzel mit Pommes;#827717;Essen;11,5;0;NULL;;2026-05-08 20:46:54;Kellner 2;WAHR;11,5;voucher;;66
1370;1528;537;ORDER: CREATED - Bestellung erfasst;B1;Hendl mit Pommes;#0070c0;Essen;12,5;0;NULL;;2026-05-08 20:46:54;Kellner 2;WAHR;12,5;voucher;;163
1371;1520;537;ORDER: CREATED - Bestellung erfasst;B1;Hendl mit Pommes;#0070c0;Essen;12,5;0;NULL;;2026-05-08 20:46:54;Kellner 2;WAHR;12,5;voucher;;150
1372;1515;537;ORDER: CREATED - Bestellung erfasst;B1;Backhendl Salat;#4fc3f7;Essen;9;0;NULL;;2026-05-08 20:46:54;Kellner 2;WAHR;9;voucher;;86
1373;1519;537;ORDER: CREATED - Bestellung erfasst;B1;Hendl mit Pommes;#0070c0;Essen;12,5;0;NULL;;2026-05-08 20:46:54;Kellner 2;WAHR;12,5;voucher;;97
1374;1518;537;ORDER: CREATED - Bestellung erfasst;B1;Hendl mit Pommes;#0070c0;Essen;12,5;0;NULL;;2026-05-08 20:46:54;Kellner 2;WAHR;12,5;voucher;;97
1375;1511;537;ORDER: CREATED - Bestellung erfasst;B1;Hendl mit Pommes;#0070c0;Essen;12,5;0;NULL;;2026-05-08 20:46:54;Kellner 2;WAHR;12,5;voucher;;44
1376;1512;537;ORDER: CREATED - Bestellung erfasst;B1;Hendl mit Pommes;#0070c0;Essen;12,5;0;NULL;;2026-05-08 20:46:54;Kellner 2;WAHR;12,5;voucher;;44
1377;1513;537;ORDER: CREATED - Bestellung erfasst;B1;Hendl mit Pommes;#0070c0;Essen;12,5;0;NULL;;2026-05-08 20:46:54;Kellner 2;WAHR;12,5;voucher;;97
1378;1514;537;ORDER: CREATED - Bestellung erfasst;B1;Backhendl Salat;#4fc3f7;Essen;9;0;NULL;;2026-05-08 20:46:54;Kellner 2;WAHR;9;voucher;;22
1379;1531;538;ORDER: CREATED - Bestellung erfasst;E6;Radler 0,5;#afb42b;Alk;4,5;0;NULL;;2026-05-08 20:46:59;Kellner 5;WAHR;4,5;voucher;;
1380;1530;538;ORDER: CREATED - Bestellung erfasst;E6;Backhendl Salat;#4fc3f7;Essen;9;0;NULL;;2026-05-08 20:46:59;Kellner 5;WAHR;9;voucher;;128
1381;1532;539;ORDER: CREATED - Bestellung erfasst;C4;Mineral 0,33;#b3e5fc;Anti;2,5;0;NULL;;2026-05-08 20:47:02;Kellner 7;WAHR;2,5;cash;;
1382;1533;540;ORDER: CREATED - Bestellung erfasst;B1;Bier 0,5;#fbc02d;Alk;4,5;0;NULL;;2026-05-08 20:47:13;Kellner 9;WAHR;4,5;cash;;
1383;1534;540;ORDER: CREATED - Bestellung erfasst;B1;Bier 0,5;#fbc02d;Alk;4,5;0;NULL;;2026-05-08 20:47:13;Kellner 9;WAHR;4,5;cash;;
1384;1536;541;ORDER: CREATED - Bestellung erfasst;C6;Schnitzelsemmerl;#f57f17;Essen;4,5;0;NULL;;2026-05-08 20:47:29;Kellner 6;WAHR;4,5;voucher;;50
1385;1535;541;ORDER: CREATED - Bestellung erfasst;C6;Grillwürstel mit Pommes;#8bc34a;Essen;8;0;NULL;;2026-05-08 20:47:29;Kellner 6;WAHR;8;voucher;;174
1386;1537;541;ORDER: CREATED - Bestellung erfasst;C6;Radler 0,5;#afb42b;Alk;4,5;0;NULL;;2026-05-08 20:47:29;Kellner 6;WAHR;4,5;voucher;;
1387;1540;542;ORDER: CREATED - Bestellung erfasst;D5;Hendl mit Pommes;#0070c0;Essen;12,5;0;NULL;;2026-05-08 20:47:31;Kellner 5;WAHR;12,5;voucher;;126
1388;1538;542;ORDER: CREATED - Bestellung erfasst;D5;Bier 0,5;#fbc02d;Alk;4,5;0;NULL;;2026-05-08 20:47:31;Kellner 5;WAHR;4,5;cash;;
1389;1539;542;ORDER: CREATED - Bestellung erfasst;D5;Bier 0,5;#fbc02d;Alk;4,5;0;NULL;;2026-05-08 20:47:31;Kellner 5;WAHR;4,5;cash;;
1390;1541;542;ORDER: CREATED - Bestellung erfasst;D5;Hendl mit Pommes;#0070c0;Essen;12,5;0;NULL;;2026-05-08 20:47:31;Kellner 5;WAHR;12,5;voucher;;188
1391;1542;543;ORDER: CREATED - Bestellung erfasst;H4;Freibier 0.5;#ffeb3b;Alk;4,5;0;NULL;;2026-05-08 20:47:33;Kellner 3;WAHR;4,5;cash;;
1392;1543;544;ORDER: CREATED - Bestellung erfasst;C8;Schnitzelsemmerl;#f57f17;Essen;4,5;0;NULL;;2026-05-08 20:48:22;Kellner 10;WAHR;4,5;cash;;68
1393;1544;545;ORDER: CREATED - Bestellung erfasst;E3;Bier 0,5;#fbc02d;Alk;4,5;0;NULL;;2026-05-08 20:48:36;Kellner 1;WAHR;4,5;cash;;
1394;1545;546;ORDER: CREATED - Bestellung erfasst;B5;Sommer spritzer 0,5;#fff176;Alk;4,5;0;NULL;;2026-05-08 20:48:44;Kellner 5;WAHR;4,5;cash;;
1395;1546;547;ORDER: CREATED - Bestellung erfasst;B5;Bier 0,5;#fbc02d;Alk;4,5;0;NULL;;2026-05-08 20:48:50;Kellner 5;WAHR;4,5;cash;;
1396;1549;548;ORDER: CREATED - Bestellung erfasst;C4;Bier 0,5;#fbc02d;Alk;4,5;0;NULL;;2026-05-08 20:49:28;Kellner 1;WAHR;4,5;cash;;
1397;1547;548;ORDER: CREATED - Bestellung erfasst;C4;Bier 0,5;#fbc02d;Alk;4,5;0;NULL;;2026-05-08 20:49:28;Kellner 1;WAHR;4,5;cash;;
1398;1548;548;ORDER: CREATED - Bestellung erfasst;C4;Bier 0,5;#fbc02d;Alk;4,5;0;NULL;;2026-05-08 20:49:28;Kellner 1;WAHR;4,5;cash;;
1399;1550;548;ORDER: CREATED - Bestellung erfasst;C4;Bier 0,5;#fbc02d;Alk;4,5;0;NULL;;2026-05-08 20:49:28;Kellner 1;WAHR;4,5;cash;;
1400;1551;549;ORDER: CREATED - Bestellung erfasst;E8;Radler 0,5;#afb42b;Alk;4,5;0;NULL;;2026-05-08 20:49:30;Kellner 10;WAHR;4,5;cash;;
1401;1553;550;ORDER: CREATED - Bestellung erfasst;A2;Backhendl Salat;#4fc3f7;Essen;9;0;NULL;;2026-05-08 20:49:50;Kellner 2;WAHR;9;voucher;;40
1402;1552;550;ORDER: CREATED - Bestellung erfasst;A2;Backhendl Salat;#4fc3f7;Essen;9;0;NULL;;2026-05-08 20:49:50;Kellner 2;WAHR;9;voucher;;40
1403;1555;550;ORDER: CREATED - Bestellung erfasst;A2;Hendl mit Pommes;#0070c0;Essen;12,5;0;NULL;;2026-05-08 20:49:50;Kellner 2;WAHR;12,5;voucher;;170
1404;1556;550;ORDER: CREATED - Bestellung erfasst;A2;Backhendl Salat;#4fc3f7;Essen;9;0;NULL;;2026-05-08 20:49:50;Kellner 2;WAHR;9;voucher;;65
1405;1557;550;ORDER: CREATED - Bestellung erfasst;A2;Hendl mit Pommes;#0070c0;Essen;12,5;0;NULL;;2026-05-08 20:49:50;Kellner 2;WAHR;12,5;voucher;;170
1406;1554;550;ORDER: CREATED - Bestellung erfasst;A2;Hendl mit Pommes;#0070c0;Essen;12,5;0;NULL;;2026-05-08 20:49:50;Kellner 2;WAHR;12,5;voucher;;49
1407;1559;551;ORDER: CREATED - Bestellung erfasst;D10;Limo Orange 0,33;#ffc107;Anti;3;0;NULL;;2026-05-08 20:50:00;Kellner 9;WAHR;3;cash;;
1408;1558;551;ORDER: CREATED - Bestellung erfasst;D10;Cola 0,33;#004d40;Anti;3;0;NULL;;2026-05-08 20:50:00;Kellner 9;WAHR;3;cash;;
1409;1560;552;ORDER: CREATED - Bestellung erfasst;G8;Bier 0,5;#fbc02d;Alk;4,5;0;NULL;;2026-05-08 20:50:08;Kellner 7;WAHR;4,5;cash;;
1410;1562;553;ORDER: CREATED - Bestellung erfasst;E6;Backhendl Salat;#4fc3f7;Essen;9;0;NULL;;2026-05-08 20:50:18;Kellner 6;WAHR;9;voucher;;58
1411;1561;553;ORDER: CREATED - Bestellung erfasst;E6;Soda zitron 0,5;#4fc3f7;Anti;3;0;NULL;;2026-05-08 20:50:18;Kellner 6;WAHR;3;voucher;;
1412;1565;554;ORDER: CREATED - Bestellung erfasst;B6;Bier 0,5;#fbc02d;Alk;4,5;0;NULL;;2026-05-08 20:50:36;Kellner 5;WAHR;4,5;cash;;
1413;1563;554;ORDER: CREATED - Bestellung erfasst;B6;Bier 0,5;#fbc02d;Alk;4,5;0;NULL;;2026-05-08 20:50:36;Kellner 5;WAHR;4,5;cash;;
1414;1564;554;ORDER: CREATED - Bestellung erfasst;B6;Bier 0,5;#fbc02d;Alk;4,5;0;NULL;;2026-05-08 20:50:36;Kellner 5;WAHR;4,5;cash;;
1415;1567;555;ORDER: CREATED - Bestellung erfasst;E6;Sommer spritzer 0,5;#fff176;Alk;4,5;0;NULL;;2026-05-08 20:50:36;Kellner 6;WAHR;4,5;voucher;;
1416;1566;555;ORDER: CREATED - Bestellung erfasst;E6;Schnitzelsemmerl;#f57f17;Essen;4,5;0;NULL;;2026-05-08 20:50:36;Kellner 6;WAHR;4,5;voucher;;51
1417;1568;556;ORDER: CREATED - Bestellung erfasst;E2;Bier 0,5;#fbc02d;Alk;4,5;0;NULL;;2026-05-08 20:50:42;Kellner 2;WAHR;4,5;cash;;
1418;1569;557;ORDER: CREATED - Bestellung erfasst;D10;Schnitzelsemmerl;#f57f17;Essen;4,5;0;NULL;;2026-05-08 20:50:46;Kellner 9;WAHR;4,5;cash;;41
1419;1570;558;ORDER: CREATED - Bestellung erfasst;G8;Soda zitron 0,5;#4fc3f7;Anti;3;0;NULL;;2026-05-08 20:50:57;Kellner 7;WAHR;3;cash;;
1420;1571;559;ORDER: CREATED - Bestellung erfasst;E7;Bier 0,5;#fbc02d;Alk;4,5;0;NULL;;2026-05-08 20:51:03;Kellner 6;WAHR;4,5;cash;;
1421;1572;560;ORDER: CREATED - Bestellung erfasst;E7;Bier 0,5;#fbc02d;Alk;4,5;0;NULL;;2026-05-08 20:51:21;Kellner 6;WAHR;4,5;cash;;
1422;1573;561;ORDER: CREATED - Bestellung erfasst;D2;Sommer spritzer 0,5;#fff176;Alk;4,5;0;NULL;;2026-05-08 20:51:31;Kellner 2;WAHR;4,5;voucher;;
1423;1574;562;ORDER: CREATED - Bestellung erfasst;E7;Bier 0,5;#fbc02d;Alk;4,5;0;NULL;;2026-05-08 20:51:46;Kellner 6;WAHR;4,5;voucher;;
1424;1577;563;ORDER: CREATED - Bestellung erfasst;I5;Bier 0,5;#fbc02d;Alk;4,5;0;NULL;;2026-05-08 20:51:50;Kellner 8;WAHR;4,5;voucher;;
1425;1579;563;ORDER: CANCELED - Bestellung STORNO;I5;Bier 0,5;#fbc02d;Alk;4,5;0;NULL;;2026-05-08 20:51:50;Kellner 8;FALSCH;0;;;
1426;1578;563;ORDER: CREATED - Bestellung erfasst;I5;Sommer spritzer 0,5;#fff176;Alk;4,5;0;NULL;;2026-05-08 20:51:50;Kellner 8;WAHR;4,5;voucher;;
1427;1575;563;ORDER: CREATED - Bestellung erfasst;I5;Bier 0,5;#fbc02d;Alk;4,5;0;NULL;;2026-05-08 20:51:50;Kellner 8;WAHR;4,5;voucher;;
1428;1576;563;ORDER: CREATED - Bestellung erfasst;I5;Bier 0,5;#fbc02d;Alk;4,5;0;NULL;;2026-05-08 20:51:50;Kellner 8;WAHR;4,5;voucher;;
1429;1580;564;ORDER: CREATED - Bestellung erfasst;C5;Radler 0,5;#afb42b;Alk;4,5;0;NULL;;2026-05-08 20:51:52;Kellner 5;WAHR;4,5;voucher;;
1430;1582;565;ORDER: CREATED - Bestellung erfasst;I6;Radler 0,5;#afb42b;Alk;4,5;0;NULL;;2026-05-08 20:51:52;Kellner 10;WAHR;4,5;voucher;;
1431;1581;565;ORDER: CREATED - Bestellung erfasst;I6;Bier 0,5;#fbc02d;Alk;4,5;0;NULL;;2026-05-08 20:51:52;Kellner 10;WAHR;4,5;voucher;;
1432;1583;565;ORDER: CREATED - Bestellung erfasst;I6;Sommer spritzer 0,5;#fff176;Alk;4,5;0;NULL;;2026-05-08 20:51:52;Kellner 10;WAHR;4,5;voucher;;
1433;1584;566;ORDER: CREATED - Bestellung erfasst;B9;Mineral 0,33;#b3e5fc;Anti;2,5;0;NULL;;2026-05-08 20:52:22;Kellner 9;WAHR;2,5;cash;;
1434;1585;567;ORDER: CREATED - Bestellung erfasst;E6;Bier 0,5;#fbc02d;Alk;4,5;0;NULL;;2026-05-08 20:52:35;Kellner 5;WAHR;4,5;cash;;
1435;1586;568;ORDER: CREATED - Bestellung erfasst;G10;Sommer spritzer 0,5;#fff176;Alk;4,5;0;NULL;;2026-05-08 20:52:39;Kellner 7;WAHR;4,5;cash;;
1436;1588;568;ORDER: CREATED - Bestellung erfasst;G10;Sommer spritzer 0,5;#fff176;Alk;4,5;0;NULL;;2026-05-08 20:52:39;Kellner 7;WAHR;4,5;cash;;
1437;1587;568;ORDER: CREATED - Bestellung erfasst;G10;Sommer spritzer 0,5;#fff176;Alk;4,5;0;NULL;;2026-05-08 20:52:39;Kellner 7;WAHR;4,5;cash;;
1438;1589;569;ORDER: CREATED - Bestellung erfasst;I5;Radler 0,5;#afb42b;Alk;4,5;0;NULL;;2026-05-08 20:52:50;Kellner 8;WAHR;4,5;voucher;;
1439;1590;570;ORDER: CREATED - Bestellung erfasst;B4;Sommer spritzer 0,5;#fff176;Alk;4,5;0;NULL;;2026-05-08 20:53:04;Kellner 6;WAHR;4,5;cash;;
1440;1594;571;ORDER: CREATED - Bestellung erfasst;E5;Bier 0,5;#fbc02d;Alk;4,5;0;NULL;;2026-05-08 20:53:38;Kellner 6;WAHR;4,5;cash;;
1441;1592;571;ORDER: CREATED - Bestellung erfasst;E5;Hendl mit Pommes;#0070c0;Essen;12,5;0;NULL;;2026-05-08 20:53:38;Kellner 6;WAHR;12,5;voucher;;76
1442;1591;571;ORDER: CREATED - Bestellung erfasst;E5;Hendl mit Pommes;#0070c0;Essen;12,5;0;NULL;;2026-05-08 20:53:38;Kellner 6;WAHR;12,5;voucher;;52
1443;1593;571;ORDER: CREATED - Bestellung erfasst;E5;Bier 0,5;#fbc02d;Alk;4,5;0;NULL;;2026-05-08 20:53:38;Kellner 6;WAHR;4,5;cash;;
1444;1596;572;ORDER: CREATED - Bestellung erfasst;H10;Hendl mit Pommes;#0070c0;Essen;12,5;0;NULL;;2026-05-08 20:53:56;Kellner 9;WAHR;12,5;cash;;58
1445;1595;572;ORDER: CREATED - Bestellung erfasst;H10;Bier 0,5;#fbc02d;Alk;4,5;0;NULL;;2026-05-08 20:53:56;Kellner 9;WAHR;4,5;cash;;
1446;1597;573;ORDER: CREATED - Bestellung erfasst;E2;Bier 0,5;#fbc02d;Alk;4,5;0;NULL;;2026-05-08 20:54:48;Kellner 4;WAHR;4,5;cash;;
1447;1598;574;ORDER: CREATED - Bestellung erfasst;C2;Bier 0,5;#fbc02d;Alk;4,5;0;NULL;;2026-05-08 20:54:50;Kellner 2;WAHR;4,5;voucher;;
1448;1599;575;ORDER: CREATED - Bestellung erfasst;B2;Sommer spritzer 0,5;#fff176;Alk;4,5;0;NULL;;2026-05-08 20:55:15;Kellner 2;WAHR;4,5;voucher;;
1449;1600;576;ORDER: CREATED - Bestellung erfasst;D10;Sommer spritzer 0,5;#fff176;Alk;4,5;0;NULL;;2026-05-08 20:55:15;Kellner 10;WAHR;4,5;voucher;;
1450;1601;576;ORDER: CREATED - Bestellung erfasst;D10;Sommer spritzer 0,5;#fff176;Alk;4,5;0;NULL;;2026-05-08 20:55:15;Kellner 10;WAHR;4,5;voucher;;
1451;1602;577;ORDER: CREATED - Bestellung erfasst;C6;Bier 0,5;#fbc02d;Alk;4,5;0;NULL;;2026-05-08 20:55:46;Kellner 6;WAHR;4,5;cash;;
1452;1603;577;ORDER: CREATED - Bestellung erfasst;C6;Bier 0,5;#fbc02d;Alk;4,5;0;NULL;;2026-05-08 20:55:46;Kellner 6;WAHR;4,5;cash;;
1453;1604;578;ORDER: CREATED - Bestellung erfasst;G10;Almdudler 0,33;#fbc02d;Anti;3;0;NULL;;2026-05-08 20:55:59;Kellner 7;WAHR;3;free;;
1454;1605;579;ORDER: CREATED - Bestellung erfasst;D5;Bier 0,5;#fbc02d;Alk;4,5;0;NULL;;2026-05-08 20:56:04;Kellner 1;WAHR;4,5;cash;;
1455;1606;579;ORDER: CREATED - Bestellung erfasst;D5;Bier 0,5;#fbc02d;Alk;4,5;0;NULL;;2026-05-08 20:56:04;Kellner 1;WAHR;4,5;cash;;
1456;1607;579;ORDER: CREATED - Bestellung erfasst;D5;Bier 0,5;#fbc02d;Alk;4,5;0;NULL;;2026-05-08 20:56:04;Kellner 1;WAHR;4,5;cash;;
1457;1609;580;ORDER: CREATED - Bestellung erfasst;F3;Sommer spritzer 0,5;#fff176;Alk;4,5;0;NULL;;2026-05-08 20:56:19;Kellner 3;WAHR;4,5;cash;;
1458;1610;580;ORDER: CREATED - Bestellung erfasst;F3;Soda zitron 0,5;#4fc3f7;Anti;3;0;NULL;;2026-05-08 20:56:19;Kellner 3;WAHR;3;cash;;
1459;1608;580;ORDER: CREATED - Bestellung erfasst;F3;Bier 0,5;#fbc02d;Alk;4,5;0;NULL;;2026-05-08 20:56:19;Kellner 3;WAHR;4,5;cash;;
1460;1611;581;ORDER: CREATED - Bestellung erfasst;E6;Cola 0,33;#004d40;Anti;3;0;NULL;;2026-05-08 20:56:41;Kellner 5;WAHR;3;voucher;;
1461;1612;582;ORDER: CREATED - Bestellung erfasst;A3;Grillwürstel mit Pommes;#8bc34a;Essen;8;0;NULL;;2026-05-08 20:56:45;Kellner 1;WAHR;8;voucher;;42
1462;1614;582;ORDER: CREATED - Bestellung erfasst;A3;Backhendl Salat;#4fc3f7;Essen;9;0;NULL;;2026-05-08 20:56:45;Kellner 1;WAHR;9;voucher;;27
1463;1613;582;ORDER: CREATED - Bestellung erfasst;A3;Backhendl Salat;#4fc3f7;Essen;9;0;NULL;;2026-05-08 20:56:45;Kellner 1;WAHR;9;voucher;;27
1464;1615;583;ORDER: CREATED - Bestellung erfasst;F2;Pommes;#ffc000;Essen;3,5;0;NULL;;2026-05-08 20:57:09;Kellner 4;WAHR;3,5;cash;;38
1465;1616;584;ORDER: CREATED - Bestellung erfasst;F3;Bier 0,5;#fbc02d;Alk;4,5;0;NULL;;2026-05-08 20:57:42;Kellner 3;WAHR;4,5;cash;;
1466;1618;585;ORDER: CREATED - Bestellung erfasst;E4;Almdudler 0,33;#fbc02d;Anti;3;0;NULL;;2026-05-08 20:57:50;Kellner 1;WAHR;3;cash;;
1467;1617;585;ORDER: CREATED - Bestellung erfasst;E4;Sommer spritzer 0,5;#fff176;Alk;4,5;0;NULL;;2026-05-08 20:57:50;Kellner 1;WAHR;4,5;voucher;;
1468;1619;586;ORDER: CREATED - Bestellung erfasst;B4;Bier 0,5;#fbc02d;Alk;4,5;0;NULL;;2026-05-08 20:58:05;Kellner 6;WAHR;4,5;voucher;;
1469;1620;587;ORDER: CREATED - Bestellung erfasst;E8;Radler 0,5;#afb42b;Alk;4,5;0;NULL;;2026-05-08 20:58:07;Kellner 5;WAHR;4,5;cash;;
1470;1621;588;ORDER: CREATED - Bestellung erfasst;I1;Bier 0,5;#fbc02d;Alk;4,5;0;NULL;;2026-05-08 20:59:54;Kellner 4;WAHR;4,5;cash;;
1471;1622;589;ORDER: CREATED - Bestellung erfasst;E7;Sommer spritzer 0,5;#fff176;Alk;4,5;0;NULL;;2026-05-08 21:00:28;Kellner 10;WAHR;4,5;cash;;
1472;1623;590;ORDER: CREATED - Bestellung erfasst;F6;Mineral 0,33;#b3e5fc;Anti;2,5;0;NULL;;2026-05-08 21:00:59;Kellner 7;WAHR;2,5;cash;;
1473;1625;591;ORDER: CREATED - Bestellung erfasst;E7;Bier 0,5;#fbc02d;Alk;4,5;0;NULL;;2026-05-08 21:01:15;Kellner 10;WAHR;4,5;cash;;
1474;1624;591;ORDER: CREATED - Bestellung erfasst;E7;Bier 0,5;#fbc02d;Alk;4,5;0;NULL;;2026-05-08 21:01:15;Kellner 10;WAHR;4,5;cash;;
1475;1626;591;ORDER: CREATED - Bestellung erfasst;E7;Bier 0,5;#fbc02d;Alk;4,5;0;NULL;;2026-05-08 21:01:15;Kellner 10;WAHR;4,5;cash;;
1476;1627;592;ORDER: CREATED - Bestellung erfasst;F4;Soda zitron 0,5;#4fc3f7;Anti;3;0;NULL;;2026-05-08 21:02:03;Kellner 7;WAHR;3;cash;;
1477;1628;593;ORDER: CREATED - Bestellung erfasst;E9;Bier 0,5;#fbc02d;Alk;4,5;0;NULL;;2026-05-08 21:02:14;Kellner 10;WAHR;4,5;cash;;
1478;1629;594;ORDER: CREATED - Bestellung erfasst;C4;Bier 0,5;#fbc02d;Alk;4,5;0;NULL;;2026-05-08 21:03:16;Kellner 3;WAHR;4,5;cash;;
1479;1631;595;ORDER: CREATED - Bestellung erfasst;G9;Bier 0,5;#fbc02d;Alk;4,5;0;NULL;;2026-05-08 21:03:18;Kellner 10;WAHR;4,5;cash;;
1480;1630;595;ORDER: CREATED - Bestellung erfasst;G9;Bier 0,5;#fbc02d;Alk;4,5;0;NULL;;2026-05-08 21:03:18;Kellner 10;WAHR;4,5;cash;;
1481;1632;596;ORDER: CREATED - Bestellung erfasst;F7;Sommer spritzer 0,5;#fff176;Alk;4,5;0;NULL;;2026-05-08 21:03:19;Kellner 6;WAHR;4,5;voucher;;
1482;1633;597;ORDER: CREATED - Bestellung erfasst;G9;Bier 0,5;#fbc02d;Alk;4,5;0;NULL;;2026-05-08 21:03:40;Kellner 10;WAHR;4,5;cash;;
1483;1634;598;ORDER: CREATED - Bestellung erfasst;B4;Sommer spritzer 0,5;#fff176;Alk;4,5;0;NULL;;2026-05-08 21:04:36;Kellner 1;WAHR;4,5;cash;;
1484;1638;599;ORDER: CREATED - Bestellung erfasst;B6;Bier 0,5;#fbc02d;Alk;4,5;0;NULL;;2026-05-08 21:04:49;Kellner 5;WAHR;4,5;cash;;
1485;1636;599;ORDER: CREATED - Bestellung erfasst;B6;Bier 0,5;#fbc02d;Alk;4,5;0;NULL;;2026-05-08 21:04:49;Kellner 5;WAHR;4,5;cash;;
1486;1637;599;ORDER: CREATED - Bestellung erfasst;B6;Bier 0,5;#fbc02d;Alk;4,5;0;NULL;;2026-05-08 21:04:49;Kellner 5;WAHR;4,5;cash;;
1487;1635;599;ORDER: CREATED - Bestellung erfasst;B6;Bier 0,5;#fbc02d;Alk;4,5;0;NULL;;2026-05-08 21:04:49;Kellner 5;WAHR;4,5;cash;;
1488;1639;600;ORDER: CREATED - Bestellung erfasst;E10;Bier 0,5;#fbc02d;Alk;4,5;0;NULL;;2026-05-08 21:04:54;Kellner 10;WAHR;4,5;cash;;
1489;1640;601;ORDER: CREATED - Bestellung erfasst;E4;Bier 0,5;#fbc02d;Alk;4,5;0;NULL;;2026-05-08 21:05:25;Kellner 1;WAHR;4,5;cash;;
1490;1641;602;ORDER: CREATED - Bestellung erfasst;C2;Bier 0,5;#fbc02d;Alk;4,5;0;NULL;;2026-05-08 21:05:26;Kellner 7;WAHR;4,5;cash;;
1491;1642;603;ORDER: CREATED - Bestellung erfasst;C5;Sommer spritzer 0,5;#fff176;Alk;4,5;0;NULL;;2026-05-08 21:05:42;Kellner 6;WAHR;4,5;voucher;;
1492;1643;604;ORDER: CREATED - Bestellung erfasst;C5;Radler 0,5;#afb42b;Alk;4,5;0;NULL;;2026-05-08 21:05:59;Kellner 6;WAHR;4,5;voucher;;
1493;1644;605;ORDER: CREATED - Bestellung erfasst;B1;Sommer spritzer 0,5;#fff176;Alk;4,5;0;NULL;;2026-05-08 21:05:59;Kellner 2;WAHR;4,5;cash;;
1494;1645;606;ORDER: CREATED - Bestellung erfasst;I1;Bier 0,5;#fbc02d;Alk;4,5;0;NULL;;2026-05-08 21:06:15;Kellner 4;WAHR;4,5;cash;;
1495;1647;607;ORDER: CREATED - Bestellung erfasst;B9;Sommer spritzer 0,5;#fff176;Alk;4,5;0;NULL;;2026-05-08 21:06:33;Kellner 10;WAHR;4,5;cash;;
1496;1646;607;ORDER: CREATED - Bestellung erfasst;B9;Soda zitron 0,5;#4fc3f7;Anti;3;0;NULL;;2026-05-08 21:06:33;Kellner 10;WAHR;3;cash;;
1497;1648;607;ORDER: CREATED - Bestellung erfasst;B9;Sommer spritzer 0,5;#fff176;Alk;4,5;0;NULL;;2026-05-08 21:06:33;Kellner 10;WAHR;4,5;cash;;
1498;1649;608;ORDER: CREATED - Bestellung erfasst;C4;Bier 0,5;#fbc02d;Alk;4,5;0;NULL;;2026-05-08 21:06:36;Kellner 7;WAHR;4,5;cash;;
1499;1650;609;ORDER: CREATED - Bestellung erfasst;B5;Bier 0,5;#fbc02d;Alk;4,5;0;NULL;;2026-05-08 21:06:57;Kellner 1;WAHR;4,5;cash;;
1500;1651;610;ORDER: CREATED - Bestellung erfasst;B8;Soda zitron 0,5;#4fc3f7;Anti;3;0;NULL;;2026-05-08 21:07:00;Kellner 5;WAHR;3;voucher;;
1501;1654;611;ORDER: CREATED - Bestellung erfasst;H10;Bier 0,5;#fbc02d;Alk;4,5;0;NULL;;2026-05-08 21:07:13;Kellner 9;WAHR;4,5;cash;;
1502;1653;611;ORDER: CREATED - Bestellung erfasst;H10;Sommer spritzer 0,5;#fff176;Alk;4,5;0;NULL;;2026-05-08 21:07:13;Kellner 9;WAHR;4,5;cash;;
1503;1652;611;ORDER: CREATED - Bestellung erfasst;H10;Sommer spritzer 0,5;#fff176;Alk;4,5;0;NULL;;2026-05-08 21:07:13;Kellner 9;WAHR;4,5;cash;;
1504;1656;612;ORDER: CREATED - Bestellung erfasst;B7;Bier 0,5;#fbc02d;Alk;4,5;0;NULL;;2026-05-08 21:07:44;Kellner 5;WAHR;4,5;cash;;
1505;1655;612;ORDER: CREATED - Bestellung erfasst;B7;Bier 0,5;#fbc02d;Alk;4,5;0;NULL;;2026-05-08 21:07:44;Kellner 5;WAHR;4,5;cash;;
1506;1657;613;ORDER: CREATED - Bestellung erfasst;H5;Pommes;#ffc000;Essen;3,5;0;NULL;;2026-05-08 21:08:11;Kellner 10;WAHR;3,5;cash;;23
1507;1658;614;ORDER: CREATED - Bestellung erfasst;H9;Almdudler 0,33;#fbc02d;Anti;3;0;NULL;;2026-05-08 21:08:22;Kellner 9;WAHR;3;cash;;
1508;1659;615;ORDER: CREATED - Bestellung erfasst;H8;Bier 0,5;#fbc02d;Alk;4,5;0;NULL;;2026-05-08 21:08:43;Kellner 7;WAHR;4,5;voucher;;
1509;1660;616;ORDER: CREATED - Bestellung erfasst;H5;Cola 0,33;#004d40;Anti;3;0;NULL;;2026-05-08 21:08:46;Kellner 10;WAHR;3;cash;;
1510;1661;617;ORDER: CREATED - Bestellung erfasst;D10;Bier 0,5;#fbc02d;Alk;4,5;0;NULL;;2026-05-08 21:09:21;Kellner 9;WAHR;4,5;cash;;
1511;1662;618;ORDER: CREATED - Bestellung erfasst;H8;Bier 0,5;#fbc02d;Alk;4,5;0;NULL;;2026-05-08 21:09:28;Kellner 7;WAHR;4,5;cash;;
1512;1663;619;ORDER: CREATED - Bestellung erfasst;F2;Soda zitron 0,5;#4fc3f7;Anti;3;0;NULL;;2026-05-08 21:09:30;Kellner 4;WAHR;3;cash;;
1513;1664;620;ORDER: CREATED - Bestellung erfasst;B7;Mineral 0,33;#b3e5fc;Anti;2,5;0;NULL;;2026-05-08 21:09:33;Kellner 5;WAHR;2,5;cash;;
1514;1665;621;ORDER: CREATED - Bestellung erfasst;H6;Bier 0,5;#fbc02d;Alk;4,5;0;NULL;;2026-05-08 21:09:47;Kellner 8;WAHR;4,5;cash;;
1515;1666;622;ORDER: CREATED - Bestellung erfasst;I6;Sommer spritzer 0,5;#fff176;Alk;4,5;0;NULL;;2026-05-08 21:10:39;Kellner 8;WAHR;4,5;voucher;;
1516;1669;623;ORDER: CREATED - Bestellung erfasst;F8;Bier 0,5;#fbc02d;Alk;4,5;0;NULL;;2026-05-08 21:11:58;Kellner 8;WAHR;4,5;voucher;;
1517;1668;623;ORDER: CREATED - Bestellung erfasst;F8;Limo Orange 0,33;#ffc107;Anti;3;0;NULL;;2026-05-08 21:11:58;Kellner 8;WAHR;3;voucher;;
1518;1667;623;ORDER: CREATED - Bestellung erfasst;F8;Bier 0,5;#fbc02d;Alk;4,5;0;NULL;;2026-05-08 21:11:58;Kellner 8;WAHR;4,5;voucher;;
1519;1670;624;ORDER: CREATED - Bestellung erfasst;B8;Sommer spritzer 0,5;#fff176;Alk;4,5;0;NULL;;2026-05-08 21:12:12;Kellner 7;WAHR;4,5;cash;;
1520;1671;625;ORDER: CREATED - Bestellung erfasst;D2;Bier 0,5;#fbc02d;Alk;4,5;0;NULL;;2026-05-08 21:12:36;Kellner 10;WAHR;4,5;cash;;
1521;1672;626;ORDER: CREATED - Bestellung erfasst;C10;Cola 0,33;#004d40;Anti;3;0;NULL;;2026-05-08 21:12:50;Kellner 9;WAHR;3;cash;;
1522;1679;627;ORDER: CREATED - Bestellung erfasst;I4;Sommer spritzer 0,5;#fff176;Alk;4,5;0;NULL;;2026-05-08 21:13:23;Kellner 3;WAHR;4,5;cash;;
1523;1673;627;ORDER: CREATED - Bestellung erfasst;I4;Sommer spritzer 0,5;#fff176;Alk;4,5;0;NULL;;2026-05-08 21:13:23;Kellner 3;WAHR;4,5;cash;;
1524;1674;627;ORDER: CREATED - Bestellung erfasst;I4;Sommer spritzer 0,5;#fff176;Alk;4,5;0;NULL;;2026-05-08 21:13:23;Kellner 3;WAHR;4,5;cash;;
1525;1675;627;ORDER: CREATED - Bestellung erfasst;I4;Sommer spritzer 0,5;#fff176;Alk;4,5;0;NULL;;2026-05-08 21:13:23;Kellner 3;WAHR;4,5;cash;;
1526;1676;627;ORDER: CREATED - Bestellung erfasst;I4;Sommer spritzer 0,5;#fff176;Alk;4,5;0;NULL;;2026-05-08 21:13:23;Kellner 3;WAHR;4,5;cash;;
1527;1677;627;ORDER: CREATED - Bestellung erfasst;I4;Sommer spritzer 0,5;#fff176;Alk;4,5;0;NULL;;2026-05-08 21:13:23;Kellner 3;WAHR;4,5;cash;;
1528;1678;627;ORDER: CREATED - Bestellung erfasst;I4;Sommer spritzer 0,5;#fff176;Alk;4,5;0;NULL;;2026-05-08 21:13:23;Kellner 3;WAHR;4,5;cash;;
1529;1680;627;ORDER: CREATED - Bestellung erfasst;I4;Sommer spritzer 0,5;#fff176;Alk;4,5;0;NULL;;2026-05-08 21:13:23;Kellner 3;WAHR;4,5;cash;;
1530;1681;627;ORDER: CREATED - Bestellung erfasst;I4;Sommer spritzer 0,5;#fff176;Alk;4,5;0;NULL;;2026-05-08 21:13:23;Kellner 3;WAHR;4,5;cash;;
1531;1686;628;ORDER: CREATED - Bestellung erfasst;E2;Mineral 0,33;#b3e5fc;Anti;2,5;0;NULL;;2026-05-08 21:13:27;Kellner 2;WAHR;2,5;cash;;
1532;1682;628;ORDER: CREATED - Bestellung erfasst;E2;Bier 0,5;#fbc02d;Alk;4,5;0;NULL;;2026-05-08 21:13:27;Kellner 2;WAHR;4,5;cash;;
1533;1683;628;ORDER: CREATED - Bestellung erfasst;E2;Bier 0,5;#fbc02d;Alk;4,5;0;NULL;;2026-05-08 21:13:27;Kellner 2;WAHR;4,5;cash;;
1534;1684;628;ORDER: CREATED - Bestellung erfasst;E2;Sommer spritzer 0,5;#fff176;Alk;4,5;0;NULL;;2026-05-08 21:13:27;Kellner 2;WAHR;4,5;cash;;
1535;1685;628;ORDER: CREATED - Bestellung erfasst;E2;Sommer spritzer 0,5;#fff176;Alk;4,5;0;NULL;;2026-05-08 21:13:27;Kellner 2;WAHR;4,5;cash;;
1536;1687;629;ORDER: CREATED - Bestellung erfasst;D4;Bier 0,5;#fbc02d;Alk;4,5;0;NULL;;2026-05-08 21:13:53;Kellner 10;WAHR;4,5;cash;;
1537;1688;629;ORDER: CREATED - Bestellung erfasst;D4;Bier 0,5;#fbc02d;Alk;4,5;0;NULL;;2026-05-08 21:13:53;Kellner 10;WAHR;4,5;cash;;
1538;1689;630;ORDER: CREATED - Bestellung erfasst;C4;Sommer spritzer 0,5;#fff176;Alk;4,5;0;NULL;;2026-05-08 21:14:48;Kellner 10;WAHR;4,5;cash;;
1539;1691;631;ORDER: CREATED - Bestellung erfasst;F8;Bier 0,5;#fbc02d;Alk;4,5;0;NULL;;2026-05-08 21:15:18;Kellner 7;WAHR;4,5;free;;
1540;1690;631;ORDER: CANCELED - Bestellung STORNO;F8;Bier 0,5;#fbc02d;Alk;4,5;0;NULL;;2026-05-08 21:15:18;Kellner 7;FALSCH;0;;;
1541;1692;632;ORDER: CREATED - Bestellung erfasst;A2;Schnitzelsemmerl;#f57f17;Essen;4,5;0;NULL;;2026-05-08 21:15:25;Kellner 1;WAHR;4,5;voucher;;17
1542;1694;633;ORDER: CREATED - Bestellung erfasst;E2;Sommer spritzer 0,5;#fff176;Alk;4,5;0;NULL;;2026-05-08 21:15:47;Kellner 2;WAHR;4,5;cash;;
1543;1693;633;ORDER: CREATED - Bestellung erfasst;E2;Soda zitron 0,5;#4fc3f7;Anti;3;0;NULL;;2026-05-08 21:15:47;Kellner 2;WAHR;3;cash;;
1544;1696;634;ORDER: CREATED - Bestellung erfasst;B9;Bier 0,5;#fbc02d;Alk;4,5;0;NULL;;2026-05-08 21:15:54;Kellner 10;WAHR;4,5;cash;;
1545;1695;634;ORDER: CREATED - Bestellung erfasst;B9;Bier 0,5;#fbc02d;Alk;4,5;0;NULL;;2026-05-08 21:15:54;Kellner 10;WAHR;4,5;cash;;
1546;1698;635;ORDER: CREATED - Bestellung erfasst;F6;Mineral 0,33;#b3e5fc;Anti;2,5;0;NULL;;2026-05-08 21:16:16;Kellner 8;WAHR;2,5;free;;
1547;1697;635;ORDER: CREATED - Bestellung erfasst;F6;Sommer spritzer 0,5;#fff176;Alk;4,5;0;NULL;;2026-05-08 21:16:16;Kellner 8;WAHR;4,5;free;;
1548;1699;635;ORDER: CREATED - Bestellung erfasst;F6;Cola 0,33;#004d40;Anti;3;0;NULL;;2026-05-08 21:16:16;Kellner 8;WAHR;3;free;;
1549;1700;636;ORDER: CREATED - Bestellung erfasst;B8;Sommer spritzer 0,5;#fff176;Alk;4,5;0;NULL;;2026-05-08 21:16:27;Kellner 5;WAHR;4,5;cash;;
1550;1701;637;ORDER: CREATED - Bestellung erfasst;E4;Bier 0,5;#fbc02d;Alk;4,5;0;NULL;;2026-05-08 21:17:07;Kellner 1;WAHR;4,5;cash;;
1551;1702;638;ORDER: CREATED - Bestellung erfasst;B7;Sommer spritzer 0,5;#fff176;Alk;4,5;0;NULL;;2026-05-08 21:17:08;Kellner 5;WAHR;4,5;cash;;
1552;1703;639;ORDER: CREATED - Bestellung erfasst;F10;Soda zitron 0,5;#4fc3f7;Anti;3;0;NULL;;2026-05-08 21:17:15;Kellner 9;WAHR;3;cash;;
1553;1704;640;ORDER: CREATED - Bestellung erfasst;I1;Sommer spritzer 0,5;#fff176;Alk;4,5;0;NULL;;2026-05-08 21:17:46;Kellner 2;WAHR;4,5;cash;;
1554;1706;641;ORDER: CREATED - Bestellung erfasst;E5;Cola 0,33;#004d40;Anti;3;0;NULL;;2026-05-08 21:17:51;Kellner 1;WAHR;3;cash;;
1555;1705;641;ORDER: CREATED - Bestellung erfasst;E5;Soda zitron 0,5;#4fc3f7;Anti;3;0;NULL;;2026-05-08 21:17:51;Kellner 1;WAHR;3;cash;;
1556;1707;642;ORDER: CREATED - Bestellung erfasst;F3;Bier 0,5;#fbc02d;Alk;4,5;0;NULL;;2026-05-08 21:18:03;Kellner 3;WAHR;4,5;cash;;
1557;1709;643;ORDER: CREATED - Bestellung erfasst;B5;Bier 0,5;#fbc02d;Alk;4,5;0;NULL;;2026-05-08 21:18:10;Kellner 6;WAHR;4,5;cash;;
1558;1708;643;ORDER: CREATED - Bestellung erfasst;B5;Bier 0,5;#fbc02d;Alk;4,5;0;NULL;;2026-05-08 21:18:10;Kellner 6;WAHR;4,5;cash;;
1559;1710;643;ORDER: CREATED - Bestellung erfasst;B5;Bier 0,5;#fbc02d;Alk;4,5;0;NULL;;2026-05-08 21:18:10;Kellner 6;WAHR;4,5;cash;;
1560;1711;644;ORDER: CREATED - Bestellung erfasst;H2;Bier 0,5;#fbc02d;Alk;4,5;0;NULL;;2026-05-08 21:18:24;Kellner 2;WAHR;4,5;voucher;;
1561;1712;645;ORDER: CREATED - Bestellung erfasst;C8;Hendl mit Pommes;#0070c0;Essen;12,5;0;NULL;;2026-05-08 21:18:53;Kellner 6;WAHR;12,5;cash;;105
1562;1713;646;ORDER: CREATED - Bestellung erfasst;H2;Sommer spritzer 0,5;#fff176;Alk;4,5;0;NULL;;2026-05-08 21:19:09;Kellner 3;WAHR;4,5;cash;;
1563;1714;647;ORDER: CREATED - Bestellung erfasst;E7;Bier 0,5;#fbc02d;Alk;4,5;0;NULL;;2026-05-08 21:19:14;Kellner 7;WAHR;4,5;cash;;
1564;1715;648;ORDER: CREATED - Bestellung erfasst;A3;Sommer spritzer 0,5;#fff176;Alk;4,5;0;NULL;;2026-05-08 21:19:56;Kellner 2;WAHR;4,5;cash;;
1565;1716;649;ORDER: CREATED - Bestellung erfasst;D5;Sommer spritzer 0,5;#fff176;Alk;4,5;0;NULL;;2026-05-08 21:20:13;Kellner 10;WAHR;4,5;cash;;
1566;1717;650;ORDER: CREATED - Bestellung erfasst;G2;Bier 0,5;#fbc02d;Alk;4,5;0;NULL;;2026-05-08 21:20:34;Kellner 3;WAHR;4,5;cash;;
1567;1720;650;ORDER: CREATED - Bestellung erfasst;G2;Bier 0,5;#fbc02d;Alk;4,5;0;NULL;;2026-05-08 21:20:34;Kellner 3;WAHR;4,5;cash;;
1568;1719;650;ORDER: CREATED - Bestellung erfasst;G2;Bier 0,5;#fbc02d;Alk;4,5;0;NULL;;2026-05-08 21:20:34;Kellner 3;WAHR;4,5;cash;;
1569;1718;650;ORDER: CREATED - Bestellung erfasst;G2;Bier 0,5;#fbc02d;Alk;4,5;0;NULL;;2026-05-08 21:20:34;Kellner 3;WAHR;4,5;cash;;
1570;1724;651;ORDER: CREATED - Bestellung erfasst;F9;Schnitzelsemmerl;#f57f17;Essen;4,5;0;NULL;;2026-05-08 21:20:54;Kellner 7;WAHR;4,5;cash;;29
1571;1723;651;ORDER: CREATED - Bestellung erfasst;F9;Bier 0,5;#fbc02d;Alk;4,5;0;NULL;;2026-05-08 21:20:54;Kellner 7;WAHR;4,5;cash;;
1572;1722;651;ORDER: CREATED - Bestellung erfasst;F9;Bier 0,5;#fbc02d;Alk;4,5;0;NULL;;2026-05-08 21:20:54;Kellner 7;WAHR;4,5;cash;;
1573;1721;651;ORDER: CREATED - Bestellung erfasst;F9;Sommer spritzer 0,5;#fff176;Alk;4,5;0;NULL;;2026-05-08 21:20:54;Kellner 7;WAHR;4,5;cash;;
1574;1727;652;ORDER: CREATED - Bestellung erfasst;E3;Bier 0,5;#fbc02d;Alk;4,5;0;NULL;;2026-05-08 21:21:08;Kellner 1;WAHR;4,5;cash;;
1575;1728;652;ORDER: CREATED - Bestellung erfasst;E3;Bier 0,5;#fbc02d;Alk;4,5;0;NULL;;2026-05-08 21:21:08;Kellner 1;WAHR;4,5;cash;;
1576;1726;652;ORDER: CREATED - Bestellung erfasst;E3;Bier 0,5;#fbc02d;Alk;4,5;0;NULL;;2026-05-08 21:21:08;Kellner 1;WAHR;4,5;cash;;
1577;1725;652;ORDER: CREATED - Bestellung erfasst;E3;Bier 0,5;#fbc02d;Alk;4,5;0;NULL;;2026-05-08 21:21:08;Kellner 1;WAHR;4,5;cash;;
1578;1729;653;ORDER: CREATED - Bestellung erfasst;H10;Bier 0,5;#fbc02d;Alk;4,5;0;NULL;;2026-05-08 21:21:18;Kellner 9;WAHR;4,5;cash;;
1579;1730;654;ORDER: CREATED - Bestellung erfasst;E4;Bier 0,5;#fbc02d;Alk;4,5;0;NULL;;2026-05-08 21:21:25;Kellner 2;WAHR;4,5;cash;;
1580;1731;654;ORDER: CREATED - Bestellung erfasst;E4;Bier 0,5;#fbc02d;Alk;4,5;0;NULL;;2026-05-08 21:21:25;Kellner 2;WAHR;4,5;cash;;
1581;1733;655;ORDER: CREATED - Bestellung erfasst;E8;Bier 0,5;#fbc02d;Alk;4,5;0;NULL;;2026-05-08 21:21:32;Kellner 6;WAHR;4,5;cash;;
1582;1732;655;ORDER: CREATED - Bestellung erfasst;E8;Bier 0,5;#fbc02d;Alk;4,5;0;NULL;;2026-05-08 21:21:32;Kellner 6;WAHR;4,5;cash;;
1583;1734;656;ORDER: CREATED - Bestellung erfasst;E8;Radler 0,5;#afb42b;Alk;4,5;0;NULL;;2026-05-08 21:21:58;Kellner 6;WAHR;4,5;cash;;
1584;1735;657;ORDER: CREATED - Bestellung erfasst;E10;Kaffee;#bf360c;Anti;3;0;NULL;;2026-05-08 21:22:46;Kellner 10;WAHR;3;cash;;
1585;1736;658;ORDER: CREATED - Bestellung erfasst;E10;Kaffee;#bf360c;Anti;3;0;NULL;;2026-05-08 21:23:20;Kellner 10;WAHR;3;cash;;
1586;1737;659;ORDER: CREATED - Bestellung erfasst;F5;Schnitzelsemmerl;#f57f17;Essen;4,5;0;NULL;;2026-05-08 21:23:21;Kellner 3;WAHR;4,5;free;;14
1587;1738;660;ORDER: CREATED - Bestellung erfasst;B10;Sommer spritzer 0,5;#fff176;Alk;4,5;0;NULL;;2026-05-08 21:23:50;Kellner 8;WAHR;4,5;cash;;
1588;1739;661;ORDER: CREATED - Bestellung erfasst;G4;Sommer spritzer 0,5;#fff176;Alk;4,5;0;NULL;;2026-05-08 21:23:57;Kellner 2;WAHR;4,5;cash;;
1589;1740;662;ORDER: CREATED - Bestellung erfasst;H8;Sommer spritzer 0,5;#fff176;Alk;4,5;0;NULL;;2026-05-08 21:24:58;Kellner 7;WAHR;4,5;cash;;
1590;1742;663;ORDER: CREATED - Bestellung erfasst;F10;Bier 0,5;#fbc02d;Alk;4,5;0;NULL;;2026-05-08 21:25:05;Kellner 9;WAHR;4,5;cash;;
1591;1741;663;ORDER: CREATED - Bestellung erfasst;F10;Bier 0,5;#fbc02d;Alk;4,5;0;NULL;;2026-05-08 21:25:05;Kellner 9;WAHR;4,5;cash;;
1592;1743;664;ORDER: CREATED - Bestellung erfasst;D9;Radler sauer 0,5;#aed581;Alk;4,5;0;NULL;;2026-05-08 21:25:19;Kellner 10;WAHR;4,5;cash;;
1593;1749;665;ORDER: CREATED - Bestellung erfasst;F1;Bier 0,5;#fbc02d;Alk;4,5;0;NULL;;2026-05-08 21:25:20;Kellner 3;WAHR;4,5;cash;;
1594;1744;665;ORDER: CREATED - Bestellung erfasst;F1;Bier 0,5;#fbc02d;Alk;4,5;0;NULL;;2026-05-08 21:25:20;Kellner 3;WAHR;4,5;cash;;
1595;1746;665;ORDER: CREATED - Bestellung erfasst;F1;Bier 0,5;#fbc02d;Alk;4,5;0;NULL;;2026-05-08 21:25:20;Kellner 3;WAHR;4,5;cash;;
1596;1747;665;ORDER: CREATED - Bestellung erfasst;F1;Bier 0,5;#fbc02d;Alk;4,5;0;NULL;;2026-05-08 21:25:20;Kellner 3;WAHR;4,5;cash;;
1597;1748;665;ORDER: CREATED - Bestellung erfasst;F1;Bier 0,5;#fbc02d;Alk;4,5;0;NULL;;2026-05-08 21:25:20;Kellner 3;WAHR;4,5;cash;;
1598;1745;665;ORDER: CREATED - Bestellung erfasst;F1;Bier 0,5;#fbc02d;Alk;4,5;0;NULL;;2026-05-08 21:25:20;Kellner 3;WAHR;4,5;cash;;
1599;1750;665;ORDER: CREATED - Bestellung erfasst;F1;Bier 0,5;#fbc02d;Alk;4,5;0;NULL;;2026-05-08 21:25:20;Kellner 3;WAHR;4,5;cash;;
1600;1751;665;ORDER: CREATED - Bestellung erfasst;F1;Bier 0,5;#fbc02d;Alk;4,5;0;NULL;;2026-05-08 21:25:20;Kellner 3;WAHR;4,5;cash;;
1601;1752;665;ORDER: CREATED - Bestellung erfasst;F1;Bier 0,5;#fbc02d;Alk;4,5;0;NULL;;2026-05-08 21:25:20;Kellner 3;WAHR;4,5;cash;;
1602;1753;666;ORDER: CREATED - Bestellung erfasst;D9;Radler 0,5;#afb42b;Alk;4,5;0;NULL;;2026-05-08 21:25:51;Kellner 10;WAHR;4,5;cash;;
1603;1754;667;ORDER: CREATED - Bestellung erfasst;H8;Sommer spritzer 0,5;#fff176;Alk;4,5;0;NULL;;2026-05-08 21:25:53;Kellner 7;WAHR;4,5;voucher;;
1604;1755;668;ORDER: CREATED - Bestellung erfasst;H8;Sommer spritzer 0,5;#fff176;Alk;4,5;0;NULL;;2026-05-08 21:26:32;Kellner 7;WAHR;4,5;free;;
1605;1756;669;ORDER: CANCELED - Bestellung STORNO;G4;Sommer spritzer 0,5;#fff176;Alk;4,5;0;NULL;;2026-05-08 21:28:20;Kellner 2;FALSCH;0;;;
1606;1757;670;ORDER: CREATED - Bestellung erfasst;E5;Bier 0,5;#fbc02d;Alk;4,5;0;NULL;;2026-05-08 21:29:18;Kellner 3;WAHR;4,5;voucher;;
1607;1758;671;ORDER: CREATED - Bestellung erfasst;D6;Kaffee;#bf360c;Anti;3;0;NULL;;2026-05-08 21:30:05;Kellner 3;WAHR;3;cash;;
1608;1759;671;ORDER: CREATED - Bestellung erfasst;D6;Bier 0,5;#fbc02d;Alk;4,5;0;NULL;;2026-05-08 21:30:05;Kellner 3;WAHR;4,5;cash;;
1609;1760;672;ORDER: CREATED - Bestellung erfasst;F5;Sommer spritzer 0,5;#fff176;Alk;4,5;0;NULL;;2026-05-08 21:31:05;Kellner 3;WAHR;4,5;free;;
1610;1761;673;ORDER: CREATED - Bestellung erfasst;B4;Bier 0,5;#fbc02d;Alk;4,5;0;NULL;;2026-05-08 21:32:07;Kellner 5;WAHR;4,5;cash;;
1611;1763;674;ORDER: CREATED - Bestellung erfasst;H3;Soda zitron 0,5;#4fc3f7;Anti;3;0;NULL;;2026-05-08 21:32:46;Kellner 3;WAHR;3;voucher;;
1612;1762;674;ORDER: CREATED - Bestellung erfasst;H3;Freibier 0.5;#ffeb3b;Alk;4,5;0;NULL;;2026-05-08 21:32:46;Kellner 3;WAHR;4,5;voucher;;
1613;1764;675;ORDER: CREATED - Bestellung erfasst;A1;Bier 0,5;#fbc02d;Alk;4,5;0;NULL;;2026-05-08 21:33:33;Abholstation;WAHR;4,5;cash;;
1614;1765;675;ORDER: CREATED - Bestellung erfasst;A1;Bier 0,5;#fbc02d;Alk;4,5;0;NULL;;2026-05-08 21:33:33;Abholstation;WAHR;4,5;cash;;
1615;1766;676;ORDER: CREATED - Bestellung erfasst;I6;Sommer spritzer 0,5;#fff176;Alk;4,5;0;NULL;;2026-05-08 21:33:41;Kellner 5;WAHR;4,5;cash;;
1616;1768;676;ORDER: CREATED - Bestellung erfasst;I6;Sommer spritzer 0,5;#fff176;Alk;4,5;0;NULL;;2026-05-08 21:33:41;Kellner 5;WAHR;4,5;cash;;
1617;1767;676;ORDER: CREATED - Bestellung erfasst;I6;Sommer spritzer 0,5;#fff176;Alk;4,5;0;NULL;;2026-05-08 21:33:41;Kellner 5;WAHR;4,5;cash;;
1618;1769;676;ORDER: CREATED - Bestellung erfasst;I6;Schnitzelsemmerl;#f57f17;Essen;4,5;0;NULL;;2026-05-08 21:33:41;Kellner 5;WAHR;4,5;cash;;77
1619;1770;676;ORDER: CREATED - Bestellung erfasst;I6;Pommes;#ffc000;Essen;3,5;0;NULL;;2026-05-08 21:33:41;Kellner 5;WAHR;3,5;cash;;77
1620;1771;677;ORDER: CREATED - Bestellung erfasst;H3;Freibier 0.5;#ffeb3b;Alk;4,5;0;NULL;;2026-05-08 21:33:42;Kellner 3;WAHR;4,5;cash;;
1621;1772;678;ORDER: CREATED - Bestellung erfasst;H3;Radler 0,5;#afb42b;Alk;4,5;0;NULL;;2026-05-08 21:33:59;Kellner 3;WAHR;4,5;cash;;
1622;1773;679;ORDER: CREATED - Bestellung erfasst;A4;Bier 0,5;#fbc02d;Alk;4,5;0;NULL;;2026-05-08 21:34:16;Kellner 4;WAHR;4,5;voucher;;
1623;1774;679;ORDER: CREATED - Bestellung erfasst;A4;Bier 0,5;#fbc02d;Alk;4,5;0;NULL;;2026-05-08 21:34:16;Kellner 4;WAHR;4,5;voucher;;
1624;1776;680;ORDER: CREATED - Bestellung erfasst;B6;Bier 0,5;#fbc02d;Alk;4,5;0;NULL;;2026-05-08 21:34:49;Kellner 4;WAHR;4,5;cash;;
1625;1775;680;ORDER: CREATED - Bestellung erfasst;B6;Bier 0,5;#fbc02d;Alk;4,5;0;NULL;;2026-05-08 21:34:49;Kellner 4;WAHR;4,5;cash;;
1626;1778;681;ORDER: CREATED - Bestellung erfasst;A2;Bier 0,5;#fbc02d;Alk;4,5;0;NULL;;2026-05-08 21:35:23;Kellner 2;FALSCH;0;;;
1627;1781;681;ORDER: CREATED - Bestellung erfasst;A2;Bier 0,5;#fbc02d;Alk;4,5;0;NULL;;2026-05-08 21:35:23;Kellner 2;FALSCH;0;;;
1628;1780;681;ORDER: CREATED - Bestellung erfasst;A2;Sommer spritzer 0,5;#fff176;Alk;4,5;0;NULL;;2026-05-08 21:35:23;Kellner 2;FALSCH;0;;;
1629;1779;681;ORDER: CREATED - Bestellung erfasst;A2;Sommer spritzer 0,5;#fff176;Alk;4,5;0;NULL;;2026-05-08 21:35:23;Kellner 2;FALSCH;0;;;
1630;1777;681;ORDER: CREATED - Bestellung erfasst;A2;Bier 0,5;#fbc02d;Alk;4,5;0;NULL;;2026-05-08 21:35:23;Kellner 2;FALSCH;0;;;
1631;1784;682;ORDER: CREATED - Bestellung erfasst;E7;Bier 0,5;#fbc02d;Alk;4,5;0;NULL;;2026-05-08 21:36:24;Kellner 3;WAHR;4,5;free;;
1632;1782;682;ORDER: CREATED - Bestellung erfasst;E7;Bier 0,5;#fbc02d;Alk;4,5;0;NULL;;2026-05-08 21:36:24;Kellner 3;WAHR;4,5;free;;
1633;1783;682;ORDER: CREATED - Bestellung erfasst;E7;Sommer spritzer 0,5;#fff176;Alk;4,5;0;NULL;;2026-05-08 21:36:24;Kellner 3;WAHR;4,5;free;;
1634;1785;683;ORDER: CREATED - Bestellung erfasst;I6;Bier 0,5;#fbc02d;Alk;4,5;0;NULL;;2026-05-08 21:36:41;Kellner 5;WAHR;4,5;cash;;
1635;1787;684;ORDER: CREATED - Bestellung erfasst;I8;Schnitzelsemmerl;#f57f17;Essen;4,5;0;NULL;;2026-05-08 21:36:52;Kellner 10;WAHR;4,5;cash;;151
1636;1788;684;ORDER: CREATED - Bestellung erfasst;I8;Schnitzelsemmerl;#f57f17;Essen;4,5;0;NULL;;2026-05-08 21:36:52;Kellner 10;WAHR;4,5;cash;;151
1637;1789;684;ORDER: CREATED - Bestellung erfasst;I8;Schnitzelsemmerl;#f57f17;Essen;4,5;0;NULL;;2026-05-08 21:36:52;Kellner 10;WAHR;4,5;cash;;151
1638;1786;684;ORDER: CREATED - Bestellung erfasst;I8;Schnitzelsemmerl;#f57f17;Essen;4,5;0;NULL;;2026-05-08 21:36:52;Kellner 10;WAHR;4,5;cash;;124
1639;1790;685;ORDER: CREATED - Bestellung erfasst;C6;Soda zitron 0,5;#4fc3f7;Anti;3;0;NULL;;2026-05-08 21:37:18;Kellner 9;WAHR;3;voucher;;
1640;1794;686;ORDER: CANCELED - Bestellung STORNO;C6;Bier 0,5;#fbc02d;Alk;4,5;0;NULL;;2026-05-08 21:38:03;Kellner 9;FALSCH;0;;;
1641;1793;686;ORDER: CANCELED - Bestellung STORNO;C6;Bier 0,5;#fbc02d;Alk;4,5;0;NULL;;2026-05-08 21:38:03;Kellner 9;FALSCH;0;;;
1642;1792;686;ORDER: CANCELED - Bestellung STORNO;C6;Bier 0,5;#fbc02d;Alk;4,5;0;NULL;;2026-05-08 21:38:03;Kellner 9;FALSCH;0;;;
1643;1791;686;ORDER: CANCELED - Bestellung STORNO;C6;Bier 0,5;#fbc02d;Alk;4,5;0;NULL;;2026-05-08 21:38:03;Kellner 9;FALSCH;0;;;
1644;1795;687;ORDER: CREATED - Bestellung erfasst;G7;Sommer spritzer 0,5;#fff176;Alk;4,5;0;NULL;;2026-05-08 21:38:34;Kellner 10;WAHR;4,5;cash;;
1645;1796;688;ORDER: CREATED - Bestellung erfasst;I2;Bier 0,5;#fbc02d;Alk;4,5;0;NULL;;2026-05-08 21:38:38;Kellner 4;WAHR;4,5;cash;;
1646;1797;689;ORDER: CREATED - Bestellung erfasst;C6;Bier 0,5;#fbc02d;Alk;4,5;0;NULL;;2026-05-08 21:38:46;Kellner 9;WAHR;4,5;cash;;
1647;1801;689;ORDER: CREATED - Bestellung erfasst;C6;Bier 0,5;#fbc02d;Alk;4,5;0;NULL;;2026-05-08 21:38:46;Kellner 9;WAHR;4,5;cash;;
1648;1802;689;ORDER: CREATED - Bestellung erfasst;C6;Bier 0,5;#fbc02d;Alk;4,5;0;NULL;;2026-05-08 21:38:46;Kellner 9;WAHR;4,5;cash;;
1649;1803;689;ORDER: CREATED - Bestellung erfasst;C6;Bier 0,5;#fbc02d;Alk;4,5;0;NULL;;2026-05-08 21:38:46;Kellner 9;WAHR;4,5;cash;;
1650;1804;689;ORDER: CREATED - Bestellung erfasst;C6;Bier 0,5;#fbc02d;Alk;4,5;0;NULL;;2026-05-08 21:38:46;Kellner 9;WAHR;4,5;cash;;
1651;1799;689;ORDER: CREATED - Bestellung erfasst;C6;Bier 0,5;#fbc02d;Alk;4,5;0;NULL;;2026-05-08 21:38:46;Kellner 9;WAHR;4,5;cash;;
1652;1798;689;ORDER: CREATED - Bestellung erfasst;C6;Bier 0,5;#fbc02d;Alk;4,5;0;NULL;;2026-05-08 21:38:46;Kellner 9;WAHR;4,5;cash;;
1653;1800;689;ORDER: CREATED - Bestellung erfasst;C6;Bier 0,5;#fbc02d;Alk;4,5;0;NULL;;2026-05-08 21:38:46;Kellner 9;WAHR;4,5;cash;;
1654;1805;690;ORDER: CREATED - Bestellung erfasst;F7;Bier 0,5;#fbc02d;Alk;4,5;0;NULL;;2026-05-08 21:39:39;Kellner 10;WAHR;4,5;voucher;;
1655;1806;691;ORDER: CREATED - Bestellung erfasst;G8;Bier 0,5;#fbc02d;Alk;4,5;0;NULL;;2026-05-08 21:39:44;Kellner 2;WAHR;4,5;cash;;
1656;1808;692;ORDER: CREATED - Bestellung erfasst;F7;Bier 0,5;#fbc02d;Alk;4,5;0;NULL;;2026-05-08 21:40:31;Kellner 10;WAHR;4,5;cash;;
1657;1807;692;ORDER: CREATED - Bestellung erfasst;F7;Sommer spritzer 0,5;#fff176;Alk;4,5;0;NULL;;2026-05-08 21:40:31;Kellner 10;WAHR;4,5;cash;;
1658;1809;693;ORDER: CREATED - Bestellung erfasst;E9;Sommer spritzer 0,5;#fff176;Alk;4,5;0;NULL;;2026-05-08 21:40:50;Kellner 8;WAHR;4,5;cash;;
1659;1810;694;ORDER: CREATED - Bestellung erfasst;G2;Bier 0,5;#fbc02d;Alk;4,5;0;NULL;;2026-05-08 21:41:11;Kellner 3;WAHR;4,5;cash;;
1660;1811;694;ORDER: CREATED - Bestellung erfasst;G2;Bier 0,5;#fbc02d;Alk;4,5;0;NULL;;2026-05-08 21:41:11;Kellner 3;WAHR;4,5;cash;;
1661;1812;695;ORDER: CREATED - Bestellung erfasst;E1;Sommer spritzer 0,5;#fff176;Alk;4,5;0;NULL;;2026-05-08 21:41:15;Kellner 2;WAHR;4,5;voucher;;
1662;1813;696;ORDER: CREATED - Bestellung erfasst;E9;Bier 0,5;#fbc02d;Alk;4,5;0;NULL;;2026-05-08 21:41:31;Kellner 8;WAHR;4,5;cash;;
1663;1816;697;ORDER: CREATED - Bestellung erfasst;E1;Sommer spritzer 0,5;#fff176;Alk;4,5;0;NULL;;2026-05-08 21:42:11;Kellner 2;WAHR;4,5;voucher;;
1664;1814;697;ORDER: CREATED - Bestellung erfasst;E1;Bier 0,5;#fbc02d;Alk;4,5;0;NULL;;2026-05-08 21:42:11;Kellner 2;WAHR;4,5;voucher;;
1665;1815;697;ORDER: CREATED - Bestellung erfasst;E1;Sommer spritzer 0,5;#fff176;Alk;4,5;0;NULL;;2026-05-08 21:42:11;Kellner 2;WAHR;4,5;voucher;;
1666;1817;698;ORDER: CREATED - Bestellung erfasst;B7;Bier 0,5;#fbc02d;Alk;4,5;0;NULL;;2026-05-08 21:42:20;Kellner 5;WAHR;4,5;cash;;
1667;1818;699;ORDER: CREATED - Bestellung erfasst;F5;Bier 0,5;#fbc02d;Alk;4,5;0;NULL;;2026-05-08 21:42:26;Kellner 10;WAHR;4,5;cash;;
1668;1819;700;ORDER: CREATED - Bestellung erfasst;E1;Bier 0,5;#fbc02d;Alk;4,5;0;NULL;;2026-05-08 21:43:25;Kellner 2;WAHR;4,5;cash;;
1669;1822;701;ORDER: CREATED - Bestellung erfasst;G9;Bier 0,5;#fbc02d;Alk;4,5;0;NULL;;2026-05-08 21:43:45;Kellner 9;WAHR;4,5;cash;;
1670;1820;701;ORDER: CREATED - Bestellung erfasst;G9;Sommer spritzer 0,5;#fff176;Alk;4,5;0;NULL;;2026-05-08 21:43:45;Kellner 9;WAHR;4,5;cash;;
1671;1821;701;ORDER: CREATED - Bestellung erfasst;G9;Bier 0,5;#fbc02d;Alk;4,5;0;NULL;;2026-05-08 21:43:45;Kellner 9;WAHR;4,5;cash;;
1672;1823;701;ORDER: CREATED - Bestellung erfasst;G9;Bier 0,5;#fbc02d;Alk;4,5;0;NULL;;2026-05-08 21:43:45;Kellner 9;WAHR;4,5;cash;;
1673;1824;701;ORDER: CREATED - Bestellung erfasst;G9;Bier 0,5;#fbc02d;Alk;4,5;0;NULL;;2026-05-08 21:43:45;Kellner 9;WAHR;4,5;cash;;
1674;1825;702;ORDER: CREATED - Bestellung erfasst;B4;Mineral 0,33;#b3e5fc;Anti;2,5;0;NULL;;2026-05-08 21:44:35;Kellner 4;WAHR;2,5;cash;;
1675;1826;702;ORDER: CREATED - Bestellung erfasst;B4;Mineral 0,33;#b3e5fc;Anti;2,5;0;NULL;;2026-05-08 21:44:35;Kellner 4;WAHR;2,5;cash;;
1676;1829;703;ORDER: CREATED - Bestellung erfasst;F9;Bier 0,5;#fbc02d;Alk;4,5;0;NULL;;2026-05-08 21:44:38;Kellner 8;WAHR;4,5;cash;;
1677;1828;703;ORDER: CREATED - Bestellung erfasst;F9;Bier 0,5;#fbc02d;Alk;4,5;0;NULL;;2026-05-08 21:44:38;Kellner 8;WAHR;4,5;cash;;
1678;1827;703;ORDER: CREATED - Bestellung erfasst;F9;Sommer spritzer 0,5;#fff176;Alk;4,5;0;NULL;;2026-05-08 21:44:38;Kellner 8;WAHR;4,5;cash;;
1679;1830;704;ORDER: CREATED - Bestellung erfasst;C10;Radler 0,5;#afb42b;Alk;4,5;0;NULL;;2026-05-08 21:44:46;Kellner 11;WAHR;4,5;cash;;
1680;1831;704;ORDER: CREATED - Bestellung erfasst;C10;Bier 0,5;#fbc02d;Alk;4,5;0;NULL;;2026-05-08 21:44:46;Kellner 11;WAHR;4,5;cash;;
1681;1832;705;ORDER: CREATED - Bestellung erfasst;C5;Bier 0,5;#fbc02d;Alk;4,5;0;NULL;;2026-05-08 21:45:00;Kellner 6;WAHR;4,5;voucher;;
1682;1833;706;ORDER: CREATED - Bestellung erfasst;H1;Bier 0,5;#fbc02d;Alk;4,5;0;NULL;;2026-05-08 21:45:17;Kellner 2;WAHR;4,5;voucher;;
1683;1834;707;ORDER: CREATED - Bestellung erfasst;G9;Schnitzelsemmerl;#f57f17;Essen;4,5;0;NULL;;2026-05-08 21:45:42;Kellner 9;WAHR;4,5;cash;;79
1684;1835;707;ORDER: CREATED - Bestellung erfasst;G9;Schnitzelsemmerl;#f57f17;Essen;4,5;0;NULL;;2026-05-08 21:45:42;Kellner 9;WAHR;4,5;cash;;79
1685;1836;707;ORDER: CREATED - Bestellung erfasst;G9;Schnitzelsemmerl;#f57f17;Essen;4,5;0;NULL;;2026-05-08 21:45:42;Kellner 9;WAHR;4,5;cash;;79
1686;1837;707;ORDER: CREATED - Bestellung erfasst;G9;Bier 0,5;#fbc02d;Alk;4,5;0;NULL;;2026-05-08 21:45:42;Kellner 9;WAHR;4,5;cash;;
1687;1839;707;ORDER: CREATED - Bestellung erfasst;G9;Schnitzelsemmerl;#f57f17;Essen;4,5;0;NULL;;2026-05-08 21:45:42;Kellner 9;WAHR;4,5;cash;;79
1688;1838;707;ORDER: CREATED - Bestellung erfasst;G9;Schnitzelsemmerl;#f57f17;Essen;4,5;0;NULL;;2026-05-08 21:45:42;Kellner 9;WAHR;4,5;cash;;79
1689;1840;708;ORDER: CREATED - Bestellung erfasst;B9;Sommer spritzer 0,5;#fff176;Alk;4,5;0;NULL;;2026-05-08 21:46:24;Kellner 6;WAHR;4,5;cash;;
1690;1841;708;ORDER: CREATED - Bestellung erfasst;B9;Sommer spritzer 0,5;#fff176;Alk;4,5;0;NULL;;2026-05-08 21:46:24;Kellner 6;WAHR;4,5;cash;;
1691;1842;709;ORDER: CREATED - Bestellung erfasst;I5;Bier 0,5;#fbc02d;Alk;4,5;0;NULL;;2026-05-08 21:46:33;Kellner 8;WAHR;4,5;cash;;
1692;1843;710;ORDER: CREATED - Bestellung erfasst;F3;Sommer spritzer 0,5;#fff176;Alk;4,5;0;NULL;;2026-05-08 21:47:26;Kellner 8;WAHR;4,5;free;;
1693;1844;710;ORDER: CREATED - Bestellung erfasst;F3;Sommer spritzer 0,5;#fff176;Alk;4,5;0;NULL;;2026-05-08 21:47:26;Kellner 8;WAHR;4,5;cash;;
1694;1845;711;ORDER: CREATED - Bestellung erfasst;E4;Bier 0,5;#fbc02d;Alk;4,5;0;NULL;;2026-05-08 21:47:33;Kellner 9;WAHR;4,5;cash;;
1695;1846;712;ORDER: CREATED - Bestellung erfasst;I1;Bier 0,5;#fbc02d;Alk;4,5;0;NULL;;2026-05-08 21:47:40;Kellner 4;WAHR;4,5;cash;;
1696;1847;713;ORDER: CREATED - Bestellung erfasst;E4;Almdudler 0,33;#fbc02d;Anti;3;0;NULL;;2026-05-08 21:48:04;Kellner 9;WAHR;3;voucher;;
1697;1848;714;ORDER: CREATED - Bestellung erfasst;E4;Mineral 0,33;#b3e5fc;Anti;2,5;0;NULL;;2026-05-08 21:48:26;Kellner 9;WAHR;2,5;cash;;
1698;1849;715;ORDER: CREATED - Bestellung erfasst;E10;Bier 0,5;#fbc02d;Alk;4,5;0;NULL;;2026-05-08 21:49:05;Kellner 8;WAHR;4,5;cash;;
1699;1851;716;ORDER: CREATED - Bestellung erfasst;E8;Bier 0,5;#fbc02d;Alk;4,5;0;NULL;;2026-05-08 21:49:34;Kellner 5;WAHR;4,5;cash;;
1700;1850;716;ORDER: CREATED - Bestellung erfasst;E8;Bier 0,5;#fbc02d;Alk;4,5;0;NULL;;2026-05-08 21:49:34;Kellner 5;WAHR;4,5;cash;;
1701;1852;717;ORDER: CREATED - Bestellung erfasst;E2;Bier 0,5;#fbc02d;Alk;4,5;0;NULL;;2026-05-08 21:49:45;Kellner 9;WAHR;4,5;cash;;
1702;1854;717;ORDER: CREATED - Bestellung erfasst;E2;Bier 0,5;#fbc02d;Alk;4,5;0;NULL;;2026-05-08 21:49:45;Kellner 9;WAHR;4,5;cash;;
1703;1853;717;ORDER: CREATED - Bestellung erfasst;E2;Bier 0,5;#fbc02d;Alk;4,5;0;NULL;;2026-05-08 21:49:45;Kellner 9;WAHR;4,5;cash;;
1704;1855;718;ORDER: CREATED - Bestellung erfasst;E5;Soda zitron 0,5;#4fc3f7;Anti;3;0;NULL;;2026-05-08 21:50:41;Kellner 6;WAHR;3;cash;;
1705;1857;719;ORDER: CREATED - Bestellung erfasst;E5;Bier 0,5;#fbc02d;Alk;4,5;0;NULL;;2026-05-08 21:51:35;Kellner 6;WAHR;4,5;cash;;
1706;1856;719;ORDER: CREATED - Bestellung erfasst;E5;Sommer spritzer 0,5;#fff176;Alk;4,5;0;NULL;;2026-05-08 21:51:35;Kellner 6;WAHR;4,5;cash;;
1707;1858;720;ORDER: CREATED - Bestellung erfasst;B5;Bier 0,5;#fbc02d;Alk;4,5;0;NULL;;2026-05-08 21:51:37;Kellner 7;WAHR;4,5;cash;;
1708;1860;720;ORDER: CREATED - Bestellung erfasst;B5;Sommer spritzer 0,5;#fff176;Alk;4,5;0;NULL;;2026-05-08 21:51:37;Kellner 7;WAHR;4,5;cash;;
1709;1859;720;ORDER: CREATED - Bestellung erfasst;B5;Sommer spritzer 0,5;#fff176;Alk;4,5;0;NULL;;2026-05-08 21:51:37;Kellner 7;WAHR;4,5;cash;;
1710;1861;720;ORDER: CREATED - Bestellung erfasst;B5;Bier 0,5;#fbc02d;Alk;4,5;0;NULL;;2026-05-08 21:51:37;Kellner 7;WAHR;4,5;cash;;
1711;1864;721;ORDER: CREATED - Bestellung erfasst;B10;Sommer spritzer 0,5;#fff176;Alk;4,5;0;NULL;;2026-05-08 21:51:56;Kellner 8;WAHR;4,5;cash;;
1712;1865;721;ORDER: CREATED - Bestellung erfasst;B10;Sommer spritzer 0,5;#fff176;Alk;4,5;0;NULL;;2026-05-08 21:51:56;Kellner 8;WAHR;4,5;cash;;
1713;1863;721;ORDER: CREATED - Bestellung erfasst;B10;Sommer spritzer 0,5;#fff176;Alk;4,5;0;NULL;;2026-05-08 21:51:56;Kellner 8;WAHR;4,5;cash;;
1714;1862;721;ORDER: CREATED - Bestellung erfasst;B10;Sommer spritzer 0,5;#fff176;Alk;4,5;0;NULL;;2026-05-08 21:51:56;Kellner 8;WAHR;4,5;cash;;
1715;1866;722;ORDER: CREATED - Bestellung erfasst;E5;Bier 0,5;#fbc02d;Alk;4,5;0;NULL;;2026-05-08 21:52:14;Kellner 6;WAHR;4,5;cash;;
1716;1867;723;ORDER: CREATED - Bestellung erfasst;B5;Sommer spritzer 0,5;#fff176;Alk;4,5;0;NULL;;2026-05-08 21:53:45;Kellner 7;WAHR;4,5;cash;;
1717;1868;723;ORDER: CREATED - Bestellung erfasst;B5;Sommer spritzer 0,5;#fff176;Alk;4,5;0;NULL;;2026-05-08 21:53:45;Kellner 7;WAHR;4,5;cash;;
1718;1869;724;ORDER: CREATED - Bestellung erfasst;I5;Bier 0,5;#fbc02d;Alk;4,5;0;NULL;;2026-05-08 21:54:13;Kellner 8;WAHR;4,5;cash;;
1719;1872;725;ORDER: CREATED - Bestellung erfasst;C5;Bier 0,5;#fbc02d;Alk;4,5;0;NULL;;2026-05-08 21:54:20;Kellner 10;WAHR;4,5;cash;;
1720;1870;725;ORDER: CREATED - Bestellung erfasst;C5;Sommer spritzer 0,5;#fff176;Alk;4,5;0;NULL;;2026-05-08 21:54:20;Kellner 10;WAHR;4,5;cash;;
1721;1871;725;ORDER: CREATED - Bestellung erfasst;C5;Sommer spritzer 0,5;#fff176;Alk;4,5;0;NULL;;2026-05-08 21:54:20;Kellner 10;WAHR;4,5;cash;;
1722;1873;726;ORDER: CREATED - Bestellung erfasst;A2;Cola 0,33;#004d40;Anti;3;0;NULL;;2026-05-08 21:54:27;Kellner 4;WAHR;3;cash;;
1723;1875;727;ORDER: CREATED - Bestellung erfasst;F7;Soda zitron 0,5;#4fc3f7;Anti;3;0;NULL;;2026-05-08 21:55:42;Kellner 1;WAHR;3;voucher;;
1724;1874;727;ORDER: CREATED - Bestellung erfasst;F7;Bier 0,5;#fbc02d;Alk;4,5;0;NULL;;2026-05-08 21:55:42;Kellner 1;WAHR;4,5;cash;;
1725;1876;728;ORDER: CREATED - Bestellung erfasst;B10;Cola 0,33;#004d40;Anti;3;0;NULL;;2026-05-08 21:55:49;Kellner 7;WAHR;3;voucher;;
1726;1879;729;ORDER: CREATED - Bestellung erfasst;I6;Bier 0,5;#fbc02d;Alk;4,5;0;NULL;;2026-05-08 21:56:03;Kellner 4;WAHR;4,5;cash;;
1727;1877;729;ORDER: CREATED - Bestellung erfasst;I6;Sommer spritzer 0,5;#fff176;Alk;4,5;0;NULL;;2026-05-08 21:56:03;Kellner 4;WAHR;4,5;cash;;
1728;1878;729;ORDER: CREATED - Bestellung erfasst;I6;Sommer spritzer 0,5;#fff176;Alk;4,5;0;NULL;;2026-05-08 21:56:03;Kellner 4;WAHR;4,5;cash;;
1729;1880;729;ORDER: CREATED - Bestellung erfasst;I6;Radler 0,5;#afb42b;Alk;4,5;0;NULL;;2026-05-08 21:56:03;Kellner 4;WAHR;4,5;cash;;
1730;1882;730;ORDER: CREATED - Bestellung erfasst;F3;Bier 0,5;#fbc02d;Alk;4,5;0;NULL;;2026-05-08 21:56:52;Kellner 1;WAHR;4,5;cash;;
1731;1881;730;ORDER: CREATED - Bestellung erfasst;F3;Soda zitron 0,5;#4fc3f7;Anti;3;0;NULL;;2026-05-08 21:56:52;Kellner 1;WAHR;3;cash;;
1732;1884;731;ORDER: CREATED - Bestellung erfasst;D5;Bier 0,5;#fbc02d;Alk;4,5;0;NULL;;2026-05-08 21:57:07;Kellner 3;WAHR;4,5;cash;;
1733;1883;731;ORDER: CREATED - Bestellung erfasst;D5;Bier 0,5;#fbc02d;Alk;4,5;0;NULL;;2026-05-08 21:57:07;Kellner 3;WAHR;4,5;cash;;
1734;1886;732;ORDER: CREATED - Bestellung erfasst;I1;Bier 0,5;#fbc02d;Alk;4,5;0;NULL;;2026-05-08 21:58:01;Kellner 4;WAHR;4,5;voucher;;
1735;1885;732;ORDER: CREATED - Bestellung erfasst;I1;Bier 0,5;#fbc02d;Alk;4,5;0;NULL;;2026-05-08 21:58:01;Kellner 4;WAHR;4,5;voucher;;
1736;1887;733;ORDER: CREATED - Bestellung erfasst;B10;Bier 0,5;#fbc02d;Alk;4,5;0;NULL;;2026-05-08 21:58:39;Kellner 7;WAHR;4,5;cash;;
1737;1888;734;ORDER: CREATED - Bestellung erfasst;I2;Sommer spritzer 0,5;#fff176;Alk;4,5;0;NULL;;2026-05-08 21:59:10;Kellner 3;WAHR;4,5;cash;;
1738;1889;735;ORDER: CREATED - Bestellung erfasst;B10;Mineral 0,33;#b3e5fc;Anti;2,5;0;NULL;;2026-05-08 21:59:21;Kellner 7;WAHR;2,5;cash;;
1739;1890;736;ORDER: CREATED - Bestellung erfasst;B9;Bier 0,5;#fbc02d;Alk;4,5;0;NULL;;2026-05-08 21:59:50;Kellner 5;WAHR;4,5;cash;;
1740;1891;737;ORDER: CREATED - Bestellung erfasst;B10;Bier 0,5;#fbc02d;Alk;4,5;0;NULL;;2026-05-08 22:00:17;Kellner 7;WAHR;4,5;cash;;
1741;1892;738;ORDER: CREATED - Bestellung erfasst;D3;Sommer spritzer 0,5;#fff176;Alk;4,5;0;NULL;;2026-05-08 22:00:45;Kellner 2;WAHR;4,5;cash;;
1742;1895;739;ORDER: CREATED - Bestellung erfasst;B7;Bier 0,5;#fbc02d;Alk;4,5;0;NULL;;2026-05-08 22:00:50;Kellner 5;WAHR;4,5;cash;;
1743;1893;739;ORDER: CREATED - Bestellung erfasst;B7;Bier 0,5;#fbc02d;Alk;4,5;0;NULL;;2026-05-08 22:00:50;Kellner 5;WAHR;4,5;voucher;;
1744;1894;739;ORDER: CREATED - Bestellung erfasst;B7;Bier 0,5;#fbc02d;Alk;4,5;0;NULL;;2026-05-08 22:00:50;Kellner 5;WAHR;4,5;cash;;
1745;1896;740;ORDER: CREATED - Bestellung erfasst;C5;Freibier 0.5;#ffeb3b;Alk;4,5;0;NULL;;2026-05-08 22:00:53;Kellner 6;WAHR;4,5;cash;;
1746;1898;741;ORDER: CREATED - Bestellung erfasst;E10;Sommer spritzer 0,5;#fff176;Alk;4,5;0;NULL;;2026-05-08 22:01:20;Kellner 10;WAHR;4,5;cash;;
1747;1897;741;ORDER: CREATED - Bestellung erfasst;E10;Bier 0,5;#fbc02d;Alk;4,5;0;NULL;;2026-05-08 22:01:20;Kellner 10;WAHR;4,5;cash;;
1748;1899;742;ORDER: CREATED - Bestellung erfasst;B8;Soda zitron 0,5;#4fc3f7;Anti;3;0;NULL;;2026-05-08 22:01:41;Kellner 9;WAHR;3;cash;;
1749;1901;743;ORDER: CREATED - Bestellung erfasst;G7;Sommer spritzer 0,5;#fff176;Alk;4,5;0;NULL;;2026-05-08 22:02:33;Kellner 4;WAHR;4,5;cash;;
1750;1900;743;ORDER: CREATED - Bestellung erfasst;G7;Bier 0,5;#fbc02d;Alk;4,5;0;NULL;;2026-05-08 22:02:33;Kellner 4;WAHR;4,5;cash;;
1751;1902;744;ORDER: CREATED - Bestellung erfasst;B6;Mineral 0,33;#b3e5fc;Anti;2,5;0;NULL;;2026-05-08 22:02:49;Kellner 9;WAHR;2,5;cash;;
1752;1903;745;ORDER: CREATED - Bestellung erfasst;C5;Radler 0,5;#afb42b;Alk;4,5;0;NULL;;2026-05-08 22:02:57;Kellner 1;WAHR;4,5;voucher;;
1753;1904;746;ORDER: CREATED - Bestellung erfasst;B6;Bier 0,5;#fbc02d;Alk;4,5;0;NULL;;2026-05-08 22:03:28;Kellner 9;WAHR;4,5;cash;;
1754;1905;747;ORDER: CREATED - Bestellung erfasst;A1;Sommer spritzer 0,5;#fff176;Alk;4,5;0;NULL;;2026-05-08 22:03:49;Kellner 4;WAHR;4,5;cash;;
1755;1906;747;ORDER: CREATED - Bestellung erfasst;A1;Sommer spritzer 0,5;#fff176;Alk;4,5;0;NULL;;2026-05-08 22:03:49;Kellner 4;WAHR;4,5;cash;;
1756;1907;748;ORDER: CREATED - Bestellung erfasst;F6;Bier 0,5;#fbc02d;Alk;4,5;0;NULL;;2026-05-08 22:04:17;Kellner 8;WAHR;4,5;free;;
1757;1908;749;ORDER: CREATED - Bestellung erfasst;H9;Sommer spritzer 0,5;#fff176;Alk;4,5;0;NULL;;2026-05-08 22:04:42;Kellner 7;WAHR;4,5;cash;;
1758;1909;750;ORDER: CREATED - Bestellung erfasst;F6;Bier 0,5;#fbc02d;Alk;4,5;0;NULL;;2026-05-08 22:05:07;Kellner 8;WAHR;4,5;free;;
1759;1910;751;ORDER: CREATED - Bestellung erfasst;H9;Sommer spritzer 0,5;#fff176;Alk;4,5;0;NULL;;2026-05-08 22:05:12;Kellner 7;WAHR;4,5;voucher;;
1760;1912;752;ORDER: CREATED - Bestellung erfasst;B7;Pommes;#ffc000;Essen;3,5;0;NULL;;2026-05-08 22:05:24;Kellner 5;WAHR;3,5;cash;;142
1761;1911;752;ORDER: CREATED - Bestellung erfasst;B7;Schnitzelsemmerl;#f57f17;Essen;4,5;0;NULL;;2026-05-08 22:05:24;Kellner 5;WAHR;4,5;cash;;26
1762;1915;753;ORDER: CREATED - Bestellung erfasst;H10;Sommer spritzer 0,5;#fff176;Alk;4,5;0;NULL;;2026-05-08 22:06:42;Kellner 7;WAHR;4,5;cash;;
1763;1914;753;ORDER: CREATED - Bestellung erfasst;H10;Schnitzelsemmerl;#f57f17;Essen;4,5;0;NULL;;2026-05-08 22:06:42;Kellner 7;WAHR;4,5;cash;;64
1764;1913;753;ORDER: CREATED - Bestellung erfasst;H10;Schnitzelsemmerl;#f57f17;Essen;4,5;0;NULL;;2026-05-08 22:06:42;Kellner 7;WAHR;4,5;cash;;64
1765;1916;754;ORDER: CREATED - Bestellung erfasst;A3;Bier 0,5;#fbc02d;Alk;4,5;0;NULL;;2026-05-08 22:07:13;Kellner 1;WAHR;4,5;cash;;
1766;1917;755;ORDER: CREATED - Bestellung erfasst;E4;Bier 0,5;#fbc02d;Alk;4,5;0;NULL;;2026-05-08 22:07:38;Kellner 4;WAHR;4,5;cash;;
1767;1918;755;ORDER: CREATED - Bestellung erfasst;E4;Bier 0,5;#fbc02d;Alk;4,5;0;NULL;;2026-05-08 22:07:38;Kellner 4;WAHR;4,5;cash;;
1768;1919;756;ORDER: CREATED - Bestellung erfasst;C5;Bier 0,5;#fbc02d;Alk;4,5;0;NULL;;2026-05-08 22:07:40;Kellner 5;WAHR;4,5;voucher;;
1769;1920;757;ORDER: CREATED - Bestellung erfasst;I5;Sommer spritzer 0,5;#fff176;Alk;4,5;0;NULL;;2026-05-08 22:07:50;Kellner 9;WAHR;4,5;cash;;
1770;1921;758;ORDER: CREATED - Bestellung erfasst;F7;Bier 0,5;#fbc02d;Alk;4,5;0;NULL;;2026-05-08 22:08:45;Kellner 7;WAHR;4,5;voucher;;
1771;1922;759;ORDER: CREATED - Bestellung erfasst;I1;Sommer spritzer 0,5;#fff176;Alk;4,5;0;NULL;;2026-05-08 22:08:53;Kellner 4;WAHR;4,5;cash;;
1772;1923;760;ORDER: CREATED - Bestellung erfasst;I1;Bier 0,5;#fbc02d;Alk;4,5;0;NULL;;2026-05-08 22:09:15;Kellner 4;WAHR;4,5;cash;;
1773;1924;761;ORDER: CREATED - Bestellung erfasst;B6;Schnitzelsemmerl;#f57f17;Essen;4,5;0;NULL;;2026-05-08 22:09:21;Kellner 5;WAHR;4,5;cash;;6
1774;1925;762;ORDER: CREATED - Bestellung erfasst;E9;Bier 0,5;#fbc02d;Alk;4,5;0;NULL;;2026-05-08 22:09:31;Kellner 3;WAHR;4,5;cash;;
1775;1926;763;ORDER: CREATED - Bestellung erfasst;D10;Sommer spritzer 0,5;#fff176;Alk;4,5;0;NULL;;2026-05-08 22:09:36;Kellner 1;WAHR;4,5;cash;;
1776;1927;763;ORDER: CREATED - Bestellung erfasst;D10;Soda zitron 0,5;#4fc3f7;Anti;3;0;NULL;;2026-05-08 22:09:36;Kellner 1;WAHR;3;cash;;
1777;1928;764;ORDER: CREATED - Bestellung erfasst;F7;Sommer spritzer 0,5;#fff176;Alk;4,5;0;NULL;;2026-05-08 22:10:13;Kellner 7;WAHR;4,5;free;;
1778;1929;765;ORDER: CREATED - Bestellung erfasst;B8;Almdudler 0,33;#fbc02d;Anti;3;0;NULL;;2026-05-08 22:10:25;Kellner 3;WAHR;3;cash;;
1779;1930;766;ORDER: CREATED - Bestellung erfasst;B6;Schnitzelsemmerl;#f57f17;Essen;4,5;0;NULL;;2026-05-08 22:11:24;Kellner 11;WAHR;4,5;cash;;26
1780;1936;767;ORDER: CREATED - Bestellung erfasst;G9;Schnitzelsemmerl;#f57f17;Essen;4,5;0;NULL;;2026-05-08 22:14:39;Kellner 8;WAHR;4,5;cash;;10
1781;1931;767;ORDER: CREATED - Bestellung erfasst;G9;Sommer spritzer 0,5;#fff176;Alk;4,5;0;NULL;;2026-05-08 22:14:39;Kellner 8;WAHR;4,5;cash;;
1782;1932;767;ORDER: CREATED - Bestellung erfasst;G9;Bier 0,5;#fbc02d;Alk;4,5;0;NULL;;2026-05-08 22:14:39;Kellner 8;WAHR;4,5;cash;;
1783;1933;767;ORDER: CREATED - Bestellung erfasst;G9;Bier 0,5;#fbc02d;Alk;4,5;0;NULL;;2026-05-08 22:14:39;Kellner 8;WAHR;4,5;cash;;
1784;1934;767;ORDER: CREATED - Bestellung erfasst;G9;Bier 0,5;#fbc02d;Alk;4,5;0;NULL;;2026-05-08 22:14:39;Kellner 8;WAHR;4,5;cash;;
1785;1935;767;ORDER: CREATED - Bestellung erfasst;G9;Bier 0,5;#fbc02d;Alk;4,5;0;NULL;;2026-05-08 22:14:39;Kellner 8;WAHR;4,5;cash;;
1786;1937;768;ORDER: CREATED - Bestellung erfasst;I1;Bier 0,5;#fbc02d;Alk;4,5;0;NULL;;2026-05-08 22:15:18;Kellner 4;WAHR;4,5;cash;;
1787;1938;769;ORDER: CREATED - Bestellung erfasst;G7;Sommer spritzer 0,5;#fff176;Alk;4,5;0;NULL;;2026-05-08 22:15:25;Kellner 7;WAHR;4,5;cash;;
1788;1939;770;ORDER: CREATED - Bestellung erfasst;C10;Bier 0,5;#fbc02d;Alk;4,5;0;NULL;;2026-05-08 22:15:38;Kellner 5;WAHR;4,5;free;;
1789;1940;771;ORDER: CREATED - Bestellung erfasst;E9;Bier 0,5;#fbc02d;Alk;4,5;0;NULL;;2026-05-08 22:16:00;Kellner 9;WAHR;4,5;cash;;
1790;1943;772;ORDER: CREATED - Bestellung erfasst;F1;Bier 0,5;#fbc02d;Alk;4,5;0;NULL;;2026-05-08 22:16:07;Kellner 4;WAHR;4,5;cash;;
1791;1941;772;ORDER: CREATED - Bestellung erfasst;F1;Bier 0,5;#fbc02d;Alk;4,5;0;NULL;;2026-05-08 22:16:07;Kellner 4;WAHR;4,5;cash;;
1792;1944;772;ORDER: CREATED - Bestellung erfasst;F1;Bier 0,5;#fbc02d;Alk;4,5;0;NULL;;2026-05-08 22:16:07;Kellner 4;WAHR;4,5;cash;;
1793;1942;772;ORDER: CREATED - Bestellung erfasst;F1;Bier 0,5;#fbc02d;Alk;4,5;0;NULL;;2026-05-08 22:16:07;Kellner 4;WAHR;4,5;cash;;
1794;1945;773;ORDER: CREATED - Bestellung erfasst;B5;Bier 0,5;#fbc02d;Alk;4,5;0;NULL;;2026-05-08 22:16:18;Kellner 3;WAHR;4,5;cash;;
1795;1946;774;ORDER: CREATED - Bestellung erfasst;E9;Sommer spritzer 0,5;#fff176;Alk;4,5;0;NULL;;2026-05-08 22:16:29;Kellner 9;WAHR;4,5;cash;;
1796;1947;774;ORDER: CREATED - Bestellung erfasst;E9;Bier 0,5;#fbc02d;Alk;4,5;0;NULL;;2026-05-08 22:16:29;Kellner 9;WAHR;4,5;cash;;
1797;1948;775;ORDER: CREATED - Bestellung erfasst;G7;Schnitzelsemmerl;#f57f17;Essen;4,5;0;NULL;;2026-05-08 22:16:45;Kellner 7;WAHR;4,5;voucher;;52
1798;1949;776;ORDER: CREATED - Bestellung erfasst;E8;Cola 0,33;#004d40;Anti;3;0;NULL;;2026-05-08 22:17:49;Kellner 9;WAHR;3;cash;;
1799;1950;777;ORDER: CREATED - Bestellung erfasst;D3;Sommer spritzer 0,5;#fff176;Alk;4,5;0;NULL;;2026-05-08 22:17:59;Kellner 10;WAHR;4,5;cash;;
1800;1951;778;ORDER: CREATED - Bestellung erfasst;E2;Bier 0,5;#fbc02d;Alk;4,5;0;NULL;;2026-05-08 22:18:12;Kellner 3;WAHR;4,5;cash;;
1801;1952;778;ORDER: CREATED - Bestellung erfasst;E2;Bier 0,5;#fbc02d;Alk;4,5;0;NULL;;2026-05-08 22:18:12;Kellner 3;WAHR;4,5;cash;;
1802;1953;779;ORDER: CREATED - Bestellung erfasst;B5;Bier 0,5;#fbc02d;Alk;4,5;0;NULL;;2026-05-08 22:18:18;Kellner 2;WAHR;4,5;voucher;;
1803;1954;779;ORDER: CREATED - Bestellung erfasst;B5;Soda zitron 0,5;#4fc3f7;Anti;3;0;NULL;;2026-05-08 22:18:18;Kellner 2;WAHR;3;voucher;;
1804;1956;780;ORDER: CREATED - Bestellung erfasst;E1;Sommer spritzer 0,5;#fff176;Alk;4,5;0;NULL;;2026-05-08 22:19:16;Kellner 3;WAHR;4,5;cash;;
1805;1955;780;ORDER: CREATED - Bestellung erfasst;E1;Sommer spritzer 0,5;#fff176;Alk;4,5;0;NULL;;2026-05-08 22:19:16;Kellner 3;WAHR;4,5;cash;;
1806;1957;781;ORDER: CREATED - Bestellung erfasst;D3;Sommer spritzer 0,5;#fff176;Alk;4,5;0;NULL;;2026-05-08 22:21:47;Kellner 4;WAHR;4,5;cash;;
1807;1961;782;ORDER: CREATED - Bestellung erfasst;C5;Bier 0,5;#fbc02d;Alk;4,5;0;NULL;;2026-05-08 22:22:48;Kellner 2;WAHR;4,5;cash;;
1808;1959;782;ORDER: CREATED - Bestellung erfasst;C5;Bier 0,5;#fbc02d;Alk;4,5;0;NULL;;2026-05-08 22:22:48;Kellner 2;WAHR;4,5;cash;;
1809;1958;782;ORDER: CREATED - Bestellung erfasst;C5;Schnitzelsemmerl;#f57f17;Essen;4,5;0;NULL;;2026-05-08 22:22:48;Kellner 2;WAHR;4,5;cash;;394
1810;1960;782;ORDER: CREATED - Bestellung erfasst;C5;Bier 0,5;#fbc02d;Alk;4,5;0;NULL;;2026-05-08 22:22:48;Kellner 2;WAHR;4,5;cash;;
1811;1962;783;ORDER: CREATED - Bestellung erfasst;F3;Bier 0,5;#fbc02d;Alk;4,5;0;NULL;;2026-05-08 22:23:20;Kellner 9;WAHR;4,5;cash;;
1812;1963;784;ORDER: CREATED - Bestellung erfasst;G7;Sommer spritzer 0,5;#fff176;Alk;4,5;0;NULL;;2026-05-08 22:23:55;Kellner 7;WAHR;4,5;cash;;
1813;1964;785;ORDER: CREATED - Bestellung erfasst;B9;Bier 0,5;#fbc02d;Alk;4,5;0;NULL;;2026-05-08 22:24:33;Kellner 6;WAHR;4,5;cash;;
1814;1966;786;ORDER: CREATED - Bestellung erfasst;C10;Sommer spritzer 0,5;#fff176;Alk;4,5;0;NULL;;2026-05-08 22:27:43;Kellner 10;WAHR;4,5;cash;;
1815;1965;786;ORDER: CREATED - Bestellung erfasst;C10;Sommer spritzer 0,5;#fff176;Alk;4,5;0;NULL;;2026-05-08 22:27:43;Kellner 10;WAHR;4,5;cash;;
1816;1967;787;ORDER: CREATED - Bestellung erfasst;C10;Sommer spritzer 0,5;#fff176;Alk;4,5;0;NULL;;2026-05-08 22:28:56;Kellner 3;WAHR;4,5;cash;;
1817;1969;788;ORDER: CREATED - Bestellung erfasst;B10;Bier 0,5;#fbc02d;Alk;4,5;0;NULL;;2026-05-08 22:29:47;Kellner 9;WAHR;4,5;cash;;
1818;1968;788;ORDER: CREATED - Bestellung erfasst;B10;Bier 0,5;#fbc02d;Alk;4,5;0;NULL;;2026-05-08 22:29:47;Kellner 9;WAHR;4,5;cash;;
1819;1970;789;ORDER: CREATED - Bestellung erfasst;D10;Bier 0,5;#fbc02d;Alk;4,5;0;NULL;;2026-05-08 22:30:41;Kellner 10;WAHR;4,5;cash;;
1820;1971;789;ORDER: CREATED - Bestellung erfasst;D10;Sommer spritzer 0,5;#fff176;Alk;4,5;0;NULL;;2026-05-08 22:30:41;Kellner 10;WAHR;4,5;cash;;
1821;1972;789;ORDER: CREATED - Bestellung erfasst;D10;Sommer spritzer 0,5;#fff176;Alk;4,5;0;NULL;;2026-05-08 22:30:41;Kellner 10;WAHR;4,5;cash;;
1822;1974;790;ORDER: CREATED - Bestellung erfasst;E10;Radler 0,5;#afb42b;Alk;4,5;0;NULL;;2026-05-08 22:32:06;Kellner 10;WAHR;4,5;cash;;
1823;1975;790;ORDER: CREATED - Bestellung erfasst;E10;Cola 0,33;#004d40;Anti;3;0;NULL;;2026-05-08 22:32:06;Kellner 10;WAHR;3;cash;;
1824;1973;790;ORDER: CREATED - Bestellung erfasst;E10;Almdudler 0,33;#fbc02d;Anti;3;0;NULL;;2026-05-08 22:32:06;Kellner 10;WAHR;3;cash;;
1825;1976;791;ORDER: CREATED - Bestellung erfasst;I6;Sommer spritzer 0,5;#fff176;Alk;4,5;0;NULL;;2026-05-08 22:32:28;Kellner 7;WAHR;4,5;cash;;
1826;1977;791;ORDER: CREATED - Bestellung erfasst;I6;Soda zitron 0,5;#4fc3f7;Anti;3;0;NULL;;2026-05-08 22:32:28;Kellner 7;WAHR;3;cash;;
1827;1978;792;ORDER: CREATED - Bestellung erfasst;B10;Cola 0,33;#004d40;Anti;3;0;NULL;;2026-05-08 22:32:44;Kellner 9;WAHR;3;cash;;
1828;1979;793;ORDER: CREATED - Bestellung erfasst;E10;Bier 0,5;#fbc02d;Alk;4,5;0;NULL;;2026-05-08 22:32:48;Kellner 10;WAHR;4,5;cash;;
1829;1980;794;ORDER: CREATED - Bestellung erfasst;E9;Bier 0,5;#fbc02d;Alk;4,5;0;NULL;;2026-05-08 22:36:27;Kellner 2;WAHR;4,5;cash;;
1830;1981;795;ORDER: CREATED - Bestellung erfasst;B10;Schnitzelsemmerl;#f57f17;Essen;4,5;0;NULL;;2026-05-08 22:36:28;Kellner 9;WAHR;4,5;cash;;193
1831;1982;796;ORDER: CREATED - Bestellung erfasst;I6;Sommer spritzer 0,5;#fff176;Alk;4,5;0;NULL;;2026-05-08 22:36:29;Kellner 7;WAHR;4,5;cash;;
1832;1983;797;ORDER: CREATED - Bestellung erfasst;B9;Bier 0,5;#fbc02d;Alk;4,5;0;NULL;;2026-05-08 22:36:54;Kellner 6;WAHR;4,5;cash;;
1833;1984;797;ORDER: CREATED - Bestellung erfasst;B9;Sommer spritzer 0,5;#fff176;Alk;4,5;0;NULL;;2026-05-08 22:36:54;Kellner 6;WAHR;4,5;cash;;
1834;1985;798;ORDER: CREATED - Bestellung erfasst;C9;Mineral 0,33;#b3e5fc;Anti;2,5;0;NULL;;2026-05-08 22:37:53;Kellner 6;WAHR;2,5;cash;;
1835;1986;798;ORDER: CREATED - Bestellung erfasst;C9;Bier 0,5;#fbc02d;Alk;4,5;0;NULL;;2026-05-08 22:37:53;Kellner 6;WAHR;4,5;cash;;
1836;1987;799;ORDER: CREATED - Bestellung erfasst;B5;Sommer spritzer 0,5;#fff176;Alk;4,5;0;NULL;;2026-05-08 22:38:35;Kellner 11;WAHR;4,5;cash;;
1837;1988;800;ORDER: CREATED - Bestellung erfasst;B7;Mineral 0,33;#b3e5fc;Anti;2,5;0;NULL;;2026-05-08 22:39:35;Kellner 6;WAHR;2,5;cash;;
1838;1989;801;ORDER: CREATED - Bestellung erfasst;I6;Bier 0,5;#fbc02d;Alk;4,5;0;NULL;;2026-05-08 22:40:07;Kellner 3;WAHR;4,5;cash;;
1839;1992;802;ORDER: CREATED - Bestellung erfasst;F2;Bier 0,5;#fbc02d;Alk;4,5;0;NULL;;2026-05-08 22:41:28;Kellner 3;WAHR;4,5;cash;;
1840;1990;802;ORDER: CREATED - Bestellung erfasst;F2;Bier 0,5;#fbc02d;Alk;4,5;0;NULL;;2026-05-08 22:41:28;Kellner 3;WAHR;4,5;cash;;
1841;1991;802;ORDER: CREATED - Bestellung erfasst;F2;Bier 0,5;#fbc02d;Alk;4,5;0;NULL;;2026-05-08 22:41:28;Kellner 3;WAHR;4,5;cash;;
1842;1995;803;ORDER: CREATED - Bestellung erfasst;E6;Bier 0,5;#fbc02d;Alk;4,5;0;NULL;;2026-05-08 22:42:04;Kellner 6;WAHR;4,5;cash;;
1843;1994;803;ORDER: CREATED - Bestellung erfasst;E6;Bier 0,5;#fbc02d;Alk;4,5;0;NULL;;2026-05-08 22:42:04;Kellner 6;WAHR;4,5;cash;;
1844;1993;803;ORDER: CREATED - Bestellung erfasst;E6;Bier 0,5;#fbc02d;Alk;4,5;0;NULL;;2026-05-08 22:42:04;Kellner 6;WAHR;4,5;cash;;
1845;1996;804;ORDER: CREATED - Bestellung erfasst;C10;Bier 0,5;#fbc02d;Alk;4,5;0;NULL;;2026-05-08 22:43:20;Kellner 7;WAHR;4,5;free;;
1846;1998;805;ORDER: CREATED - Bestellung erfasst;E10;Soda zitron 0,5;#4fc3f7;Anti;3;0;NULL;;2026-05-08 22:43:32;Kellner 9;WAHR;3;cash;;
1847;1997;805;ORDER: CREATED - Bestellung erfasst;E10;Cola 0,33;#004d40;Anti;3;0;NULL;;2026-05-08 22:43:32;Kellner 9;WAHR;3;cash;;
1848;1999;805;ORDER: CREATED - Bestellung erfasst;E10;Cola 0,33;#004d40;Anti;3;0;NULL;;2026-05-08 22:43:32;Kellner 9;WAHR;3;cash;;
1849;2000;805;ORDER: CREATED - Bestellung erfasst;E10;Bier 0,5;#fbc02d;Alk;4,5;0;NULL;;2026-05-08 22:43:32;Kellner 9;WAHR;4,5;cash;;
1850;2001;806;ORDER: CREATED - Bestellung erfasst;B6;Cola 0,33;#004d40;Anti;3;0;NULL;;2026-05-08 22:45:24;Kellner 3;WAHR;3;cash;;
1851;2002;807;ORDER: CREATED - Bestellung erfasst;G9;Sommer spritzer 0,5;#fff176;Alk;4,5;0;NULL;;2026-05-08 22:45:30;Kellner 9;WAHR;4,5;cash;;
1852;2003;808;ORDER: CREATED - Bestellung erfasst;B9;Mineral 0,33;#b3e5fc;Anti;2,5;0;NULL;;2026-05-08 22:49:04;Kellner 9;WAHR;2,5;cash;;
1853;2004;809;ORDER: CREATED - Bestellung erfasst;B9;Bier 0,5;#fbc02d;Alk;4,5;0;NULL;;2026-05-08 22:49:37;Kellner 9;WAHR;4,5;voucher;;
1854;2006;809;ORDER: CREATED - Bestellung erfasst;B9;Sommer spritzer 0,5;#fff176;Alk;4,5;0;NULL;;2026-05-08 22:49:37;Kellner 9;WAHR;4,5;voucher;;
1855;2005;809;ORDER: CREATED - Bestellung erfasst;B9;Bier 0,5;#fbc02d;Alk;4,5;0;NULL;;2026-05-08 22:49:37;Kellner 9;WAHR;4,5;voucher;;
1856;2007;810;ORDER: CREATED - Bestellung erfasst;F4;Sommer spritzer 0,5;#fff176;Alk;4,5;0;NULL;;2026-05-08 22:50:20;Kellner 3;WAHR;4,5;cash;;
1857;2008;811;ORDER: CREATED - Bestellung erfasst;C9;Bier 0,5;#fbc02d;Alk;4,5;0;NULL;;2026-05-08 22:50:53;Kellner 10;WAHR;4,5;cash;;
1858;2009;812;ORDER: CREATED - Bestellung erfasst;F7;Soda zitron 0,5;#4fc3f7;Anti;3;0;NULL;;2026-05-08 22:51:25;Kellner 3;WAHR;3;cash;;
1859;2010;813;ORDER: CREATED - Bestellung erfasst;A1;Bier 0,5;#fbc02d;Alk;4,5;0;NULL;;2026-05-08 22:56:54;Abholstation;WAHR;4,5;cash;;
1860;2011;814;ORDER: CREATED - Bestellung erfasst;B8;Bier 0,5;#fbc02d;Alk;4,5;0;NULL;;2026-05-08 22:57:03;Kellner 7;WAHR;4,5;cash;;
1861;2012;815;ORDER: CREATED - Bestellung erfasst;F2;Sommer spritzer 0,5;#fff176;Alk;4,5;0;NULL;;2026-05-08 22:58:00;Kellner 5;WAHR;4,5;cash;;
1862;2013;816;ORDER: CREATED - Bestellung erfasst;F8;Bier 0,5;#fbc02d;Alk;4,5;0;NULL;;2026-05-08 23:01:03;Kellner 5;WAHR;4,5;cash;;
1863;2015;817;ORDER: CREATED - Bestellung erfasst;D10;Sommer spritzer 0,5;#fff176;Alk;4,5;0;NULL;;2026-05-08 23:04:14;Kellner 3;WAHR;4,5;cash;;
1864;2014;817;ORDER: CREATED - Bestellung erfasst;D10;Bier 0,5;#fbc02d;Alk;4,5;0;NULL;;2026-05-08 23:04:14;Kellner 3;WAHR;4,5;cash;;
1865;2016;818;ORDER: CREATED - Bestellung erfasst;D2;Bier 0,5;#fbc02d;Alk;4,5;0;NULL;;2026-05-08 23:08:00;Kellner 2;WAHR;4,5;cash;;
1866;2017;818;ORDER: CREATED - Bestellung erfasst;D2;Soda zitron 0,5;#4fc3f7;Anti;3;0;NULL;;2026-05-08 23:08:00;Kellner 2;WAHR;3;cash;;
1867;2018;819;ORDER: CREATED - Bestellung erfasst;I5;Bier 0,5;#fbc02d;Alk;4,5;0;NULL;;2026-05-08 23:09:07;Kellner 3;WAHR;4,5;cash;;
1868;2019;820;ORDER: CREATED - Bestellung erfasst;B9;Sommer spritzer 0,5;#fff176;Alk;4,5;0;NULL;;2026-05-08 23:09:31;Kellner 5;WAHR;4,5;cash;;
1869;2021;820;ORDER: CREATED - Bestellung erfasst;B9;Sommer spritzer 0,5;#fff176;Alk;4,5;0;NULL;;2026-05-08 23:09:31;Kellner 5;WAHR;4,5;cash;;
1870;2020;820;ORDER: CREATED - Bestellung erfasst;B9;Sommer spritzer 0,5;#fff176;Alk;4,5;0;NULL;;2026-05-08 23:09:31;Kellner 5;WAHR;4,5;cash;;
1871;2025;821;ORDER: CREATED - Bestellung erfasst;F3;Cola 0,33;#004d40;Anti;3;0;NULL;;2026-05-08 23:11:19;Kellner 3;WAHR;3;cash;;
1872;2022;821;ORDER: CREATED - Bestellung erfasst;F3;Bier 0,5;#fbc02d;Alk;4,5;0;NULL;;2026-05-08 23:11:19;Kellner 3;WAHR;4,5;cash;;
1873;2023;821;ORDER: CREATED - Bestellung erfasst;F3;Bier 0,5;#fbc02d;Alk;4,5;0;NULL;;2026-05-08 23:11:19;Kellner 3;WAHR;4,5;cash;;
1874;2024;821;ORDER: CREATED - Bestellung erfasst;F3;Bier 0,5;#fbc02d;Alk;4,5;0;NULL;;2026-05-08 23:11:19;Kellner 3;WAHR;4,5;cash;;
1875;2026;822;ORDER: CREATED - Bestellung erfasst;B8;Sommer spritzer 0,5;#fff176;Alk;4,5;0;NULL;;2026-05-08 23:12:44;Kellner 5;WAHR;4,5;cash;;
1876;2027;823;ORDER: CREATED - Bestellung erfasst;B8;Sommer spritzer 0,5;#fff176;Alk;4,5;0;NULL;;2026-05-08 23:13:14;Kellner 6;WAHR;4,5;cash;;
1877;2028;823;ORDER: CREATED - Bestellung erfasst;B8;Sommer spritzer 0,5;#fff176;Alk;4,5;0;NULL;;2026-05-08 23:13:14;Kellner 6;WAHR;4,5;cash;;
1878;2029;824;ORDER: CREATED - Bestellung erfasst;C10;Sommer spritzer 0,5;#fff176;Alk;4,5;0;NULL;;2026-05-08 23:14:47;Kellner 7;WAHR;4,5;cash;;
1879;2030;825;ORDER: CREATED - Bestellung erfasst;E4;Mineral 0,33;#b3e5fc;Anti;2,5;0;NULL;;2026-05-08 23:15:08;Kellner 3;WAHR;2,5;cash;;
1880;2031;826;ORDER: CREATED - Bestellung erfasst;F3;Bier 0,5;#fbc02d;Alk;4,5;0;NULL;;2026-05-08 23:16:10;Kellner 3;WAHR;4,5;cash;;
1881;2032;826;ORDER: CREATED - Bestellung erfasst;F3;Soda zitron 0,5;#4fc3f7;Anti;3;0;NULL;;2026-05-08 23:16:10;Kellner 3;WAHR;3;cash;;
1882;2033;827;ORDER: CREATED - Bestellung erfasst;B9;Sommer spritzer 0,5;#fff176;Alk;4,5;0;NULL;;2026-05-08 23:17:20;Kellner 2;WAHR;4,5;cash;;
1883;2034;828;ORDER: CREATED - Bestellung erfasst;E9;Bier 0,5;#fbc02d;Alk;4,5;0;NULL;;2026-05-08 23:17:58;Kellner 3;WAHR;4,5;cash;;
1884;2035;829;ORDER: CREATED - Bestellung erfasst;C10;Bier 0,5;#fbc02d;Alk;4,5;0;NULL;;2026-05-08 23:18:41;Kellner 7;WAHR;4,5;cash;;
1885;2036;829;ORDER: CREATED - Bestellung erfasst;C10;Bier 0,5;#fbc02d;Alk;4,5;0;NULL;;2026-05-08 23:18:41;Kellner 7;WAHR;4,5;cash;;
1886;2037;830;ORDER: CREATED - Bestellung erfasst;B8;Cola 0,33;#004d40;Anti;3;0;NULL;;2026-05-08 23:20:19;Kellner 5;WAHR;3;cash;;
1887;2038;830;ORDER: CREATED - Bestellung erfasst;B8;Limo Zitrone 0,33;#ffeb3b;Anti;3;0;NULL;;2026-05-08 23:20:19;Kellner 5;WAHR;3;cash;;
1888;2039;831;ORDER: CREATED - Bestellung erfasst;B8;Sommer spritzer 0,5;#fff176;Alk;4,5;0;NULL;;2026-05-08 23:26:11;Kellner 5;WAHR;4,5;voucher;;
1889;2040;832;ORDER: CREATED - Bestellung erfasst;B8;Bier 0,5;#fbc02d;Alk;4,5;0;NULL;;2026-05-08 23:29:14;Kellner 5;WAHR;4,5;cash;;
1890;2041;833;ORDER: CREATED - Bestellung erfasst;B8;Sommer spritzer 0,5;#fff176;Alk;4,5;0;NULL;;2026-05-08 23:30:54;Kellner 5;WAHR;4,5;cash;;
1891;2042;834;ORDER: CREATED - Bestellung erfasst;G10;Sommer spritzer 0,5;#fff176;Alk;4,5;0;NULL;;2026-05-08 23:31:04;Kellner 2;WAHR;4,5;cash;;
1892;2044;835;ORDER: CREATED - Bestellung erfasst;B8;Bier 0,5;#fbc02d;Alk;4,5;0;NULL;;2026-05-08 23:32:31;Kellner 6;WAHR;4,5;cash;;
1893;2043;835;ORDER: CREATED - Bestellung erfasst;B8;Bier 0,5;#fbc02d;Alk;4,5;0;NULL;;2026-05-08 23:32:31;Kellner 6;WAHR;4,5;cash;;
1894;2046;836;ORDER: CREATED - Bestellung erfasst;B8;Bier 0,5;#fbc02d;Alk;4,5;0;NULL;;2026-05-08 23:35:40;Kellner 6;WAHR;4,5;cash;;
1895;2045;836;ORDER: CREATED - Bestellung erfasst;B8;Bier 0,5;#fbc02d;Alk;4,5;0;NULL;;2026-05-08 23:35:40;Kellner 6;WAHR;4,5;cash;;
1896;2047;837;ORDER: CREATED - Bestellung erfasst;B8;Bier 0,5;#fbc02d;Alk;4,5;0;NULL;;2026-05-08 23:36:05;Kellner 6;WAHR;4,5;cash;;
1897;2048;838;ORDER: CREATED - Bestellung erfasst;B8;Bier 0,5;#fbc02d;Alk;4,5;0;NULL;;2026-05-08 23:41:01;Kellner 5;WAHR;4,5;cash;;
1898;2049;839;ORDER: CREATED - Bestellung erfasst;B9;Sommer spritzer 0,5;#fff176;Alk;4,5;0;NULL;;2026-05-08 23:44:22;Kellner 5;WAHR;4,5;free;;
1899;2050;840;ORDER: CREATED - Bestellung erfasst;B8;Sommer spritzer 0,5;#fff176;Alk;4,5;0;NULL;;2026-05-08 23:46:04;Kellner 6;WAHR;4,5;cash;;
1900;2051;841;ORDER: CREATED - Bestellung erfasst;B10;Sommer spritzer 0,5;#fff176;Alk;4,5;0;NULL;;2026-05-08 23:47:32;Kellner 9;WAHR;4,5;cash;;
1901;2052;842;ORDER: CREATED - Bestellung erfasst;B10;Kaffee;#bf360c;Anti;3;0;NULL;;2026-05-08 23:48:59;Kellner 9;WAHR;3;cash;;
1902;2054;843;ORDER: CREATED - Bestellung erfasst;I6;Sommer spritzer 0,5;#fff176;Alk;4,5;0;NULL;;2026-05-08 23:50:27;Kellner 5;WAHR;4,5;cash;;
1903;2055;843;ORDER: CREATED - Bestellung erfasst;I6;Sommer spritzer 0,5;#fff176;Alk;4,5;0;NULL;;2026-05-08 23:50:27;Kellner 5;WAHR;4,5;cash;;
1904;2053;843;ORDER: CREATED - Bestellung erfasst;I6;Sommer spritzer 0,5;#fff176;Alk;4,5;0;NULL;;2026-05-08 23:50:27;Kellner 5;WAHR;4,5;cash;;
1905;2057;843;ORDER: CREATED - Bestellung erfasst;I6;Sommer spritzer 0,5;#fff176;Alk;4,5;0;NULL;;2026-05-08 23:50:27;Kellner 5;WAHR;4,5;cash;;
1906;2056;843;ORDER: CREATED - Bestellung erfasst;I6;Bier 0,5;#fbc02d;Alk;4,5;0;NULL;;2026-05-08 23:50:27;Kellner 5;WAHR;4,5;cash;;
1907;2058;844;ORDER: CREATED - Bestellung erfasst;A1;Mineral 0,33;#b3e5fc;Anti;2,5;0;NULL;;2026-05-08 23:59:20;Kellner 2;WAHR;2,5;cash;;
1908;2059;845;ORDER: CREATED - Bestellung erfasst;F3;Sommer spritzer 0,5;#fff176;Alk;4,5;0;NULL;;2026-05-09 00:00:55;Kellner 5;WAHR;4,5;cash;;
1909;2060;846;ORDER: CREATED - Bestellung erfasst;F4;Sommer spritzer 0,5;#fff176;Alk;4,5;0;NULL;;2026-05-09 00:01:19;Kellner 5;WAHR;4,5;cash;;
1910;2061;847;ORDER: CREATED - Bestellung erfasst;B8;Sommer spritzer 0,5;#fff176;Alk;4,5;0;NULL;;2026-05-09 00:09:33;Kellner 6;WAHR;4,5;cash;;
1911;2063;848;ORDER: CREATED - Bestellung erfasst;B8;Bier 0,5;#fbc02d;Alk;4,5;0;NULL;;2026-05-09 00:31:19;Kellner 5;WAHR;4,5;cash;;
1912;2062;848;ORDER: CREATED - Bestellung erfasst;B8;Sommer spritzer 0,5;#fff176;Alk;4,5;0;NULL;;2026-05-09 00:31:19;Kellner 5;WAHR;4,5;cash;;
1913;2064;849;ORDER: CREATED - Bestellung erfasst;B8;Sommer spritzer 0,5;#fff176;Alk;4,5;0;NULL;;2026-05-09 00:37:33;Kellner 5;WAHR;4,5;cash;;
1914;2065;849;ORDER: CREATED - Bestellung erfasst;B8;Sommer spritzer 0,5;#fff176;Alk;4,5;0;NULL;;2026-05-09 00:37:33;Kellner 5;WAHR;4,5;cash;;
1915;2071;850;ORDER: CREATED - Bestellung erfasst;A1;Almdudler 0,33;#fbc02d;Anti;3;0;NULL;;2026-05-09 00:40:42;Kellner 5;FALSCH;0;;;
1916;2066;850;ORDER: CREATED - Bestellung erfasst;A1;Bier 0,5;#fbc02d;Alk;4,5;0;NULL;;2026-05-09 00:40:42;Kellner 5;FALSCH;0;;;
1917;2067;850;ORDER: CREATED - Bestellung erfasst;A1;Bier 0,5;#fbc02d;Alk;4,5;0;NULL;;2026-05-09 00:40:42;Kellner 5;FALSCH;0;;;
1918;2068;850;ORDER: CREATED - Bestellung erfasst;A1;Bier 0,5;#fbc02d;Alk;4,5;0;NULL;;2026-05-09 00:40:42;Kellner 5;FALSCH;0;;;
1919;2069;850;ORDER: CREATED - Bestellung erfasst;A1;Almdudler 0,33;#fbc02d;Anti;3;0;NULL;;2026-05-09 00:40:42;Kellner 5;FALSCH;0;;;
1920;2070;850;ORDER: CREATED - Bestellung erfasst;A1;Almdudler 0,33;#fbc02d;Anti;3;0;NULL;;2026-05-09 00:40:42;Kellner 5;FALSCH;0;;;
1921;2073;851;ORDER: CREATED - Bestellung erfasst;B1;Bier 0,5;#fbc02d;Alk;4,5;0;NULL;;2026-05-09 00:41:16;Kellner 5;FALSCH;0;;;
1922;2074;851;ORDER: CREATED - Bestellung erfasst;B1;Bier 0,5;#fbc02d;Alk;4,5;0;NULL;;2026-05-09 00:41:16;Kellner 5;FALSCH;0;;;
1923;2072;851;ORDER: CREATED - Bestellung erfasst;B1;Bier 0,5;#fbc02d;Alk;4,5;0;NULL;;2026-05-09 00:41:16;Kellner 5;FALSCH;0;;;
1924;2075;852;ORDER: CREATED - Bestellung erfasst;A1;Bier 0,5;#fbc02d;Alk;4,5;0;NULL;;2026-05-09 00:43:56;Admin;WAHR;4,5;free;;
1925;2076;853;ORDER: CREATED - Bestellung erfasst;A1;Bier 0,5;#fbc02d;Alk;4,5;0;NULL;;2026-05-09 00:44:04;Admin;WAHR;4,5;free;;
